-- MySQL dump 10.13  Distrib 8.0.45, for Win64 (x86_64)
--
-- Host: localhost    Database: academic_forecast
-- ------------------------------------------------------
-- Server version	8.0.45

/*!40101 SET @OLD_CHARACTER_SET_CLIENT=@@CHARACTER_SET_CLIENT */;
/*!40101 SET @OLD_CHARACTER_SET_RESULTS=@@CHARACTER_SET_RESULTS */;
/*!40101 SET @OLD_COLLATION_CONNECTION=@@COLLATION_CONNECTION */;
/*!50503 SET NAMES utf8 */;
/*!40103 SET @OLD_TIME_ZONE=@@TIME_ZONE */;
/*!40103 SET TIME_ZONE='+00:00' */;
/*!40014 SET @OLD_UNIQUE_CHECKS=@@UNIQUE_CHECKS, UNIQUE_CHECKS=0 */;
/*!40014 SET @OLD_FOREIGN_KEY_CHECKS=@@FOREIGN_KEY_CHECKS, FOREIGN_KEY_CHECKS=0 */;
/*!40101 SET @OLD_SQL_MODE=@@SQL_MODE, SQL_MODE='NO_AUTO_VALUE_ON_ZERO' */;
/*!40111 SET @OLD_SQL_NOTES=@@SQL_NOTES, SQL_NOTES=0 */;

--
-- Table structure for table `assignments`
--

DROP TABLE IF EXISTS `assignments`;
/*!40101 SET @saved_cs_client     = @@character_set_client */;
/*!50503 SET character_set_client = utf8mb4 */;
CREATE TABLE `assignments` (
  `id` int NOT NULL AUTO_INCREMENT,
  `student_id` int NOT NULL,
  `assignment_title` varchar(100) DEFAULT NULL,
  `marks` int DEFAULT NULL,
  `submission_status` enum('On-time','Late','Not Submitted') DEFAULT NULL,
  `created_at` timestamp NULL DEFAULT CURRENT_TIMESTAMP,
  PRIMARY KEY (`id`),
  KEY `assignments_ibfk_1` (`student_id`),
  CONSTRAINT `assignments_ibfk_1` FOREIGN KEY (`student_id`) REFERENCES `users` (`id`) ON DELETE CASCADE
) ENGINE=InnoDB AUTO_INCREMENT=205 DEFAULT CHARSET=utf8mb4 COLLATE=utf8mb4_0900_ai_ci;
/*!40101 SET character_set_client = @saved_cs_client */;

--
-- Dumping data for table `assignments`
--

LOCK TABLES `assignments` WRITE;
/*!40000 ALTER TABLE `assignments` DISABLE KEYS */;
INSERT INTO `assignments` VALUES (1,3,'Quantum',0,'Not Submitted','2026-03-10 17:26:34'),(2,48,'Quantum',0,'Not Submitted','2026-03-10 17:26:34'),(3,49,'Quantum',0,'Not Submitted','2026-03-10 17:26:34'),(4,50,'Quantum',0,'Not Submitted','2026-03-10 17:26:34'),(5,51,'Quantum',0,'Not Submitted','2026-03-10 17:26:34'),(6,52,'Quantum',0,'Not Submitted','2026-03-10 17:26:34'),(7,53,'Quantum',0,'Not Submitted','2026-03-10 17:26:34'),(8,9,'Quantum',0,'Not Submitted','2026-03-10 17:26:34'),(9,54,'Quantum',0,'Not Submitted','2026-03-10 17:26:34'),(10,55,'Quantum',0,'Not Submitted','2026-03-10 17:26:34'),(11,56,'Quantum',0,'Not Submitted','2026-03-10 17:26:34'),(12,57,'Quantum',0,'Not Submitted','2026-03-10 17:26:34'),(13,58,'Quantum',0,'Not Submitted','2026-03-10 17:26:34'),(14,10,'Quantum',0,'Not Submitted','2026-03-10 17:26:34'),(15,11,'Quantum',0,'Not Submitted','2026-03-10 17:26:34'),(16,14,'Quantum',0,'Not Submitted','2026-03-10 17:26:34'),(17,13,'Quantum',0,'Not Submitted','2026-03-10 17:26:34'),(18,12,'Quantum',0,'Not Submitted','2026-03-10 17:26:34'),(19,15,'Quantum',0,'Not Submitted','2026-03-10 17:26:34'),(20,16,'Quantum',0,'Not Submitted','2026-03-10 17:26:34'),(21,17,'Quantum',0,'Not Submitted','2026-03-10 17:26:34'),(22,18,'Quantum',0,'Not Submitted','2026-03-10 17:26:34'),(23,21,'Quantum',0,'Not Submitted','2026-03-10 17:26:34'),(24,19,'Quantum',0,'Not Submitted','2026-03-10 17:26:34'),(25,20,'Quantum',0,'Not Submitted','2026-03-10 17:26:34'),(26,22,'Quantum',0,'Not Submitted','2026-03-10 17:26:34'),(27,23,'Quantum',0,'Not Submitted','2026-03-10 17:26:34'),(28,24,'Quantum',0,'Not Submitted','2026-03-10 17:26:34'),(29,25,'Quantum',0,'Not Submitted','2026-03-10 17:26:34'),(30,26,'Quantum',0,'Not Submitted','2026-03-10 17:26:34'),(31,27,'Quantum',0,'Not Submitted','2026-03-10 17:26:34'),(32,28,'Quantum',0,'Not Submitted','2026-03-10 17:26:34'),(33,29,'Quantum',0,'Not Submitted','2026-03-10 17:26:34'),(34,30,'Quantum',0,'Not Submitted','2026-03-10 17:26:34'),(35,31,'Quantum',0,'Not Submitted','2026-03-10 17:26:34'),(36,32,'Quantum',0,'Not Submitted','2026-03-10 17:26:34'),(37,33,'Quantum',0,'Not Submitted','2026-03-10 17:26:34'),(38,34,'Quantum',0,'Not Submitted','2026-03-10 17:26:34'),(39,35,'Quantum',0,'Not Submitted','2026-03-10 17:26:34'),(40,36,'Quantum',0,'Not Submitted','2026-03-10 17:26:34'),(41,37,'Quantum',0,'Not Submitted','2026-03-10 17:26:34'),(42,38,'Quantum',0,'Not Submitted','2026-03-10 17:26:34'),(43,39,'Quantum',0,'Not Submitted','2026-03-10 17:26:34'),(44,40,'Quantum',0,'Not Submitted','2026-03-10 17:26:34'),(45,41,'Quantum',0,'Not Submitted','2026-03-10 17:26:34'),(46,42,'Quantum',0,'Not Submitted','2026-03-10 17:26:34'),(47,43,'Quantum',0,'Not Submitted','2026-03-10 17:26:34'),(48,44,'Quantum',0,'Not Submitted','2026-03-10 17:26:34'),(49,45,'Quantum',0,'Not Submitted','2026-03-10 17:26:34'),(50,46,'Quantum',0,'Not Submitted','2026-03-10 17:26:34'),(51,47,'Quantum',0,'Not Submitted','2026-03-10 17:26:34'),(52,3,'xx',0,'Not Submitted','2026-03-10 17:31:18'),(53,32,'xx',0,'Not Submitted','2026-03-10 17:31:18'),(54,33,'xx',0,'Not Submitted','2026-03-10 17:31:18'),(55,34,'xx',0,'Not Submitted','2026-03-10 17:31:18'),(56,35,'xx',0,'Not Submitted','2026-03-10 17:31:18'),(57,36,'xx',0,'Not Submitted','2026-03-10 17:31:18'),(58,37,'xx',0,'Not Submitted','2026-03-10 17:31:18'),(59,38,'xx',0,'Not Submitted','2026-03-10 17:31:18'),(60,39,'xx',0,'Not Submitted','2026-03-10 17:31:18'),(61,40,'xx',0,'Not Submitted','2026-03-10 17:31:18'),(62,41,'xx',0,'Not Submitted','2026-03-10 17:31:18'),(63,42,'xx',0,'Not Submitted','2026-03-10 17:31:18'),(64,43,'xx',0,'Not Submitted','2026-03-10 17:31:18'),(65,44,'xx',0,'Not Submitted','2026-03-10 17:31:18'),(66,45,'xx',0,'Not Submitted','2026-03-10 17:31:18'),(67,46,'xx',0,'Not Submitted','2026-03-10 17:31:18'),(68,47,'xx',0,'Not Submitted','2026-03-10 17:31:18'),(69,48,'xx',0,'Not Submitted','2026-03-10 17:31:18'),(70,49,'xx',0,'Not Submitted','2026-03-10 17:31:18'),(71,50,'xx',0,'Not Submitted','2026-03-10 17:31:18'),(72,51,'xx',0,'Not Submitted','2026-03-10 17:31:18'),(73,52,'xx',0,'Not Submitted','2026-03-10 17:31:18'),(74,53,'xx',0,'Not Submitted','2026-03-10 17:31:18'),(75,54,'xx',0,'Not Submitted','2026-03-10 17:31:18'),(76,55,'xx',0,'Not Submitted','2026-03-10 17:31:18'),(77,56,'xx',0,'Not Submitted','2026-03-10 17:31:18'),(78,57,'xx',0,'Not Submitted','2026-03-10 17:31:18'),(79,58,'xx',0,'Not Submitted','2026-03-10 17:31:18'),(80,9,'xx',0,'Not Submitted','2026-03-10 17:31:18'),(81,10,'xx',0,'Not Submitted','2026-03-10 17:31:18'),(82,11,'xx',0,'Not Submitted','2026-03-10 17:31:18'),(83,12,'xx',0,'Not Submitted','2026-03-10 17:31:18'),(84,14,'xx',0,'Not Submitted','2026-03-10 17:31:18'),(85,13,'xx',0,'Not Submitted','2026-03-10 17:31:18'),(86,15,'xx',0,'Not Submitted','2026-03-10 17:31:18'),(87,16,'xx',0,'Not Submitted','2026-03-10 17:31:18'),(88,17,'xx',0,'Not Submitted','2026-03-10 17:31:18'),(89,18,'xx',0,'Not Submitted','2026-03-10 17:31:18'),(90,19,'xx',0,'Not Submitted','2026-03-10 17:31:18'),(91,20,'xx',0,'Not Submitted','2026-03-10 17:31:18'),(92,21,'xx',0,'Not Submitted','2026-03-10 17:31:18'),(93,22,'xx',0,'Not Submitted','2026-03-10 17:31:18'),(94,23,'xx',0,'Not Submitted','2026-03-10 17:31:18'),(95,24,'xx',0,'Not Submitted','2026-03-10 17:31:18'),(96,25,'xx',0,'Not Submitted','2026-03-10 17:31:18'),(97,26,'xx',0,'Not Submitted','2026-03-10 17:31:18'),(98,27,'xx',0,'Not Submitted','2026-03-10 17:31:18'),(99,28,'xx',0,'Not Submitted','2026-03-10 17:31:18'),(100,29,'xx',0,'Not Submitted','2026-03-10 17:31:18'),(101,30,'xx',0,'Not Submitted','2026-03-10 17:31:18'),(102,31,'xx',0,'Not Submitted','2026-03-10 17:31:18'),(103,3,'Digital Electronics',0,'Not Submitted','2026-03-11 09:03:26'),(104,42,'Digital Electronics',0,'Not Submitted','2026-03-11 09:03:26'),(105,43,'Digital Electronics',0,'Not Submitted','2026-03-11 09:03:26'),(106,44,'Digital Electronics',0,'Not Submitted','2026-03-11 09:03:26'),(107,45,'Digital Electronics',0,'Not Submitted','2026-03-11 09:03:26'),(108,46,'Digital Electronics',0,'Not Submitted','2026-03-11 09:03:26'),(109,47,'Digital Electronics',0,'Not Submitted','2026-03-11 09:03:26'),(110,48,'Digital Electronics',0,'Not Submitted','2026-03-11 09:03:26'),(111,49,'Digital Electronics',0,'Not Submitted','2026-03-11 09:03:26'),(112,9,'Digital Electronics',0,'Not Submitted','2026-03-11 09:03:26'),(113,50,'Digital Electronics',0,'Not Submitted','2026-03-11 09:03:26'),(114,51,'Digital Electronics',0,'Not Submitted','2026-03-11 09:03:26'),(115,52,'Digital Electronics',0,'Not Submitted','2026-03-11 09:03:26'),(116,53,'Digital Electronics',0,'Not Submitted','2026-03-11 09:03:26'),(117,54,'Digital Electronics',0,'Not Submitted','2026-03-11 09:03:26'),(118,55,'Digital Electronics',0,'Not Submitted','2026-03-11 09:03:26'),(119,56,'Digital Electronics',0,'Not Submitted','2026-03-11 09:03:26'),(120,57,'Digital Electronics',0,'Not Submitted','2026-03-11 09:03:26'),(121,58,'Digital Electronics',0,'Not Submitted','2026-03-11 09:03:26'),(122,10,'Digital Electronics',0,'Not Submitted','2026-03-11 09:03:26'),(123,11,'Digital Electronics',0,'Not Submitted','2026-03-11 09:03:26'),(124,12,'Digital Electronics',0,'Not Submitted','2026-03-11 09:03:27'),(125,13,'Digital Electronics',0,'Not Submitted','2026-03-11 09:03:27'),(126,14,'Digital Electronics',0,'Not Submitted','2026-03-11 09:03:27'),(127,15,'Digital Electronics',0,'Not Submitted','2026-03-11 09:03:27'),(128,16,'Digital Electronics',0,'Not Submitted','2026-03-11 09:03:27'),(129,17,'Digital Electronics',0,'Not Submitted','2026-03-11 09:03:27'),(130,18,'Digital Electronics',0,'Not Submitted','2026-03-11 09:03:27'),(131,19,'Digital Electronics',0,'Not Submitted','2026-03-11 09:03:27'),(132,20,'Digital Electronics',0,'Not Submitted','2026-03-11 09:03:27'),(133,21,'Digital Electronics',0,'Not Submitted','2026-03-11 09:03:27'),(134,22,'Digital Electronics',0,'Not Submitted','2026-03-11 09:03:27'),(135,23,'Digital Electronics',0,'Not Submitted','2026-03-11 09:03:27'),(136,24,'Digital Electronics',0,'Not Submitted','2026-03-11 09:03:27'),(137,25,'Digital Electronics',0,'Not Submitted','2026-03-11 09:03:27'),(138,26,'Digital Electronics',0,'Not Submitted','2026-03-11 09:03:27'),(139,27,'Digital Electronics',0,'Not Submitted','2026-03-11 09:03:27'),(140,28,'Digital Electronics',0,'Not Submitted','2026-03-11 09:03:27'),(141,29,'Digital Electronics',0,'Not Submitted','2026-03-11 09:03:27'),(142,30,'Digital Electronics',0,'Not Submitted','2026-03-11 09:03:27'),(143,31,'Digital Electronics',0,'Not Submitted','2026-03-11 09:03:27'),(144,32,'Digital Electronics',0,'Not Submitted','2026-03-11 09:03:27'),(145,33,'Digital Electronics',0,'Not Submitted','2026-03-11 09:03:27'),(146,34,'Digital Electronics',0,'Not Submitted','2026-03-11 09:03:27'),(147,35,'Digital Electronics',0,'Not Submitted','2026-03-11 09:03:27'),(148,36,'Digital Electronics',0,'Not Submitted','2026-03-11 09:03:27'),(149,37,'Digital Electronics',0,'Not Submitted','2026-03-11 09:03:27'),(150,38,'Digital Electronics',0,'Not Submitted','2026-03-11 09:03:27'),(151,39,'Digital Electronics',0,'Not Submitted','2026-03-11 09:03:27'),(152,40,'Digital Electronics',0,'Not Submitted','2026-03-11 09:03:27'),(153,41,'Digital Electronics',0,'Not Submitted','2026-03-11 09:03:27'),(154,3,'fku6b',0,'Not Submitted','2026-03-11 16:07:13'),(155,45,'fku6b',0,'Not Submitted','2026-03-11 16:07:13'),(156,46,'fku6b',0,'Not Submitted','2026-03-11 16:07:13'),(157,47,'fku6b',0,'Not Submitted','2026-03-11 16:07:13'),(158,48,'fku6b',0,'Not Submitted','2026-03-11 16:07:13'),(159,49,'fku6b',0,'Not Submitted','2026-03-11 16:07:13'),(160,50,'fku6b',0,'Not Submitted','2026-03-11 16:07:13'),(161,9,'fku6b',0,'Not Submitted','2026-03-11 16:07:13'),(162,51,'fku6b',0,'Not Submitted','2026-03-11 16:07:13'),(163,52,'fku6b',0,'Not Submitted','2026-03-11 16:07:13'),(164,53,'fku6b',0,'Not Submitted','2026-03-11 16:07:13'),(165,54,'fku6b',0,'Not Submitted','2026-03-11 16:07:13'),(166,55,'fku6b',0,'Not Submitted','2026-03-11 16:07:13'),(167,56,'fku6b',0,'Not Submitted','2026-03-11 16:07:13'),(168,57,'fku6b',0,'Not Submitted','2026-03-11 16:07:13'),(169,58,'fku6b',0,'Not Submitted','2026-03-11 16:07:13'),(170,10,'fku6b',0,'Not Submitted','2026-03-11 16:07:13'),(171,11,'fku6b',0,'Not Submitted','2026-03-11 16:07:13'),(172,12,'fku6b',0,'Not Submitted','2026-03-11 16:07:13'),(173,13,'fku6b',0,'Not Submitted','2026-03-11 16:07:13'),(174,14,'fku6b',0,'Not Submitted','2026-03-11 16:07:13'),(175,15,'fku6b',0,'Not Submitted','2026-03-11 16:07:13'),(176,16,'fku6b',0,'Not Submitted','2026-03-11 16:07:13'),(177,17,'fku6b',0,'Not Submitted','2026-03-11 16:07:13'),(178,18,'fku6b',0,'Not Submitted','2026-03-11 16:07:13'),(179,19,'fku6b',0,'Not Submitted','2026-03-11 16:07:13'),(180,20,'fku6b',0,'Not Submitted','2026-03-11 16:07:13'),(181,21,'fku6b',0,'Not Submitted','2026-03-11 16:07:13'),(182,22,'fku6b',0,'Not Submitted','2026-03-11 16:07:13'),(183,23,'fku6b',0,'Not Submitted','2026-03-11 16:07:13'),(184,24,'fku6b',0,'Not Submitted','2026-03-11 16:07:13'),(185,25,'fku6b',0,'Not Submitted','2026-03-11 16:07:13'),(186,26,'fku6b',0,'Not Submitted','2026-03-11 16:07:13'),(187,27,'fku6b',0,'Not Submitted','2026-03-11 16:07:13'),(188,28,'fku6b',0,'Not Submitted','2026-03-11 16:07:13'),(189,29,'fku6b',0,'Not Submitted','2026-03-11 16:07:13'),(190,30,'fku6b',0,'Not Submitted','2026-03-11 16:07:13'),(191,31,'fku6b',0,'Not Submitted','2026-03-11 16:07:13'),(192,32,'fku6b',0,'Not Submitted','2026-03-11 16:07:13'),(193,33,'fku6b',0,'Not Submitted','2026-03-11 16:07:13'),(194,34,'fku6b',0,'Not Submitted','2026-03-11 16:07:13'),(195,35,'fku6b',0,'Not Submitted','2026-03-11 16:07:13'),(196,36,'fku6b',0,'Not Submitted','2026-03-11 16:07:13'),(197,37,'fku6b',0,'Not Submitted','2026-03-11 16:07:13'),(198,38,'fku6b',0,'Not Submitted','2026-03-11 16:07:13'),(199,39,'fku6b',0,'Not Submitted','2026-03-11 16:07:13'),(200,40,'fku6b',0,'Not Submitted','2026-03-11 16:07:13'),(201,41,'fku6b',0,'Not Submitted','2026-03-11 16:07:13'),(202,42,'fku6b',0,'Not Submitted','2026-03-11 16:07:13'),(203,43,'fku6b',0,'Not Submitted','2026-03-11 16:07:13'),(204,44,'fku6b',0,'Not Submitted','2026-03-11 16:07:13');
/*!40000 ALTER TABLE `assignments` ENABLE KEYS */;
UNLOCK TABLES;

--
-- Table structure for table `attendance`
--

DROP TABLE IF EXISTS `attendance`;
/*!40101 SET @saved_cs_client     = @@character_set_client */;
/*!50503 SET character_set_client = utf8mb4 */;
CREATE TABLE `attendance` (
  `id` int NOT NULL AUTO_INCREMENT,
  `student_id` int NOT NULL,
  `percentage` decimal(5,2) DEFAULT NULL,
  `created_at` timestamp NULL DEFAULT CURRENT_TIMESTAMP,
  `subject_id` int DEFAULT NULL,
  `classes_attended` int DEFAULT '0',
  `total_classes` int DEFAULT '50',
  `present_classes` int DEFAULT '0',
  PRIMARY KEY (`id`),
  KEY `student_id` (`student_id`),
  CONSTRAINT `attendance_ibfk_1` FOREIGN KEY (`student_id`) REFERENCES `users` (`id`)
) ENGINE=InnoDB AUTO_INCREMENT=4741 DEFAULT CHARSET=utf8mb4 COLLATE=utf8mb4_0900_ai_ci;
/*!40101 SET character_set_client = @saved_cs_client */;

--
-- Dumping data for table `attendance`
--

LOCK TABLES `attendance` WRITE;
/*!40000 ALTER TABLE `attendance` DISABLE KEYS */;
INSERT INTO `attendance` VALUES (2789,376,62.22,'2026-03-24 06:21:01',1,28,45,0),(2790,376,55.56,'2026-03-24 06:21:01',2,25,45,0),(2791,376,66.67,'2026-03-24 06:21:01',3,30,45,0),(2792,376,75.56,'2026-03-24 06:21:01',4,34,45,0),(2793,376,75.56,'2026-03-24 06:21:01',5,34,45,0),(2794,376,71.11,'2026-03-24 06:21:01',6,32,45,0),(2795,376,57.78,'2026-03-24 06:21:01',7,26,45,0),(2796,376,66.67,'2026-03-24 06:21:01',8,30,45,0),(2797,377,97.78,'2026-03-24 06:21:01',1,44,45,0),(2798,377,91.11,'2026-03-24 06:21:01',2,41,45,0),(2799,377,88.89,'2026-03-24 06:21:01',3,40,45,0),(2800,377,97.78,'2026-03-24 06:21:01',4,44,45,0),(2801,377,88.89,'2026-03-24 06:21:01',5,40,45,0),(2802,377,93.33,'2026-03-24 06:21:01',6,42,45,0),(2803,377,93.33,'2026-03-24 06:21:01',7,42,45,0),(2804,377,93.33,'2026-03-24 06:21:01',8,42,45,0),(2805,378,95.56,'2026-03-24 06:21:01',1,43,45,0),(2806,378,91.11,'2026-03-24 06:21:01',2,41,45,0),(2807,378,93.33,'2026-03-24 06:21:01',3,42,45,0),(2808,378,95.56,'2026-03-24 06:21:01',4,43,45,0),(2809,378,88.89,'2026-03-24 06:21:01',5,40,45,0),(2810,378,93.33,'2026-03-24 06:21:01',6,42,45,0),(2811,378,97.78,'2026-03-24 06:21:01',7,44,45,0),(2812,378,88.89,'2026-03-24 06:21:01',8,40,45,0),(2813,379,88.89,'2026-03-24 06:21:01',1,40,45,0),(2814,379,88.89,'2026-03-24 06:21:01',2,40,45,0),(2815,379,88.89,'2026-03-24 06:21:01',3,40,45,0),(2816,379,97.78,'2026-03-24 06:21:01',4,44,45,0),(2817,379,88.89,'2026-03-24 06:21:01',5,40,45,0),(2818,379,95.56,'2026-03-24 06:21:01',6,43,45,0),(2819,379,93.33,'2026-03-24 06:21:01',7,42,45,0),(2820,379,91.11,'2026-03-24 06:21:01',8,41,45,0),(2821,380,64.44,'2026-03-24 06:21:01',1,29,45,0),(2822,380,62.22,'2026-03-24 06:21:01',2,28,45,0),(2823,380,60.00,'2026-03-24 06:21:01',3,27,45,0),(2824,380,66.67,'2026-03-24 06:21:01',4,30,45,0),(2825,380,60.00,'2026-03-24 06:21:01',5,27,45,0),(2826,380,73.33,'2026-03-24 06:21:01',6,33,45,0),(2827,380,55.56,'2026-03-24 06:21:01',7,25,45,0),(2828,380,73.33,'2026-03-24 06:21:01',8,33,45,0),(2829,381,86.67,'2026-03-24 06:21:01',1,39,45,0),(2830,381,91.11,'2026-03-24 06:21:01',2,41,45,0),(2831,381,91.11,'2026-03-24 06:21:01',3,41,45,0),(2832,381,91.11,'2026-03-24 06:21:01',4,41,45,0),(2833,381,80.00,'2026-03-24 06:21:01',5,36,45,0),(2834,381,86.67,'2026-03-24 06:21:01',6,39,45,0),(2835,381,80.00,'2026-03-24 06:21:01',7,36,45,0),(2836,381,88.89,'2026-03-24 06:21:01',8,40,45,0),(2837,382,91.11,'2026-03-24 06:21:01',1,41,45,0),(2838,382,88.89,'2026-03-24 06:21:01',2,40,45,0),(2839,382,95.56,'2026-03-24 06:21:01',3,43,45,0),(2840,382,93.33,'2026-03-24 06:21:01',4,42,45,0),(2841,382,91.11,'2026-03-24 06:21:01',5,41,45,0),(2842,382,97.78,'2026-03-24 06:21:01',6,44,45,0),(2843,382,95.56,'2026-03-24 06:21:01',7,43,45,0),(2844,382,88.89,'2026-03-24 06:21:01',8,40,45,0),(2845,383,88.89,'2026-03-24 06:21:01',1,40,45,0),(2846,383,93.33,'2026-03-24 06:21:01',2,42,45,0),(2847,383,93.33,'2026-03-24 06:21:01',3,42,45,0),(2848,383,93.33,'2026-03-24 06:21:01',4,42,45,0),(2849,383,95.56,'2026-03-24 06:21:01',5,43,45,0),(2850,383,97.78,'2026-03-24 06:21:01',6,44,45,0),(2851,383,95.56,'2026-03-24 06:21:01',7,43,45,0),(2852,383,93.33,'2026-03-24 06:21:01',8,42,45,0),(2853,384,77.78,'2026-03-24 06:21:01',1,35,45,0),(2854,384,80.00,'2026-03-24 06:21:01',2,36,45,0),(2855,384,88.89,'2026-03-24 06:21:01',3,40,45,0),(2856,384,77.78,'2026-03-24 06:21:01',4,35,45,0),(2857,384,86.67,'2026-03-24 06:21:01',5,39,45,0),(2858,384,84.44,'2026-03-24 06:21:01',6,38,45,0),(2859,384,80.00,'2026-03-24 06:21:01',7,36,45,0),(2860,384,88.89,'2026-03-24 06:21:01',8,40,45,0),(2861,385,97.78,'2026-03-24 06:21:01',1,44,45,0),(2862,385,88.89,'2026-03-24 06:21:01',2,40,45,0),(2863,385,95.56,'2026-03-24 06:21:01',3,43,45,0),(2864,385,93.33,'2026-03-24 06:21:01',4,42,45,0),(2865,385,88.89,'2026-03-24 06:21:01',5,40,45,0),(2866,385,91.11,'2026-03-24 06:21:01',6,41,45,0),(2867,385,93.33,'2026-03-24 06:21:01',7,42,45,0),(2868,385,88.89,'2026-03-24 06:21:01',8,40,45,0),(2869,386,62.22,'2026-03-24 06:21:01',1,28,45,0),(2870,386,62.22,'2026-03-24 06:21:01',2,28,45,0),(2871,386,66.67,'2026-03-24 06:21:01',3,30,45,0),(2872,386,73.33,'2026-03-24 06:21:01',4,33,45,0),(2873,386,60.00,'2026-03-24 06:21:01',5,27,45,0),(2874,386,75.56,'2026-03-24 06:21:01',6,34,45,0),(2875,386,66.67,'2026-03-24 06:21:01',7,30,45,0),(2876,386,60.00,'2026-03-24 06:21:01',8,27,45,0),(2877,477,93.33,'2026-03-24 06:21:01',1,42,45,0),(2878,477,97.78,'2026-03-24 06:21:01',2,44,45,0),(2879,477,91.11,'2026-03-24 06:21:01',3,41,45,0),(2880,477,95.56,'2026-03-24 06:21:01',4,43,45,0),(2881,477,91.11,'2026-03-24 06:21:01',5,41,45,0),(2882,477,91.11,'2026-03-24 06:21:01',6,41,45,0),(2883,477,95.56,'2026-03-24 06:21:01',7,43,45,0),(2884,477,95.56,'2026-03-24 06:21:01',8,43,45,0),(2885,478,91.11,'2026-03-24 06:21:01',1,41,45,0),(2886,478,97.78,'2026-03-24 06:21:01',2,44,45,0),(2887,478,93.33,'2026-03-24 06:21:01',3,42,45,0),(2888,478,97.78,'2026-03-24 06:21:01',4,44,45,0),(2889,478,97.78,'2026-03-24 06:21:01',5,44,45,0),(2890,478,93.33,'2026-03-24 06:21:01',6,42,45,0),(2891,478,97.78,'2026-03-24 06:21:01',7,44,45,0),(2892,478,88.89,'2026-03-24 06:21:01',8,40,45,0),(2893,479,91.11,'2026-03-24 06:21:01',1,41,45,0),(2894,479,91.11,'2026-03-24 06:21:01',2,41,45,0),(2895,479,93.33,'2026-03-24 06:21:01',3,42,45,0),(2896,479,91.11,'2026-03-24 06:21:01',4,41,45,0),(2897,479,88.89,'2026-03-24 06:21:01',5,40,45,0),(2898,479,97.78,'2026-03-24 06:21:01',6,44,45,0),(2899,479,95.56,'2026-03-24 06:21:01',7,43,45,0),(2900,479,93.33,'2026-03-24 06:21:01',8,42,45,0),(2901,480,93.33,'2026-03-24 06:21:01',1,42,45,0),(2902,480,95.56,'2026-03-24 06:21:01',2,43,45,0),(2903,480,97.78,'2026-03-24 06:21:01',3,44,45,0),(2904,480,97.78,'2026-03-24 06:21:01',4,44,45,0),(2905,480,91.11,'2026-03-24 06:21:01',5,41,45,0),(2906,480,95.56,'2026-03-24 06:21:01',6,43,45,0),(2907,480,93.33,'2026-03-24 06:21:01',7,42,45,0),(2908,480,93.33,'2026-03-24 06:21:01',8,42,45,0),(2909,482,60.00,'2026-03-24 06:21:01',1,27,45,0),(2910,482,66.67,'2026-03-24 06:21:01',2,30,45,0),(2911,482,57.78,'2026-03-24 06:21:01',3,26,45,0),(2912,482,68.89,'2026-03-24 06:21:01',4,31,45,0),(2913,482,60.00,'2026-03-24 06:21:01',5,27,45,0),(2914,482,68.89,'2026-03-24 06:21:01',6,31,45,0),(2915,482,71.11,'2026-03-24 06:21:01',7,32,45,0),(2916,482,60.00,'2026-03-24 06:21:01',8,27,45,0),(2917,483,84.44,'2026-03-24 06:21:01',1,38,45,0),(2918,483,84.44,'2026-03-24 06:21:01',2,38,45,0),(2919,483,77.78,'2026-03-24 06:21:01',3,35,45,0),(2920,483,84.44,'2026-03-24 06:21:01',4,38,45,0),(2921,483,86.67,'2026-03-24 06:21:01',5,39,45,0),(2922,483,88.89,'2026-03-24 06:21:01',6,40,45,0),(2923,483,84.44,'2026-03-24 06:21:01',7,38,45,0),(2924,483,88.89,'2026-03-24 06:21:01',8,40,45,0),(2925,484,88.89,'2026-03-24 06:21:01',1,40,45,0),(2926,484,91.11,'2026-03-24 06:21:01',2,41,45,0),(2927,484,97.78,'2026-03-24 06:21:01',3,44,45,0),(2928,484,97.78,'2026-03-24 06:21:01',4,44,45,0),(2929,484,91.11,'2026-03-24 06:21:01',5,41,45,0),(2930,484,93.33,'2026-03-24 06:21:01',6,42,45,0),(2931,484,88.89,'2026-03-24 06:21:01',7,40,45,0),(2932,484,88.89,'2026-03-24 06:21:01',8,40,45,0),(2933,485,71.11,'2026-03-24 06:21:01',1,32,45,0),(2934,485,62.22,'2026-03-24 06:21:01',2,28,45,0),(2935,485,75.56,'2026-03-24 06:21:01',3,34,45,0),(2936,485,75.56,'2026-03-24 06:21:01',4,34,45,0),(2937,485,64.44,'2026-03-24 06:21:01',5,29,45,0),(2938,485,57.78,'2026-03-24 06:21:01',6,26,45,0),(2939,485,75.56,'2026-03-24 06:21:01',7,34,45,0),(2940,485,68.89,'2026-03-24 06:21:01',8,31,45,0),(2941,486,84.44,'2026-03-24 06:21:01',1,38,45,0),(2942,486,84.44,'2026-03-24 06:21:01',2,38,45,0),(2943,486,84.44,'2026-03-24 06:21:01',3,38,45,0),(2944,486,77.78,'2026-03-24 06:21:01',4,35,45,0),(2945,486,82.22,'2026-03-24 06:21:01',5,37,45,0),(2946,486,88.89,'2026-03-24 06:21:01',6,40,45,0),(2947,486,82.22,'2026-03-24 06:21:01',7,37,45,0),(2948,486,86.67,'2026-03-24 06:21:01',8,39,45,0),(2949,487,80.00,'2026-03-24 06:21:01',1,36,45,0),(2950,487,88.89,'2026-03-24 06:21:01',2,40,45,0),(2951,487,82.22,'2026-03-24 06:21:01',3,37,45,0),(2952,487,77.78,'2026-03-24 06:21:01',4,35,45,0),(2953,487,86.67,'2026-03-24 06:21:01',5,39,45,0),(2954,487,86.67,'2026-03-24 06:21:01',6,39,45,0),(2955,487,86.67,'2026-03-24 06:21:01',7,39,45,0),(2956,487,91.11,'2026-03-24 06:21:01',8,41,45,0),(2957,488,97.78,'2026-03-24 06:21:01',1,44,45,0),(2958,488,95.56,'2026-03-24 06:21:01',2,43,45,0),(2959,488,91.11,'2026-03-24 06:21:01',3,41,45,0),(2960,488,88.89,'2026-03-24 06:21:01',4,40,45,0),(2961,488,97.78,'2026-03-24 06:21:01',5,44,45,0),(2962,488,95.56,'2026-03-24 06:21:01',6,43,45,0),(2963,488,91.11,'2026-03-24 06:21:01',7,41,45,0),(2964,488,95.56,'2026-03-24 06:21:01',8,43,45,0),(2965,489,93.33,'2026-03-24 06:21:01',1,42,45,0),(2966,489,91.11,'2026-03-24 06:21:01',2,41,45,0),(2967,489,91.11,'2026-03-24 06:21:01',3,41,45,0),(2968,489,95.56,'2026-03-24 06:21:01',4,43,45,0),(2969,489,95.56,'2026-03-24 06:21:01',5,43,45,0),(2970,489,95.56,'2026-03-24 06:21:01',6,43,45,0),(2971,489,91.11,'2026-03-24 06:21:01',7,41,45,0),(2972,489,91.11,'2026-03-24 06:21:01',8,41,45,0),(2973,490,84.44,'2026-03-24 06:21:01',1,38,45,0),(2974,490,80.00,'2026-03-24 06:21:01',2,36,45,0),(2975,490,82.22,'2026-03-24 06:21:01',3,37,45,0),(2976,490,84.44,'2026-03-24 06:21:01',4,38,45,0),(2977,490,82.22,'2026-03-24 06:21:01',5,37,45,0),(2978,490,82.22,'2026-03-24 06:21:01',6,37,45,0),(2979,490,88.89,'2026-03-24 06:21:01',7,40,45,0),(2980,490,80.00,'2026-03-24 06:21:01',8,36,45,0),(2981,491,97.78,'2026-03-24 06:21:01',1,44,45,0),(2982,491,97.78,'2026-03-24 06:21:01',2,44,45,0),(2983,491,97.78,'2026-03-24 06:21:01',3,44,45,0),(2984,491,95.56,'2026-03-24 06:21:01',4,43,45,0),(2985,491,88.89,'2026-03-24 06:21:01',5,40,45,0),(2986,491,95.56,'2026-03-24 06:21:01',6,43,45,0),(2987,491,88.89,'2026-03-24 06:21:01',7,40,45,0),(2988,491,97.78,'2026-03-24 06:21:01',8,44,45,0),(2989,492,77.78,'2026-03-24 06:21:01',1,35,45,0),(2990,492,86.67,'2026-03-24 06:21:01',2,39,45,0),(2991,492,86.67,'2026-03-24 06:21:01',3,39,45,0),(2992,492,88.89,'2026-03-24 06:21:01',4,40,45,0),(2993,492,91.11,'2026-03-24 06:21:01',5,41,45,0),(2994,492,88.89,'2026-03-24 06:21:01',6,40,45,0),(2995,492,77.78,'2026-03-24 06:21:01',7,35,45,0),(2996,492,91.11,'2026-03-24 06:21:01',8,41,45,0),(2997,493,95.56,'2026-03-24 06:21:01',1,43,45,0),(2998,493,93.33,'2026-03-24 06:21:01',2,42,45,0),(2999,493,95.56,'2026-03-24 06:21:01',3,43,45,0),(3000,493,95.56,'2026-03-24 06:21:01',4,43,45,0),(3001,493,93.33,'2026-03-24 06:21:01',5,42,45,0),(3002,493,93.33,'2026-03-24 06:21:01',6,42,45,0),(3003,493,97.78,'2026-03-24 06:21:01',7,44,45,0),(3004,493,93.33,'2026-03-24 06:21:01',8,42,45,0),(3005,494,88.89,'2026-03-24 06:21:01',1,40,45,0),(3006,494,91.11,'2026-03-24 06:21:01',2,41,45,0),(3007,494,93.33,'2026-03-24 06:21:01',3,42,45,0),(3008,494,88.89,'2026-03-24 06:21:01',4,40,45,0),(3009,494,97.78,'2026-03-24 06:21:01',5,44,45,0),(3010,494,95.56,'2026-03-24 06:21:01',6,43,45,0),(3011,494,95.56,'2026-03-24 06:21:01',7,43,45,0),(3012,494,88.89,'2026-03-24 06:21:01',8,40,45,0),(3013,495,86.67,'2026-03-24 06:21:01',1,39,45,0),(3014,495,77.78,'2026-03-24 06:21:01',2,35,45,0),(3015,495,88.89,'2026-03-24 06:21:01',3,40,45,0),(3016,495,80.00,'2026-03-24 06:21:01',4,36,45,0),(3017,495,84.44,'2026-03-24 06:21:01',5,38,45,0),(3018,495,77.78,'2026-03-24 06:21:01',6,35,45,0),(3019,495,80.00,'2026-03-24 06:21:01',7,36,45,0),(3020,495,82.22,'2026-03-24 06:21:01',8,37,45,0),(3021,496,88.89,'2026-03-24 06:21:01',1,40,45,0),(3022,496,86.67,'2026-03-24 06:21:01',2,39,45,0),(3023,496,88.89,'2026-03-24 06:21:01',3,40,45,0),(3024,496,82.22,'2026-03-24 06:21:01',4,37,45,0),(3025,496,77.78,'2026-03-24 06:21:01',5,35,45,0),(3026,496,88.89,'2026-03-24 06:21:01',6,40,45,0),(3027,496,88.89,'2026-03-24 06:21:01',7,40,45,0),(3028,496,86.67,'2026-03-24 06:21:01',8,39,45,0),(3029,497,84.44,'2026-03-24 06:21:01',1,38,45,0),(3030,497,91.11,'2026-03-24 06:21:01',2,41,45,0),(3031,497,91.11,'2026-03-24 06:21:01',3,41,45,0),(3032,497,80.00,'2026-03-24 06:21:01',4,36,45,0),(3033,497,82.22,'2026-03-24 06:21:01',5,37,45,0),(3034,497,88.89,'2026-03-24 06:21:01',6,40,45,0),(3035,497,88.89,'2026-03-24 06:21:01',7,40,45,0),(3036,497,80.00,'2026-03-24 06:21:01',8,36,45,0),(3037,498,88.89,'2026-03-24 06:21:01',1,40,45,0),(3038,498,93.33,'2026-03-24 06:21:01',2,42,45,0),(3039,498,97.78,'2026-03-24 06:21:01',3,44,45,0),(3040,498,97.78,'2026-03-24 06:21:01',4,44,45,0),(3041,498,95.56,'2026-03-24 06:21:01',5,43,45,0),(3042,498,93.33,'2026-03-24 06:21:01',6,42,45,0),(3043,498,91.11,'2026-03-24 06:21:01',7,41,45,0),(3044,498,93.33,'2026-03-24 06:21:01',8,42,45,0),(3045,499,95.56,'2026-03-24 06:21:01',1,43,45,0),(3046,499,95.56,'2026-03-24 06:21:01',2,43,45,0),(3047,499,95.56,'2026-03-24 06:21:01',3,43,45,0),(3048,499,91.11,'2026-03-24 06:21:01',4,41,45,0),(3049,499,97.78,'2026-03-24 06:21:01',5,44,45,0),(3050,499,97.78,'2026-03-24 06:21:01',6,44,45,0),(3051,499,93.33,'2026-03-24 06:21:01',7,42,45,0),(3052,499,97.78,'2026-03-24 06:21:01',8,44,45,0),(3053,500,95.56,'2026-03-24 06:21:01',1,43,45,0),(3054,500,88.89,'2026-03-24 06:21:01',2,40,45,0),(3055,500,93.33,'2026-03-24 06:21:01',3,42,45,0),(3056,500,95.56,'2026-03-24 06:21:01',4,43,45,0),(3057,500,97.78,'2026-03-24 06:21:01',5,44,45,0),(3058,500,97.78,'2026-03-24 06:21:01',6,44,45,0),(3059,500,91.11,'2026-03-24 06:21:01',7,41,45,0),(3060,500,95.56,'2026-03-24 06:21:01',8,43,45,0),(3061,502,91.11,'2026-03-24 06:21:01',1,41,45,0),(3062,502,88.89,'2026-03-24 06:21:01',2,40,45,0),(3063,502,88.89,'2026-03-24 06:21:01',3,40,45,0),(3064,502,97.78,'2026-03-24 06:21:01',4,44,45,0),(3065,502,88.89,'2026-03-24 06:21:01',5,40,45,0),(3066,502,95.56,'2026-03-24 06:21:01',6,43,45,0),(3067,502,95.56,'2026-03-24 06:21:01',7,43,45,0),(3068,502,97.78,'2026-03-24 06:21:01',8,44,45,0),(3069,503,93.33,'2026-03-24 06:21:01',1,42,45,0),(3070,503,88.89,'2026-03-24 06:21:01',2,40,45,0),(3071,503,93.33,'2026-03-24 06:21:01',3,42,45,0),(3072,503,97.78,'2026-03-24 06:21:01',4,44,45,0),(3073,503,93.33,'2026-03-24 06:21:01',5,42,45,0),(3074,503,95.56,'2026-03-24 06:21:01',6,43,45,0),(3075,503,91.11,'2026-03-24 06:21:01',7,41,45,0),(3076,503,91.11,'2026-03-24 06:21:01',8,41,45,0),(3077,504,82.22,'2026-03-24 06:21:01',1,37,45,0),(3078,504,88.89,'2026-03-24 06:21:01',2,40,45,0),(3079,504,84.44,'2026-03-24 06:21:01',3,38,45,0),(3080,504,82.22,'2026-03-24 06:21:01',4,37,45,0),(3081,504,84.44,'2026-03-24 06:21:01',5,38,45,0),(3082,504,91.11,'2026-03-24 06:21:01',6,41,45,0),(3083,504,86.67,'2026-03-24 06:21:01',7,39,45,0),(3084,504,86.67,'2026-03-24 06:21:01',8,39,45,0),(3085,505,91.11,'2026-03-24 06:21:01',1,41,45,0),(3086,505,88.89,'2026-03-24 06:21:01',2,40,45,0),(3087,505,88.89,'2026-03-24 06:21:01',3,40,45,0),(3088,505,93.33,'2026-03-24 06:21:01',4,42,45,0),(3089,505,95.56,'2026-03-24 06:21:01',5,43,45,0),(3090,505,97.78,'2026-03-24 06:21:01',6,44,45,0),(3091,505,91.11,'2026-03-24 06:21:01',7,41,45,0),(3092,505,88.89,'2026-03-24 06:21:01',8,40,45,0),(3093,506,77.78,'2026-03-24 06:21:01',1,35,45,0),(3094,506,88.89,'2026-03-24 06:21:01',2,40,45,0),(3095,506,91.11,'2026-03-24 06:21:01',3,41,45,0),(3096,506,82.22,'2026-03-24 06:21:01',4,37,45,0),(3097,506,80.00,'2026-03-24 06:21:01',5,36,45,0),(3098,506,77.78,'2026-03-24 06:21:01',6,35,45,0),(3099,506,88.89,'2026-03-24 06:21:01',7,40,45,0),(3100,506,91.11,'2026-03-24 06:21:01',8,41,45,0),(3101,507,91.11,'2026-03-24 06:21:01',1,41,45,0),(3102,507,80.00,'2026-03-24 06:21:01',2,36,45,0),(3103,507,84.44,'2026-03-24 06:21:01',3,38,45,0),(3104,507,91.11,'2026-03-24 06:21:01',4,41,45,0),(3105,507,77.78,'2026-03-24 06:21:01',5,35,45,0),(3106,507,80.00,'2026-03-24 06:21:01',6,36,45,0),(3107,507,86.67,'2026-03-24 06:21:01',7,39,45,0),(3108,507,84.44,'2026-03-24 06:21:01',8,38,45,0),(3109,508,91.11,'2026-03-24 06:21:01',1,41,45,0),(3110,508,82.22,'2026-03-24 06:21:01',2,37,45,0),(3111,508,91.11,'2026-03-24 06:21:01',3,41,45,0),(3112,508,88.89,'2026-03-24 06:21:01',4,40,45,0),(3113,508,88.89,'2026-03-24 06:21:01',5,40,45,0),(3114,508,82.22,'2026-03-24 06:21:01',6,37,45,0),(3115,508,84.44,'2026-03-24 06:21:01',7,38,45,0),(3116,508,84.44,'2026-03-24 06:21:01',8,38,45,0),(3117,509,97.78,'2026-03-24 06:21:01',1,44,45,0),(3118,509,91.11,'2026-03-24 06:21:01',2,41,45,0),(3119,509,95.56,'2026-03-24 06:21:01',3,43,45,0),(3120,509,91.11,'2026-03-24 06:21:01',4,41,45,0),(3121,509,97.78,'2026-03-24 06:21:01',5,44,45,0),(3122,509,88.89,'2026-03-24 06:21:01',6,40,45,0),(3123,509,95.56,'2026-03-24 06:21:01',7,43,45,0),(3124,509,95.56,'2026-03-24 06:21:01',8,43,45,0),(3125,510,88.89,'2026-03-24 06:21:01',1,40,45,0),(3126,510,97.78,'2026-03-24 06:21:01',2,44,45,0),(3127,510,88.89,'2026-03-24 06:21:01',3,40,45,0),(3128,510,93.33,'2026-03-24 06:21:01',4,42,45,0),(3129,510,95.56,'2026-03-24 06:21:01',5,43,45,0),(3130,510,93.33,'2026-03-24 06:21:01',6,42,45,0),(3131,510,95.56,'2026-03-24 06:21:01',7,43,45,0),(3132,510,95.56,'2026-03-24 06:21:01',8,43,45,0),(3133,511,60.00,'2026-03-24 06:21:01',1,27,45,0),(3134,511,71.11,'2026-03-24 06:21:01',2,32,45,0),(3135,511,71.11,'2026-03-24 06:21:01',3,32,45,0),(3136,511,60.00,'2026-03-24 06:21:01',4,27,45,0),(3137,511,68.89,'2026-03-24 06:21:01',5,31,45,0),(3138,511,71.11,'2026-03-24 06:21:01',6,32,45,0),(3139,511,64.44,'2026-03-24 06:21:01',7,29,45,0),(3140,511,66.67,'2026-03-24 06:21:01',8,30,45,0),(3141,512,55.56,'2026-03-24 06:21:01',1,25,45,0),(3142,512,55.56,'2026-03-24 06:21:01',2,25,45,0),(3143,512,64.44,'2026-03-24 06:21:01',3,29,45,0),(3144,512,71.11,'2026-03-24 06:21:01',4,32,45,0),(3145,512,62.22,'2026-03-24 06:21:01',5,28,45,0),(3146,512,60.00,'2026-03-24 06:21:01',6,27,45,0),(3147,512,57.78,'2026-03-24 06:21:01',7,26,45,0),(3148,512,73.33,'2026-03-24 06:21:01',8,33,45,0),(3149,513,91.11,'2026-03-24 06:21:01',1,41,45,0),(3150,513,80.00,'2026-03-24 06:21:01',2,36,45,0),(3151,513,84.44,'2026-03-24 06:21:01',3,38,45,0),(3152,513,84.44,'2026-03-24 06:21:01',4,38,45,0),(3153,513,88.89,'2026-03-24 06:21:01',5,40,45,0),(3154,513,91.11,'2026-03-24 06:21:01',6,41,45,0),(3155,513,91.11,'2026-03-24 06:21:01',7,41,45,0),(3156,513,77.78,'2026-03-24 06:21:01',8,35,45,0),(3157,514,95.56,'2026-03-24 06:21:01',1,43,45,0),(3158,514,95.56,'2026-03-24 06:21:01',2,43,45,0),(3159,514,93.33,'2026-03-24 06:21:01',3,42,45,0),(3160,514,91.11,'2026-03-24 06:21:01',4,41,45,0),(3161,514,91.11,'2026-03-24 06:21:01',5,41,45,0),(3162,514,93.33,'2026-03-24 06:21:01',6,42,45,0),(3163,514,97.78,'2026-03-24 06:21:01',7,44,45,0),(3164,514,93.33,'2026-03-24 06:21:01',8,42,45,0),(3165,515,84.44,'2026-03-24 06:21:01',1,38,45,0),(3166,515,80.00,'2026-03-24 06:21:01',2,36,45,0),(3167,515,82.22,'2026-03-24 06:21:01',3,37,45,0),(3168,515,77.78,'2026-03-24 06:21:01',4,35,45,0),(3169,515,86.67,'2026-03-24 06:21:01',5,39,45,0),(3170,515,84.44,'2026-03-24 06:21:01',6,38,45,0),(3171,515,80.00,'2026-03-24 06:21:01',7,36,45,0),(3172,515,86.67,'2026-03-24 06:21:01',8,39,45,0),(3173,516,62.22,'2026-03-24 06:21:01',1,28,45,0),(3174,516,73.33,'2026-03-24 06:21:01',2,33,45,0),(3175,516,73.33,'2026-03-24 06:21:01',3,33,45,0),(3176,516,73.33,'2026-03-24 06:21:01',4,33,45,0),(3177,516,71.11,'2026-03-24 06:21:01',5,32,45,0),(3178,516,62.22,'2026-03-24 06:21:01',6,28,45,0),(3179,516,64.44,'2026-03-24 06:21:01',7,29,45,0),(3180,516,75.56,'2026-03-24 06:21:01',8,34,45,0),(3181,517,91.11,'2026-03-24 06:21:01',1,41,45,0),(3182,517,84.44,'2026-03-24 06:21:01',2,38,45,0),(3183,517,91.11,'2026-03-24 06:21:01',3,41,45,0),(3184,517,86.67,'2026-03-24 06:21:01',4,39,45,0),(3185,517,91.11,'2026-03-24 06:21:01',5,41,45,0),(3186,517,86.67,'2026-03-24 06:21:01',6,39,45,0),(3187,517,86.67,'2026-03-24 06:21:01',7,39,45,0),(3188,517,91.11,'2026-03-24 06:21:01',8,41,45,0),(3189,518,97.78,'2026-03-24 06:21:01',1,44,45,0),(3190,518,93.33,'2026-03-24 06:21:01',2,42,45,0),(3191,518,97.78,'2026-03-24 06:21:01',3,44,45,0),(3192,518,95.56,'2026-03-24 06:21:01',4,43,45,0),(3193,518,97.78,'2026-03-24 06:21:01',5,44,45,0),(3194,518,93.33,'2026-03-24 06:21:01',6,42,45,0),(3195,518,88.89,'2026-03-24 06:21:01',7,40,45,0),(3196,518,97.78,'2026-03-24 06:21:01',8,44,45,0),(3197,519,97.78,'2026-03-24 06:21:01',1,44,45,0),(3198,519,88.89,'2026-03-24 06:21:01',2,40,45,0),(3199,519,97.78,'2026-03-24 06:21:01',3,44,45,0),(3200,519,93.33,'2026-03-24 06:21:01',4,42,45,0),(3201,519,91.11,'2026-03-24 06:21:01',5,41,45,0),(3202,519,88.89,'2026-03-24 06:21:01',6,40,45,0),(3203,519,95.56,'2026-03-24 06:21:01',7,43,45,0),(3204,519,93.33,'2026-03-24 06:21:01',8,42,45,0),(3205,521,91.11,'2026-03-24 06:21:01',1,41,45,0),(3206,521,88.89,'2026-03-24 06:21:01',2,40,45,0),(3207,521,77.78,'2026-03-24 06:21:01',3,35,45,0),(3208,521,88.89,'2026-03-24 06:21:01',4,40,45,0),(3209,521,84.44,'2026-03-24 06:21:01',5,38,45,0),(3210,521,77.78,'2026-03-24 06:21:01',6,35,45,0),(3211,521,82.22,'2026-03-24 06:21:01',7,37,45,0),(3212,521,88.89,'2026-03-24 06:21:01',8,40,45,0),(3213,522,55.56,'2026-03-24 06:21:01',1,25,45,0),(3214,522,71.11,'2026-03-24 06:21:01',2,32,45,0),(3215,522,73.33,'2026-03-24 06:21:01',3,33,45,0),(3216,522,75.56,'2026-03-24 06:21:01',4,34,45,0),(3217,522,62.22,'2026-03-24 06:21:01',5,28,45,0),(3218,522,73.33,'2026-03-24 06:21:01',6,33,45,0),(3219,522,71.11,'2026-03-24 06:21:01',7,32,45,0),(3220,522,68.89,'2026-03-24 06:21:01',8,31,45,0),(3221,523,91.11,'2026-03-24 06:21:01',1,41,45,0),(3222,523,88.89,'2026-03-24 06:21:01',2,40,45,0),(3223,523,97.78,'2026-03-24 06:21:01',3,44,45,0),(3224,523,93.33,'2026-03-24 06:21:01',4,42,45,0),(3225,523,91.11,'2026-03-24 06:21:01',5,41,45,0),(3226,523,88.89,'2026-03-24 06:21:01',6,40,45,0),(3227,523,93.33,'2026-03-24 06:21:01',7,42,45,0),(3228,523,95.56,'2026-03-24 06:21:01',8,43,45,0),(3229,524,55.56,'2026-03-24 06:21:01',1,25,45,0),(3230,524,68.89,'2026-03-24 06:21:01',2,31,45,0),(3231,524,68.89,'2026-03-24 06:21:01',3,31,45,0),(3232,524,73.33,'2026-03-24 06:21:01',4,33,45,0),(3233,524,62.22,'2026-03-24 06:21:01',5,28,45,0),(3234,524,71.11,'2026-03-24 06:21:01',6,32,45,0),(3235,524,62.22,'2026-03-24 06:21:01',7,28,45,0),(3236,524,57.78,'2026-03-24 06:21:01',8,26,45,0),(3237,525,93.33,'2026-03-24 06:21:01',1,42,45,0),(3238,525,97.78,'2026-03-24 06:21:01',2,44,45,0),(3239,525,88.89,'2026-03-24 06:21:01',3,40,45,0),(3240,525,95.56,'2026-03-24 06:21:01',4,43,45,0),(3241,525,91.11,'2026-03-24 06:21:01',5,41,45,0),(3242,525,97.78,'2026-03-24 06:21:01',6,44,45,0),(3243,525,93.33,'2026-03-24 06:21:01',7,42,45,0),(3244,525,93.33,'2026-03-24 06:21:01',8,42,45,0),(3245,526,55.56,'2026-03-24 06:21:01',1,25,45,0),(3246,526,75.56,'2026-03-24 06:21:01',2,34,45,0),(3247,526,71.11,'2026-03-24 06:21:01',3,32,45,0),(3248,526,57.78,'2026-03-24 06:21:01',4,26,45,0),(3249,526,57.78,'2026-03-24 06:21:01',5,26,45,0),(3250,526,57.78,'2026-03-24 06:21:01',6,26,45,0),(3251,526,68.89,'2026-03-24 06:21:01',7,31,45,0),(3252,526,66.67,'2026-03-24 06:21:01',8,30,45,0),(3253,527,57.78,'2026-03-24 06:21:01',1,26,45,0),(3254,527,60.00,'2026-03-24 06:21:01',2,27,45,0),(3255,527,64.44,'2026-03-24 06:21:01',3,29,45,0),(3256,527,57.78,'2026-03-24 06:21:01',4,26,45,0),(3257,527,57.78,'2026-03-24 06:21:01',5,26,45,0),(3258,527,64.44,'2026-03-24 06:21:01',6,29,45,0),(3259,527,64.44,'2026-03-24 06:21:01',7,29,45,0),(3260,527,73.33,'2026-03-24 06:21:01',8,33,45,0),(3261,528,93.33,'2026-03-24 06:21:01',1,42,45,0),(3262,528,97.78,'2026-03-24 06:21:01',2,44,45,0),(3263,528,91.11,'2026-03-24 06:21:01',3,41,45,0),(3264,528,95.56,'2026-03-24 06:21:01',4,43,45,0),(3265,528,97.78,'2026-03-24 06:21:01',5,44,45,0),(3266,528,95.56,'2026-03-24 06:21:01',6,43,45,0),(3267,528,97.78,'2026-03-24 06:21:01',7,44,45,0),(3268,528,95.56,'2026-03-24 06:21:01',8,43,45,0),(3269,529,77.78,'2026-03-24 06:21:01',1,35,45,0),(3270,529,77.78,'2026-03-24 06:21:01',2,35,45,0),(3271,529,91.11,'2026-03-24 06:21:01',3,41,45,0),(3272,529,84.44,'2026-03-24 06:21:01',4,38,45,0),(3273,529,80.00,'2026-03-24 06:21:01',5,36,45,0),(3274,529,86.67,'2026-03-24 06:21:01',6,39,45,0),(3275,529,84.44,'2026-03-24 06:21:01',7,38,45,0),(3276,529,86.67,'2026-03-24 06:21:01',8,39,45,0),(3277,530,77.78,'2026-03-24 06:21:01',1,35,45,0),(3278,530,88.89,'2026-03-24 06:21:01',2,40,45,0),(3279,530,80.00,'2026-03-24 06:21:01',3,36,45,0),(3280,530,80.00,'2026-03-24 06:21:01',4,36,45,0),(3281,530,82.22,'2026-03-24 06:21:01',5,37,45,0),(3282,530,91.11,'2026-03-24 06:21:01',6,41,45,0),(3283,530,77.78,'2026-03-24 06:21:01',7,35,45,0),(3284,530,77.78,'2026-03-24 06:21:01',8,35,45,0),(3285,531,60.00,'2026-03-24 06:21:01',1,27,45,0),(3286,531,64.44,'2026-03-24 06:21:01',2,29,45,0),(3287,531,55.56,'2026-03-24 06:21:01',3,25,45,0),(3288,531,68.89,'2026-03-24 06:21:01',4,31,45,0),(3289,531,57.78,'2026-03-24 06:21:01',5,26,45,0),(3290,531,60.00,'2026-03-24 06:21:01',6,27,45,0),(3291,531,64.44,'2026-03-24 06:21:01',7,29,45,0),(3292,531,64.44,'2026-03-24 06:21:01',8,29,45,0),(3293,532,84.44,'2026-03-24 06:21:01',1,38,45,0),(3294,532,84.44,'2026-03-24 06:21:01',2,38,45,0),(3295,532,82.22,'2026-03-24 06:21:01',3,37,45,0),(3296,532,84.44,'2026-03-24 06:21:01',4,38,45,0),(3297,532,91.11,'2026-03-24 06:21:01',5,41,45,0),(3298,532,84.44,'2026-03-24 06:21:01',6,38,45,0),(3299,532,80.00,'2026-03-24 06:21:01',7,36,45,0),(3300,532,88.89,'2026-03-24 06:21:01',8,40,45,0),(3301,533,91.11,'2026-03-24 06:21:01',1,41,45,0),(3302,533,88.89,'2026-03-24 06:21:01',2,40,45,0),(3303,533,95.56,'2026-03-24 06:21:01',3,43,45,0),(3304,533,95.56,'2026-03-24 06:21:01',4,43,45,0),(3305,533,97.78,'2026-03-24 06:21:01',5,44,45,0),(3306,533,97.78,'2026-03-24 06:21:01',6,44,45,0),(3307,533,97.78,'2026-03-24 06:21:01',7,44,45,0),(3308,533,93.33,'2026-03-24 06:21:01',8,42,45,0),(3309,535,62.22,'2026-03-24 06:21:01',1,28,45,0),(3310,535,55.56,'2026-03-24 06:21:01',2,25,45,0),(3311,535,60.00,'2026-03-24 06:21:01',3,27,45,0),(3312,535,73.33,'2026-03-24 06:21:01',4,33,45,0),(3313,535,66.67,'2026-03-24 06:21:01',5,30,45,0),(3314,535,60.00,'2026-03-24 06:21:01',6,27,45,0),(3315,535,64.44,'2026-03-24 06:21:01',7,29,45,0),(3316,535,60.00,'2026-03-24 06:21:01',8,27,45,0),(3317,536,84.44,'2026-03-24 06:21:01',1,38,45,0),(3318,536,82.22,'2026-03-24 06:21:01',2,37,45,0),(3319,536,88.89,'2026-03-24 06:21:01',3,40,45,0),(3320,536,77.78,'2026-03-24 06:21:01',4,35,45,0),(3321,536,91.11,'2026-03-24 06:21:01',5,41,45,0),(3322,536,88.89,'2026-03-24 06:21:01',6,40,45,0),(3323,536,84.44,'2026-03-24 06:21:01',7,38,45,0),(3324,536,91.11,'2026-03-24 06:21:01',8,41,45,0),(3325,537,93.33,'2026-03-24 06:21:01',1,42,45,0),(3326,537,91.11,'2026-03-24 06:21:01',2,41,45,0),(3327,537,88.89,'2026-03-24 06:21:01',3,40,45,0),(3328,537,97.78,'2026-03-24 06:21:01',4,44,45,0),(3329,537,95.56,'2026-03-24 06:21:01',5,43,45,0),(3330,537,95.56,'2026-03-24 06:21:01',6,43,45,0),(3331,537,93.33,'2026-03-24 06:21:01',7,42,45,0),(3332,537,91.11,'2026-03-24 06:21:01',8,41,45,0),(3333,538,88.89,'2026-03-24 06:21:01',1,40,45,0),(3334,538,95.56,'2026-03-24 06:21:01',2,43,45,0),(3335,538,97.78,'2026-03-24 06:21:01',3,44,45,0),(3336,538,91.11,'2026-03-24 06:21:01',4,41,45,0),(3337,538,91.11,'2026-03-24 06:21:01',5,41,45,0),(3338,538,93.33,'2026-03-24 06:21:01',6,42,45,0),(3339,538,88.89,'2026-03-24 06:21:01',7,40,45,0),(3340,538,97.78,'2026-03-24 06:21:01',8,44,45,0),(3341,539,93.33,'2026-03-24 06:21:01',1,42,45,0),(3342,539,93.33,'2026-03-24 06:21:01',2,42,45,0),(3343,539,91.11,'2026-03-24 06:21:01',3,41,45,0),(3344,539,97.78,'2026-03-24 06:21:01',4,44,45,0),(3345,539,97.78,'2026-03-24 06:21:01',5,44,45,0),(3346,539,97.78,'2026-03-24 06:21:01',6,44,45,0),(3347,539,93.33,'2026-03-24 06:21:01',7,42,45,0),(3348,539,88.89,'2026-03-24 06:21:01',8,40,45,0),(3349,540,97.78,'2026-03-24 06:21:01',1,44,45,0),(3350,540,95.56,'2026-03-24 06:21:01',2,43,45,0),(3351,540,91.11,'2026-03-24 06:21:01',3,41,45,0),(3352,540,97.78,'2026-03-24 06:21:01',4,44,45,0),(3353,540,97.78,'2026-03-24 06:21:01',5,44,45,0),(3354,540,95.56,'2026-03-24 06:21:01',6,43,45,0),(3355,540,97.78,'2026-03-24 06:21:01',7,44,45,0),(3356,540,88.89,'2026-03-24 06:21:01',8,40,45,0),(3357,541,91.11,'2026-03-24 06:21:01',1,41,45,0),(3358,541,97.78,'2026-03-24 06:21:01',2,44,45,0),(3359,541,95.56,'2026-03-24 06:21:01',3,43,45,0),(3360,541,88.89,'2026-03-24 06:21:01',4,40,45,0),(3361,541,97.78,'2026-03-24 06:21:01',5,44,45,0),(3362,541,88.89,'2026-03-24 06:21:01',6,40,45,0),(3363,541,91.11,'2026-03-24 06:21:01',7,41,45,0),(3364,541,88.89,'2026-03-24 06:21:01',8,40,45,0),(3365,543,93.33,'2026-03-24 06:21:01',1,42,45,0),(3366,543,95.56,'2026-03-24 06:21:01',2,43,45,0),(3367,543,88.89,'2026-03-24 06:21:01',3,40,45,0),(3368,543,88.89,'2026-03-24 06:21:01',4,40,45,0),(3369,543,95.56,'2026-03-24 06:21:01',5,43,45,0),(3370,543,91.11,'2026-03-24 06:21:01',6,41,45,0),(3371,543,95.56,'2026-03-24 06:21:01',7,43,45,0),(3372,543,95.56,'2026-03-24 06:21:01',8,43,45,0),(3373,544,95.56,'2026-03-24 06:21:01',1,43,45,0),(3374,544,97.78,'2026-03-24 06:21:01',2,44,45,0),(3375,544,95.56,'2026-03-24 06:21:01',3,43,45,0),(3376,544,88.89,'2026-03-24 06:21:01',4,40,45,0),(3377,544,91.11,'2026-03-24 06:21:01',5,41,45,0),(3378,544,91.11,'2026-03-24 06:21:01',6,41,45,0),(3379,544,93.33,'2026-03-24 06:21:01',7,42,45,0),(3380,544,95.56,'2026-03-24 06:21:01',8,43,45,0),(3381,545,88.89,'2026-03-24 06:21:01',1,40,45,0),(3382,545,95.56,'2026-03-24 06:21:01',2,43,45,0),(3383,545,93.33,'2026-03-24 06:21:01',3,42,45,0),(3384,545,88.89,'2026-03-24 06:21:01',4,40,45,0),(3385,545,88.89,'2026-03-24 06:21:01',5,40,45,0),(3386,545,93.33,'2026-03-24 06:21:01',6,42,45,0),(3387,545,91.11,'2026-03-24 06:21:01',7,41,45,0),(3388,545,97.78,'2026-03-24 06:21:01',8,44,45,0),(3389,546,88.89,'2026-03-24 06:21:01',1,40,45,0),(3390,546,95.56,'2026-03-24 06:21:01',2,43,45,0),(3391,546,93.33,'2026-03-24 06:21:01',3,42,45,0),(3392,546,95.56,'2026-03-24 06:21:01',4,43,45,0),(3393,546,91.11,'2026-03-24 06:21:01',5,41,45,0),(3394,546,95.56,'2026-03-24 06:21:01',6,43,45,0),(3395,546,91.11,'2026-03-24 06:21:01',7,41,45,0),(3396,546,97.78,'2026-03-24 06:21:01',8,44,45,0),(3397,547,91.11,'2026-03-24 06:21:01',1,41,45,0),(3398,547,97.78,'2026-03-24 06:21:01',2,44,45,0),(3399,547,91.11,'2026-03-24 06:21:01',3,41,45,0),(3400,547,97.78,'2026-03-24 06:21:01',4,44,45,0),(3401,547,95.56,'2026-03-24 06:21:01',5,43,45,0),(3402,547,93.33,'2026-03-24 06:21:01',6,42,45,0),(3403,547,93.33,'2026-03-24 06:21:01',7,42,45,0),(3404,547,97.78,'2026-03-24 06:21:01',8,44,45,0),(3405,548,95.56,'2026-03-24 06:21:01',1,43,45,0),(3406,548,91.11,'2026-03-24 06:21:01',2,41,45,0),(3407,548,97.78,'2026-03-24 06:21:01',3,44,45,0),(3408,548,91.11,'2026-03-24 06:21:01',4,41,45,0),(3409,548,95.56,'2026-03-24 06:21:01',5,43,45,0),(3410,548,95.56,'2026-03-24 06:21:01',6,43,45,0),(3411,548,95.56,'2026-03-24 06:21:01',7,43,45,0),(3412,548,97.78,'2026-03-24 06:21:01',8,44,45,0),(3413,549,97.78,'2026-03-24 06:21:01',1,44,45,0),(3414,549,97.78,'2026-03-24 06:21:01',2,44,45,0),(3415,549,91.11,'2026-03-24 06:21:01',3,41,45,0),(3416,549,93.33,'2026-03-24 06:21:01',4,42,45,0),(3417,549,97.78,'2026-03-24 06:21:01',5,44,45,0),(3418,549,97.78,'2026-03-24 06:21:01',6,44,45,0),(3419,549,91.11,'2026-03-24 06:21:01',7,41,45,0),(3420,549,97.78,'2026-03-24 06:21:01',8,44,45,0),(3421,550,84.44,'2026-03-24 06:21:01',1,38,45,0),(3422,550,82.22,'2026-03-24 06:21:01',2,37,45,0),(3423,550,86.67,'2026-03-24 06:21:01',3,39,45,0),(3424,550,88.89,'2026-03-24 06:21:01',4,40,45,0),(3425,550,86.67,'2026-03-24 06:21:01',5,39,45,0),(3426,550,82.22,'2026-03-24 06:21:01',6,37,45,0),(3427,550,86.67,'2026-03-24 06:21:01',7,39,45,0),(3428,550,80.00,'2026-03-24 06:21:01',8,36,45,0),(3429,551,88.89,'2026-03-24 06:21:01',1,40,45,0),(3430,551,84.44,'2026-03-24 06:21:01',2,38,45,0),(3431,551,84.44,'2026-03-24 06:21:01',3,38,45,0),(3432,551,88.89,'2026-03-24 06:21:01',4,40,45,0),(3433,551,84.44,'2026-03-24 06:21:01',5,38,45,0),(3434,551,88.89,'2026-03-24 06:21:01',6,40,45,0),(3435,551,80.00,'2026-03-24 06:21:01',7,36,45,0),(3436,551,91.11,'2026-03-24 06:21:01',8,41,45,0),(3437,552,88.89,'2026-03-24 06:21:01',1,40,45,0),(3438,552,86.67,'2026-03-24 06:21:01',2,39,45,0),(3439,552,86.67,'2026-03-24 06:21:01',3,39,45,0),(3440,552,88.89,'2026-03-24 06:21:01',4,40,45,0),(3441,552,84.44,'2026-03-24 06:21:01',5,38,45,0),(3442,552,82.22,'2026-03-24 06:21:01',6,37,45,0),(3443,552,91.11,'2026-03-24 06:21:01',7,41,45,0),(3444,552,86.67,'2026-03-24 06:21:01',8,39,45,0),(3445,553,91.11,'2026-03-24 06:21:01',1,41,45,0),(3446,553,97.78,'2026-03-24 06:21:01',2,44,45,0),(3447,553,93.33,'2026-03-24 06:21:01',3,42,45,0),(3448,553,97.78,'2026-03-24 06:21:01',4,44,45,0),(3449,553,88.89,'2026-03-24 06:21:01',5,40,45,0),(3450,553,97.78,'2026-03-24 06:21:01',6,44,45,0),(3451,553,91.11,'2026-03-24 06:21:01',7,41,45,0),(3452,553,93.33,'2026-03-24 06:21:01',8,42,45,0),(3453,554,95.56,'2026-03-24 06:21:01',1,43,45,0),(3454,554,97.78,'2026-03-24 06:21:01',2,44,45,0),(3455,554,97.78,'2026-03-24 06:21:01',3,44,45,0),(3456,554,93.33,'2026-03-24 06:21:01',4,42,45,0),(3457,554,97.78,'2026-03-24 06:21:01',5,44,45,0),(3458,554,95.56,'2026-03-24 06:21:01',6,43,45,0),(3459,554,95.56,'2026-03-24 06:21:01',7,43,45,0),(3460,554,93.33,'2026-03-24 06:21:01',8,42,45,0),(3461,555,93.33,'2026-03-24 06:21:01',1,42,45,0),(3462,555,91.11,'2026-03-24 06:21:01',2,41,45,0),(3463,555,88.89,'2026-03-24 06:21:01',3,40,45,0),(3464,555,97.78,'2026-03-24 06:21:01',4,44,45,0),(3465,555,93.33,'2026-03-24 06:21:01',5,42,45,0),(3466,555,93.33,'2026-03-24 06:21:01',6,42,45,0),(3467,555,97.78,'2026-03-24 06:21:01',7,44,45,0),(3468,555,97.78,'2026-03-24 06:21:01',8,44,45,0),(3469,556,80.00,'2026-03-24 06:21:01',1,36,45,0),(3470,556,77.78,'2026-03-24 06:21:01',2,35,45,0),(3471,556,86.67,'2026-03-24 06:21:01',3,39,45,0),(3472,556,84.44,'2026-03-24 06:21:01',4,38,45,0),(3473,556,91.11,'2026-03-24 06:21:01',5,41,45,0),(3474,556,80.00,'2026-03-24 06:21:01',6,36,45,0),(3475,556,91.11,'2026-03-24 06:21:01',7,41,45,0),(3476,556,88.89,'2026-03-24 06:21:01',8,40,45,0),(3477,557,93.33,'2026-03-24 06:21:01',1,42,45,0),(3478,557,95.56,'2026-03-24 06:21:01',2,43,45,0),(3479,557,91.11,'2026-03-24 06:21:01',3,41,45,0),(3480,557,95.56,'2026-03-24 06:21:01',4,43,45,0),(3481,557,97.78,'2026-03-24 06:21:01',5,44,45,0),(3482,557,93.33,'2026-03-24 06:21:01',6,42,45,0),(3483,557,97.78,'2026-03-24 06:21:01',7,44,45,0),(3484,557,88.89,'2026-03-24 06:21:01',8,40,45,0),(3485,558,77.78,'2026-03-24 06:21:01',1,35,45,0),(3486,558,82.22,'2026-03-24 06:21:01',2,37,45,0),(3487,558,77.78,'2026-03-24 06:21:01',3,35,45,0),(3488,558,86.67,'2026-03-24 06:21:01',4,39,45,0),(3489,558,84.44,'2026-03-24 06:21:01',5,38,45,0),(3490,558,82.22,'2026-03-24 06:21:01',6,37,45,0),(3491,558,88.89,'2026-03-24 06:21:01',7,40,45,0),(3492,558,82.22,'2026-03-24 06:21:01',8,37,45,0),(3493,559,93.33,'2026-03-24 06:21:01',1,42,45,0),(3494,559,93.33,'2026-03-24 06:21:01',2,42,45,0),(3495,559,93.33,'2026-03-24 06:21:01',3,42,45,0),(3496,559,97.78,'2026-03-24 06:21:01',4,44,45,0),(3497,559,88.89,'2026-03-24 06:21:01',5,40,45,0),(3498,559,93.33,'2026-03-24 06:21:01',6,42,45,0),(3499,559,93.33,'2026-03-24 06:21:01',7,42,45,0),(3500,559,95.56,'2026-03-24 06:21:01',8,43,45,0),(3501,560,71.11,'2026-03-24 06:21:01',1,32,45,0),(3502,560,57.78,'2026-03-24 06:21:01',2,26,45,0),(3503,560,64.44,'2026-03-24 06:21:01',3,29,45,0),(3504,560,68.89,'2026-03-24 06:21:01',4,31,45,0),(3505,560,68.89,'2026-03-24 06:21:01',5,31,45,0),(3506,560,71.11,'2026-03-24 06:21:01',6,32,45,0),(3507,560,57.78,'2026-03-24 06:21:01',7,26,45,0),(3508,560,55.56,'2026-03-24 06:21:01',8,25,45,0),(3509,562,57.78,'2026-03-24 06:21:01',1,26,45,0),(3510,562,75.56,'2026-03-24 06:21:01',2,34,45,0),(3511,562,55.56,'2026-03-24 06:21:01',3,25,45,0),(3512,562,66.67,'2026-03-24 06:21:01',4,30,45,0),(3513,562,66.67,'2026-03-24 06:21:01',5,30,45,0),(3514,562,68.89,'2026-03-24 06:21:01',6,31,45,0),(3515,562,73.33,'2026-03-24 06:21:01',7,33,45,0),(3516,562,60.00,'2026-03-24 06:21:01',8,27,45,0),(3517,563,75.56,'2026-03-24 06:21:01',1,34,45,0),(3518,563,73.33,'2026-03-24 06:21:01',2,33,45,0),(3519,563,66.67,'2026-03-24 06:21:01',3,30,45,0),(3520,563,68.89,'2026-03-24 06:21:01',4,31,45,0),(3521,563,66.67,'2026-03-24 06:21:01',5,30,45,0),(3522,563,62.22,'2026-03-24 06:21:01',6,28,45,0),(3523,563,64.44,'2026-03-24 06:21:01',7,29,45,0),(3524,563,64.44,'2026-03-24 06:21:01',8,29,45,0),(3525,564,91.11,'2026-03-24 06:21:01',1,41,45,0),(3526,564,95.56,'2026-03-24 06:21:01',2,43,45,0),(3527,564,88.89,'2026-03-24 06:21:01',3,40,45,0),(3528,564,93.33,'2026-03-24 06:21:01',4,42,45,0),(3529,564,95.56,'2026-03-24 06:21:01',5,43,45,0),(3530,564,95.56,'2026-03-24 06:21:01',6,43,45,0),(3531,564,91.11,'2026-03-24 06:21:01',7,41,45,0),(3532,564,93.33,'2026-03-24 06:21:01',8,42,45,0),(3533,565,77.78,'2026-03-24 06:21:01',1,35,45,0),(3534,565,86.67,'2026-03-24 06:21:01',2,39,45,0),(3535,565,77.78,'2026-03-24 06:21:01',3,35,45,0),(3536,565,86.67,'2026-03-24 06:21:01',4,39,45,0),(3537,565,80.00,'2026-03-24 06:21:01',5,36,45,0),(3538,565,91.11,'2026-03-24 06:21:01',6,41,45,0),(3539,565,88.89,'2026-03-24 06:21:01',7,40,45,0),(3540,565,77.78,'2026-03-24 06:21:01',8,35,45,0),(3541,566,77.78,'2026-03-24 06:21:01',1,35,45,0),(3542,566,88.89,'2026-03-24 06:21:01',2,40,45,0),(3543,566,84.44,'2026-03-24 06:21:01',3,38,45,0),(3544,566,86.67,'2026-03-24 06:21:01',4,39,45,0),(3545,566,80.00,'2026-03-24 06:21:01',5,36,45,0),(3546,566,82.22,'2026-03-24 06:21:01',6,37,45,0),(3547,566,82.22,'2026-03-24 06:21:01',7,37,45,0),(3548,566,86.67,'2026-03-24 06:21:01',8,39,45,0),(3549,567,84.44,'2026-03-24 06:21:01',1,38,45,0),(3550,567,80.00,'2026-03-24 06:21:01',2,36,45,0),(3551,567,80.00,'2026-03-24 06:21:01',3,36,45,0),(3552,567,82.22,'2026-03-24 06:21:01',4,37,45,0),(3553,567,77.78,'2026-03-24 06:21:01',5,35,45,0),(3554,567,82.22,'2026-03-24 06:21:01',6,37,45,0),(3555,567,91.11,'2026-03-24 06:21:01',7,41,45,0),(3556,567,84.44,'2026-03-24 06:21:01',8,38,45,0),(3557,568,88.89,'2026-03-24 06:21:01',1,40,45,0),(3558,568,77.78,'2026-03-24 06:21:01',2,35,45,0),(3559,568,84.44,'2026-03-24 06:21:01',3,38,45,0),(3560,568,77.78,'2026-03-24 06:21:01',4,35,45,0),(3561,568,86.67,'2026-03-24 06:21:01',5,39,45,0),(3562,568,82.22,'2026-03-24 06:21:01',6,37,45,0),(3563,568,86.67,'2026-03-24 06:21:01',7,39,45,0),(3564,568,77.78,'2026-03-24 06:21:01',8,35,45,0),(3565,569,77.78,'2026-03-24 06:21:01',1,35,45,0),(3566,569,84.44,'2026-03-24 06:21:01',2,38,45,0),(3567,569,84.44,'2026-03-24 06:21:01',3,38,45,0),(3568,569,91.11,'2026-03-24 06:21:01',4,41,45,0),(3569,569,86.67,'2026-03-24 06:21:01',5,39,45,0),(3570,569,82.22,'2026-03-24 06:21:01',6,37,45,0),(3571,569,88.89,'2026-03-24 06:21:01',7,40,45,0),(3572,569,82.22,'2026-03-24 06:21:01',8,37,45,0),(3573,570,82.22,'2026-03-24 06:21:01',1,37,45,0),(3574,570,82.22,'2026-03-24 06:21:01',2,37,45,0),(3575,570,88.89,'2026-03-24 06:21:01',3,40,45,0),(3576,570,84.44,'2026-03-24 06:21:01',4,38,45,0),(3577,570,77.78,'2026-03-24 06:21:01',5,35,45,0),(3578,570,80.00,'2026-03-24 06:21:01',6,36,45,0),(3579,570,82.22,'2026-03-24 06:21:01',7,37,45,0),(3580,570,82.22,'2026-03-24 06:21:01',8,37,45,0),(3581,571,88.89,'2026-03-24 06:21:01',1,40,45,0),(3582,571,88.89,'2026-03-24 06:21:01',2,40,45,0),(3583,571,97.78,'2026-03-24 06:21:01',3,44,45,0),(3584,571,91.11,'2026-03-24 06:21:01',4,41,45,0),(3585,571,95.56,'2026-03-24 06:21:01',5,43,45,0),(3586,571,88.89,'2026-03-24 06:21:01',6,40,45,0),(3587,571,91.11,'2026-03-24 06:21:01',7,41,45,0),(3588,571,88.89,'2026-03-24 06:21:01',8,40,45,0),(3589,580,86.67,'2026-03-24 06:21:01',1,39,45,0),(3590,580,84.44,'2026-03-24 06:21:01',2,38,45,0),(3591,580,84.44,'2026-03-24 06:21:01',3,38,45,0),(3592,580,86.67,'2026-03-24 06:21:01',4,39,45,0),(3593,580,86.67,'2026-03-24 06:21:01',5,39,45,0),(3594,580,88.89,'2026-03-24 06:21:01',6,40,45,0),(3595,580,80.00,'2026-03-24 06:21:01',7,36,45,0),(3596,580,88.89,'2026-03-24 06:21:01',8,40,45,0),(3597,582,88.89,'2026-03-24 06:21:01',1,40,45,0),(3598,582,86.67,'2026-03-24 06:21:01',2,39,45,0),(3599,582,84.44,'2026-03-24 06:21:01',3,38,45,0),(3600,582,84.44,'2026-03-24 06:21:01',4,38,45,0),(3601,582,86.67,'2026-03-24 06:21:01',5,39,45,0),(3602,582,91.11,'2026-03-24 06:21:01',6,41,45,0),(3603,582,77.78,'2026-03-24 06:21:01',7,35,45,0),(3604,582,80.00,'2026-03-24 06:21:01',8,36,45,0),(3605,583,97.78,'2026-03-24 06:21:01',1,44,45,0),(3606,583,91.11,'2026-03-24 06:21:01',2,41,45,0),(3607,583,95.56,'2026-03-24 06:21:01',3,43,45,0),(3608,583,93.33,'2026-03-24 06:21:01',4,42,45,0),(3609,583,91.11,'2026-03-24 06:21:01',5,41,45,0),(3610,583,91.11,'2026-03-24 06:21:01',6,41,45,0),(3611,583,88.89,'2026-03-24 06:21:01',7,40,45,0),(3612,583,95.56,'2026-03-24 06:21:01',8,43,45,0),(3613,584,91.11,'2026-03-24 06:21:01',1,41,45,0),(3614,584,88.89,'2026-03-24 06:21:01',2,40,45,0),(3615,584,88.89,'2026-03-24 06:21:01',3,40,45,0),(3616,584,88.89,'2026-03-24 06:21:01',4,40,45,0),(3617,584,88.89,'2026-03-24 06:21:01',5,40,45,0),(3618,584,93.33,'2026-03-24 06:21:01',6,42,45,0),(3619,584,95.56,'2026-03-24 06:21:01',7,43,45,0),(3620,584,95.56,'2026-03-24 06:21:01',8,43,45,0),(3621,585,60.00,'2026-03-24 06:21:01',1,27,45,0),(3622,585,68.89,'2026-03-24 06:21:01',2,31,45,0),(3623,585,55.56,'2026-03-24 06:21:01',3,25,45,0),(3624,585,57.78,'2026-03-24 06:21:01',4,26,45,0),(3625,585,55.56,'2026-03-24 06:21:01',5,25,45,0),(3626,585,60.00,'2026-03-24 06:21:01',6,27,45,0),(3627,585,73.33,'2026-03-24 06:21:01',7,33,45,0),(3628,585,60.00,'2026-03-24 06:21:01',8,27,45,0),(3629,586,88.89,'2026-03-24 06:21:01',1,40,45,0),(3630,586,95.56,'2026-03-24 06:21:01',2,43,45,0),(3631,586,95.56,'2026-03-24 06:21:01',3,43,45,0),(3632,586,91.11,'2026-03-24 06:21:01',4,41,45,0),(3633,586,91.11,'2026-03-24 06:21:01',5,41,45,0),(3634,586,95.56,'2026-03-24 06:21:01',6,43,45,0),(3635,586,95.56,'2026-03-24 06:21:01',7,43,45,0),(3636,586,88.89,'2026-03-24 06:21:01',8,40,45,0),(3637,587,75.56,'2026-03-24 06:21:01',1,34,45,0),(3638,587,57.78,'2026-03-24 06:21:01',2,26,45,0),(3639,587,73.33,'2026-03-24 06:21:01',3,33,45,0),(3640,587,68.89,'2026-03-24 06:21:01',4,31,45,0),(3641,587,62.22,'2026-03-24 06:21:01',5,28,45,0),(3642,587,75.56,'2026-03-24 06:21:01',6,34,45,0),(3643,587,75.56,'2026-03-24 06:21:01',7,34,45,0),(3644,587,68.89,'2026-03-24 06:21:01',8,31,45,0),(3645,588,80.00,'2026-03-24 06:21:01',1,36,45,0),(3646,588,91.11,'2026-03-24 06:21:01',2,41,45,0),(3647,588,77.78,'2026-03-24 06:21:01',3,35,45,0),(3648,588,86.67,'2026-03-24 06:21:01',4,39,45,0),(3649,588,80.00,'2026-03-24 06:21:01',5,36,45,0),(3650,588,88.89,'2026-03-24 06:21:01',6,40,45,0),(3651,588,80.00,'2026-03-24 06:21:01',7,36,45,0),(3652,588,88.89,'2026-03-24 06:21:01',8,40,45,0),(3653,591,80.00,'2026-03-24 06:21:01',1,36,45,0),(3654,591,80.00,'2026-03-24 06:21:01',2,36,45,0),(3655,591,84.44,'2026-03-24 06:21:01',3,38,45,0),(3656,591,91.11,'2026-03-24 06:21:01',4,41,45,0),(3657,591,77.78,'2026-03-24 06:21:01',5,35,45,0),(3658,591,86.67,'2026-03-24 06:21:01',6,39,45,0),(3659,591,82.22,'2026-03-24 06:21:01',7,37,45,0),(3660,591,88.89,'2026-03-24 06:21:01',8,40,45,0),(3661,592,88.89,'2026-03-24 06:21:01',1,40,45,0),(3662,592,97.78,'2026-03-24 06:21:01',2,44,45,0),(3663,592,91.11,'2026-03-24 06:21:01',3,41,45,0),(3664,592,93.33,'2026-03-24 06:21:01',4,42,45,0),(3665,592,97.78,'2026-03-24 06:21:01',5,44,45,0),(3666,592,91.11,'2026-03-24 06:21:01',6,41,45,0),(3667,592,88.89,'2026-03-24 06:21:01',7,40,45,0),(3668,592,88.89,'2026-03-24 06:21:01',8,40,45,0),(3669,593,95.56,'2026-03-24 06:21:01',1,43,45,0),(3670,593,97.78,'2026-03-24 06:21:01',2,44,45,0),(3671,593,91.11,'2026-03-24 06:21:01',3,41,45,0),(3672,593,95.56,'2026-03-24 06:21:01',4,43,45,0),(3673,593,97.78,'2026-03-24 06:21:01',5,44,45,0),(3674,593,91.11,'2026-03-24 06:21:01',6,41,45,0),(3675,593,95.56,'2026-03-24 06:21:01',7,43,45,0),(3676,593,95.56,'2026-03-24 06:21:01',8,43,45,0),(3677,594,91.11,'2026-03-24 06:21:01',1,41,45,0),(3678,594,95.56,'2026-03-24 06:21:01',2,43,45,0),(3679,594,93.33,'2026-03-24 06:21:01',3,42,45,0),(3680,594,88.89,'2026-03-24 06:21:01',4,40,45,0),(3681,594,91.11,'2026-03-24 06:21:01',5,41,45,0),(3682,594,97.78,'2026-03-24 06:21:01',6,44,45,0),(3683,594,88.89,'2026-03-24 06:21:01',7,40,45,0),(3684,594,95.56,'2026-03-24 06:21:01',8,43,45,0),(3685,595,91.11,'2026-03-24 06:21:01',1,41,45,0),(3686,595,91.11,'2026-03-24 06:21:01',2,41,45,0),(3687,595,93.33,'2026-03-24 06:21:01',3,42,45,0),(3688,595,95.56,'2026-03-24 06:21:01',4,43,45,0),(3689,595,93.33,'2026-03-24 06:21:01',5,42,45,0),(3690,595,97.78,'2026-03-24 06:21:01',6,44,45,0),(3691,595,91.11,'2026-03-24 06:21:01',7,41,45,0),(3692,595,93.33,'2026-03-24 06:21:01',8,42,45,0),(3693,596,93.33,'2026-03-24 06:21:01',1,42,45,0),(3694,596,95.56,'2026-03-24 06:21:01',2,43,45,0),(3695,596,88.89,'2026-03-24 06:21:01',3,40,45,0),(3696,596,95.56,'2026-03-24 06:21:01',4,43,45,0),(3697,596,95.56,'2026-03-24 06:21:01',5,43,45,0),(3698,596,91.11,'2026-03-24 06:21:01',6,41,45,0),(3699,596,93.33,'2026-03-24 06:21:01',7,42,45,0),(3700,596,88.89,'2026-03-24 06:21:01',8,40,45,0),(3701,597,71.11,'2026-03-24 06:21:01',1,32,45,0),(3702,597,57.78,'2026-03-24 06:21:01',2,26,45,0),(3703,597,73.33,'2026-03-24 06:21:01',3,33,45,0),(3704,597,64.44,'2026-03-24 06:21:01',4,29,45,0),(3705,597,75.56,'2026-03-24 06:21:01',5,34,45,0),(3706,597,66.67,'2026-03-24 06:21:01',6,30,45,0),(3707,597,57.78,'2026-03-24 06:21:01',7,26,45,0),(3708,597,66.67,'2026-03-24 06:21:01',8,30,45,0),(3709,598,88.89,'2026-03-24 06:21:01',1,40,45,0),(3710,598,88.89,'2026-03-24 06:21:01',2,40,45,0),(3711,598,93.33,'2026-03-24 06:21:01',3,42,45,0),(3712,598,97.78,'2026-03-24 06:21:01',4,44,45,0),(3713,598,97.78,'2026-03-24 06:21:01',5,44,45,0),(3714,598,95.56,'2026-03-24 06:21:01',6,43,45,0),(3715,598,95.56,'2026-03-24 06:21:01',7,43,45,0),(3716,598,97.78,'2026-03-24 06:21:01',8,44,45,0),(3717,599,73.33,'2026-03-24 06:21:01',1,33,45,0),(3718,599,57.78,'2026-03-24 06:21:01',2,26,45,0),(3719,599,62.22,'2026-03-24 06:21:01',3,28,45,0),(3720,599,64.44,'2026-03-24 06:21:01',4,29,45,0),(3721,599,64.44,'2026-03-24 06:21:01',5,29,45,0),(3722,599,60.00,'2026-03-24 06:21:01',6,27,45,0),(3723,599,71.11,'2026-03-24 06:21:01',7,32,45,0),(3724,599,68.89,'2026-03-24 06:21:01',8,31,45,0),(3725,600,84.44,'2026-03-24 06:21:01',1,38,45,0),(3726,600,82.22,'2026-03-24 06:21:01',2,37,45,0),(3727,600,82.22,'2026-03-24 06:21:01',3,37,45,0),(3728,600,84.44,'2026-03-24 06:21:01',4,38,45,0),(3729,600,77.78,'2026-03-24 06:21:01',5,35,45,0),(3730,600,82.22,'2026-03-24 06:21:01',6,37,45,0),(3731,600,86.67,'2026-03-24 06:21:01',7,39,45,0),(3732,600,86.67,'2026-03-24 06:21:01',8,39,45,0),(3733,601,73.33,'2026-03-24 06:21:01',1,33,45,0),(3734,601,55.56,'2026-03-24 06:21:01',2,25,45,0),(3735,601,55.56,'2026-03-24 06:21:01',3,25,45,0),(3736,601,64.44,'2026-03-24 06:21:01',4,29,45,0),(3737,601,68.89,'2026-03-24 06:21:01',5,31,45,0),(3738,601,57.78,'2026-03-24 06:21:01',6,26,45,0),(3739,601,71.11,'2026-03-24 06:21:01',7,32,45,0),(3740,601,62.22,'2026-03-24 06:21:01',8,28,45,0),(3741,602,91.11,'2026-03-24 06:21:01',1,41,45,0),(3742,602,88.89,'2026-03-24 06:21:01',2,40,45,0),(3743,602,93.33,'2026-03-24 06:21:01',3,42,45,0),(3744,602,95.56,'2026-03-24 06:21:01',4,43,45,0),(3745,602,93.33,'2026-03-24 06:21:01',5,42,45,0),(3746,602,91.11,'2026-03-24 06:21:01',6,41,45,0),(3747,602,88.89,'2026-03-24 06:21:01',7,40,45,0),(3748,602,97.78,'2026-03-24 06:21:01',8,44,45,0),(3749,603,82.22,'2026-03-24 06:21:01',1,37,45,0),(3750,603,84.44,'2026-03-24 06:21:01',2,38,45,0),(3751,603,82.22,'2026-03-24 06:21:01',3,37,45,0),(3752,603,82.22,'2026-03-24 06:21:01',4,37,45,0),(3753,603,84.44,'2026-03-24 06:21:01',5,38,45,0),(3754,603,88.89,'2026-03-24 06:21:01',6,40,45,0),(3755,603,77.78,'2026-03-24 06:21:01',7,35,45,0),(3756,603,88.89,'2026-03-24 06:21:01',8,40,45,0),(3757,604,68.89,'2026-03-24 06:21:01',1,31,45,0),(3758,604,75.56,'2026-03-24 06:21:01',2,34,45,0),(3759,604,64.44,'2026-03-24 06:21:01',3,29,45,0),(3760,604,66.67,'2026-03-24 06:21:01',4,30,45,0),(3761,604,64.44,'2026-03-24 06:21:01',5,29,45,0),(3762,604,64.44,'2026-03-24 06:21:01',6,29,45,0),(3763,604,68.89,'2026-03-24 06:21:01',7,31,45,0),(3764,604,62.22,'2026-03-24 06:21:01',8,28,45,0),(3765,605,84.44,'2026-03-24 06:21:01',1,38,45,0),(3766,605,80.00,'2026-03-24 06:21:01',2,36,45,0),(3767,605,84.44,'2026-03-24 06:21:01',3,38,45,0),(3768,605,91.11,'2026-03-24 06:21:01',4,41,45,0),(3769,605,86.67,'2026-03-24 06:21:01',5,39,45,0),(3770,605,82.22,'2026-03-24 06:21:01',6,37,45,0),(3771,605,88.89,'2026-03-24 06:21:01',7,40,45,0),(3772,605,84.44,'2026-03-24 06:21:01',8,38,45,0),(3773,606,95.56,'2026-03-24 06:21:01',1,43,45,0),(3774,606,93.33,'2026-03-24 06:21:01',2,42,45,0),(3775,606,93.33,'2026-03-24 06:21:01',3,42,45,0),(3776,606,97.78,'2026-03-24 06:21:01',4,44,45,0),(3777,606,95.56,'2026-03-24 06:21:01',5,43,45,0),(3778,606,95.56,'2026-03-24 06:21:01',6,43,45,0),(3779,606,95.56,'2026-03-24 06:21:01',7,43,45,0),(3780,606,91.11,'2026-03-24 06:21:01',8,41,45,0),(3781,607,88.89,'2026-03-24 06:21:01',1,40,45,0),(3782,607,84.44,'2026-03-24 06:21:01',2,38,45,0),(3783,607,80.00,'2026-03-24 06:21:01',3,36,45,0),(3784,607,88.89,'2026-03-24 06:21:01',4,40,45,0),(3785,607,82.22,'2026-03-24 06:21:01',5,37,45,0),(3786,607,86.67,'2026-03-24 06:21:01',6,39,45,0),(3787,607,86.67,'2026-03-24 06:21:01',7,39,45,0),(3788,607,80.00,'2026-03-24 06:21:01',8,36,45,0),(3789,608,95.56,'2026-03-24 06:21:01',1,43,45,0),(3790,608,95.56,'2026-03-24 06:21:01',2,43,45,0),(3791,608,97.78,'2026-03-24 06:21:01',3,44,45,0),(3792,608,95.56,'2026-03-24 06:21:01',4,43,45,0),(3793,608,88.89,'2026-03-24 06:21:01',5,40,45,0),(3794,608,93.33,'2026-03-24 06:21:01',6,42,45,0),(3795,608,91.11,'2026-03-24 06:21:01',7,41,45,0),(3796,608,93.33,'2026-03-24 06:21:01',8,42,45,0),(3797,609,86.67,'2026-03-24 06:21:01',1,39,45,0),(3798,609,80.00,'2026-03-24 06:21:01',2,36,45,0),(3799,609,84.44,'2026-03-24 06:21:01',3,38,45,0),(3800,609,84.44,'2026-03-24 06:21:01',4,38,45,0),(3801,609,86.67,'2026-03-24 06:21:01',5,39,45,0),(3802,609,82.22,'2026-03-24 06:21:01',6,37,45,0),(3803,609,91.11,'2026-03-24 06:21:01',7,41,45,0),(3804,609,88.89,'2026-03-24 06:21:01',8,40,45,0),(3805,610,95.56,'2026-03-24 06:21:01',1,43,45,0),(3806,610,88.89,'2026-03-24 06:21:01',2,40,45,0),(3807,610,88.89,'2026-03-24 06:21:01',3,40,45,0),(3808,610,97.78,'2026-03-24 06:21:01',4,44,45,0),(3809,610,88.89,'2026-03-24 06:21:01',5,40,45,0),(3810,610,91.11,'2026-03-24 06:21:01',6,41,45,0),(3811,610,95.56,'2026-03-24 06:21:01',7,43,45,0),(3812,610,88.89,'2026-03-24 06:21:01',8,40,45,0),(3813,611,73.33,'2026-03-24 06:21:01',1,33,45,0),(3814,611,55.56,'2026-03-24 06:21:01',2,25,45,0),(3815,611,73.33,'2026-03-24 06:21:01',3,33,45,0),(3816,611,60.00,'2026-03-24 06:21:01',4,27,45,0),(3817,611,60.00,'2026-03-24 06:21:01',5,27,45,0),(3818,611,60.00,'2026-03-24 06:21:01',6,27,45,0),(3819,611,75.56,'2026-03-24 06:21:01',7,34,45,0),(3820,611,75.56,'2026-03-24 06:21:01',8,34,45,0),(3821,612,97.78,'2026-03-24 06:21:01',1,44,45,0),(3822,612,93.33,'2026-03-24 06:21:01',2,42,45,0),(3823,612,91.11,'2026-03-24 06:21:01',3,41,45,0),(3824,612,97.78,'2026-03-24 06:21:01',4,44,45,0),(3825,612,93.33,'2026-03-24 06:21:01',5,42,45,0),(3826,612,95.56,'2026-03-24 06:21:01',6,43,45,0),(3827,612,91.11,'2026-03-24 06:21:01',7,41,45,0),(3828,612,95.56,'2026-03-24 06:21:01',8,43,45,0),(3829,613,84.44,'2026-03-24 06:21:01',1,38,45,0),(3830,613,91.11,'2026-03-24 06:21:01',2,41,45,0),(3831,613,84.44,'2026-03-24 06:21:01',3,38,45,0),(3832,613,91.11,'2026-03-24 06:21:01',4,41,45,0),(3833,613,88.89,'2026-03-24 06:21:01',5,40,45,0),(3834,613,77.78,'2026-03-24 06:21:01',6,35,45,0),(3835,613,84.44,'2026-03-24 06:21:01',7,38,45,0),(3836,613,77.78,'2026-03-24 06:21:01',8,35,45,0),(3837,614,88.89,'2026-03-24 06:21:01',1,40,45,0),(3838,614,91.11,'2026-03-24 06:21:01',2,41,45,0),(3839,614,77.78,'2026-03-24 06:21:01',3,35,45,0),(3840,614,88.89,'2026-03-24 06:21:01',4,40,45,0),(3841,614,82.22,'2026-03-24 06:21:01',5,37,45,0),(3842,614,80.00,'2026-03-24 06:21:01',6,36,45,0),(3843,614,86.67,'2026-03-24 06:21:01',7,39,45,0),(3844,614,82.22,'2026-03-24 06:21:01',8,37,45,0),(3845,615,93.33,'2026-03-24 06:21:01',1,42,45,0),(3846,615,95.56,'2026-03-24 06:21:01',2,43,45,0),(3847,615,91.11,'2026-03-24 06:21:01',3,41,45,0),(3848,615,93.33,'2026-03-24 06:21:01',4,42,45,0),(3849,615,91.11,'2026-03-24 06:21:01',5,41,45,0),(3850,615,93.33,'2026-03-24 06:21:01',6,42,45,0),(3851,615,95.56,'2026-03-24 06:21:01',7,43,45,0),(3852,615,91.11,'2026-03-24 06:21:01',8,41,45,0),(3853,616,91.11,'2026-03-24 06:21:01',1,41,45,0),(3854,616,97.78,'2026-03-24 06:21:01',2,44,45,0),(3855,616,91.11,'2026-03-24 06:21:01',3,41,45,0),(3856,616,91.11,'2026-03-24 06:21:01',4,41,45,0),(3857,616,88.89,'2026-03-24 06:21:01',5,40,45,0),(3858,616,93.33,'2026-03-24 06:21:01',6,42,45,0),(3859,616,88.89,'2026-03-24 06:21:01',7,40,45,0),(3860,616,95.56,'2026-03-24 06:21:01',8,43,45,0),(3861,617,86.67,'2026-03-24 06:21:01',1,39,45,0),(3862,617,88.89,'2026-03-24 06:21:01',2,40,45,0),(3863,617,77.78,'2026-03-24 06:21:01',3,35,45,0),(3864,617,80.00,'2026-03-24 06:21:01',4,36,45,0),(3865,617,82.22,'2026-03-24 06:21:01',5,37,45,0),(3866,617,86.67,'2026-03-24 06:21:01',6,39,45,0),(3867,617,86.67,'2026-03-24 06:21:01',7,39,45,0),(3868,617,88.89,'2026-03-24 06:21:01',8,40,45,0),(3869,618,93.33,'2026-03-24 06:21:01',1,42,45,0),(3870,618,88.89,'2026-03-24 06:21:01',2,40,45,0),(3871,618,95.56,'2026-03-24 06:21:01',3,43,45,0),(3872,618,97.78,'2026-03-24 06:21:01',4,44,45,0),(3873,618,95.56,'2026-03-24 06:21:01',5,43,45,0),(3874,618,91.11,'2026-03-24 06:21:01',6,41,45,0),(3875,618,91.11,'2026-03-24 06:21:01',7,41,45,0),(3876,618,95.56,'2026-03-24 06:21:01',8,43,45,0),(3877,619,97.78,'2026-03-24 06:21:01',1,44,45,0),(3878,619,93.33,'2026-03-24 06:21:01',2,42,45,0),(3879,619,91.11,'2026-03-24 06:21:01',3,41,45,0),(3880,619,88.89,'2026-03-24 06:21:01',4,40,45,0),(3881,619,97.78,'2026-03-24 06:21:01',5,44,45,0),(3882,619,91.11,'2026-03-24 06:21:01',6,41,45,0),(3883,619,88.89,'2026-03-24 06:21:01',7,40,45,0),(3884,619,88.89,'2026-03-24 06:21:01',8,40,45,0),(3885,620,82.22,'2026-03-24 06:21:01',1,37,45,0),(3886,620,91.11,'2026-03-24 06:21:01',2,41,45,0),(3887,620,77.78,'2026-03-24 06:21:01',3,35,45,0),(3888,620,88.89,'2026-03-24 06:21:01',4,40,45,0),(3889,620,88.89,'2026-03-24 06:21:01',5,40,45,0),(3890,620,80.00,'2026-03-24 06:21:01',6,36,45,0),(3891,620,77.78,'2026-03-24 06:21:01',7,35,45,0),(3892,620,88.89,'2026-03-24 06:21:01',8,40,45,0),(3893,621,88.89,'2026-03-24 06:21:01',1,40,45,0),(3894,621,88.89,'2026-03-24 06:21:01',2,40,45,0),(3895,621,91.11,'2026-03-24 06:21:01',3,41,45,0),(3896,621,84.44,'2026-03-24 06:21:01',4,38,45,0),(3897,621,86.67,'2026-03-24 06:21:01',5,39,45,0),(3898,621,86.67,'2026-03-24 06:21:01',6,39,45,0),(3899,621,88.89,'2026-03-24 06:21:01',7,40,45,0),(3900,621,82.22,'2026-03-24 06:21:01',8,37,45,0),(3901,622,97.78,'2026-03-24 06:21:01',1,44,45,0),(3902,622,88.89,'2026-03-24 06:21:01',2,40,45,0),(3903,622,97.78,'2026-03-24 06:21:01',3,44,45,0),(3904,622,91.11,'2026-03-24 06:21:01',4,41,45,0),(3905,622,95.56,'2026-03-24 06:21:01',5,43,45,0),(3906,622,97.78,'2026-03-24 06:21:01',6,44,45,0),(3907,622,97.78,'2026-03-24 06:21:01',7,44,45,0),(3908,622,91.11,'2026-03-24 06:21:01',8,41,45,0),(3909,623,93.33,'2026-03-24 06:21:01',1,42,45,0),(3910,623,95.56,'2026-03-24 06:21:01',2,43,45,0),(3911,623,97.78,'2026-03-24 06:21:01',3,44,45,0),(3912,623,97.78,'2026-03-24 06:21:01',4,44,45,0),(3913,623,95.56,'2026-03-24 06:21:01',5,43,45,0),(3914,623,91.11,'2026-03-24 06:21:01',6,41,45,0),(3915,623,91.11,'2026-03-24 06:21:01',7,41,45,0),(3916,623,93.33,'2026-03-24 06:21:01',8,42,45,0),(3917,624,88.89,'2026-03-24 06:21:01',1,40,45,0),(3918,624,77.78,'2026-03-24 06:21:01',2,35,45,0),(3919,624,77.78,'2026-03-24 06:21:01',3,35,45,0),(3920,624,80.00,'2026-03-24 06:21:01',4,36,45,0),(3921,624,77.78,'2026-03-24 06:21:01',5,35,45,0),(3922,624,86.67,'2026-03-24 06:21:01',6,39,45,0),(3923,624,84.44,'2026-03-24 06:21:01',7,38,45,0),(3924,624,77.78,'2026-03-24 06:21:01',8,35,45,0),(3925,625,97.78,'2026-03-24 06:21:01',1,44,45,0),(3926,625,95.56,'2026-03-24 06:21:01',2,43,45,0),(3927,625,91.11,'2026-03-24 06:21:01',3,41,45,0),(3928,625,93.33,'2026-03-24 06:21:01',4,42,45,0),(3929,625,93.33,'2026-03-24 06:21:01',5,42,45,0),(3930,625,95.56,'2026-03-24 06:21:01',6,43,45,0),(3931,625,95.56,'2026-03-24 06:21:01',7,43,45,0),(3932,625,88.89,'2026-03-24 06:21:01',8,40,45,0),(3933,626,68.89,'2026-03-24 06:21:01',1,31,45,0),(3934,626,60.00,'2026-03-24 06:21:01',2,27,45,0),(3935,626,57.78,'2026-03-24 06:21:01',3,26,45,0),(3936,626,75.56,'2026-03-24 06:21:01',4,34,45,0),(3937,626,55.56,'2026-03-24 06:21:01',5,25,45,0),(3938,626,60.00,'2026-03-24 06:21:01',6,27,45,0),(3939,626,75.56,'2026-03-24 06:21:01',7,34,45,0),(3940,626,68.89,'2026-03-24 06:21:01',8,31,45,0),(3941,627,64.44,'2026-03-24 06:21:01',1,29,45,0),(3942,627,55.56,'2026-03-24 06:21:01',2,25,45,0),(3943,627,60.00,'2026-03-24 06:21:01',3,27,45,0),(3944,627,55.56,'2026-03-24 06:21:01',4,25,45,0),(3945,627,66.67,'2026-03-24 06:21:01',5,30,45,0),(3946,627,60.00,'2026-03-24 06:21:01',6,27,45,0),(3947,627,62.22,'2026-03-24 06:21:01',7,28,45,0),(3948,627,62.22,'2026-03-24 06:21:01',8,28,45,0),(3949,628,66.67,'2026-03-24 06:21:01',1,30,45,0),(3950,628,71.11,'2026-03-24 06:21:01',2,32,45,0),(3951,628,57.78,'2026-03-24 06:21:01',3,26,45,0),(3952,628,75.56,'2026-03-24 06:21:01',4,34,45,0),(3953,628,68.89,'2026-03-24 06:21:01',5,31,45,0),(3954,628,55.56,'2026-03-24 06:21:01',6,25,45,0),(3955,628,75.56,'2026-03-24 06:21:01',7,34,45,0),(3956,628,60.00,'2026-03-24 06:21:01',8,27,45,0),(3957,629,66.67,'2026-03-24 06:21:01',1,30,45,0),(3958,629,71.11,'2026-03-24 06:21:01',2,32,45,0),(3959,629,57.78,'2026-03-24 06:21:01',3,26,45,0),(3960,629,62.22,'2026-03-24 06:21:01',4,28,45,0),(3961,629,57.78,'2026-03-24 06:21:01',5,26,45,0),(3962,629,68.89,'2026-03-24 06:21:01',6,31,45,0),(3963,629,66.67,'2026-03-24 06:21:01',7,30,45,0),(3964,629,75.56,'2026-03-24 06:21:01',8,34,45,0),(3965,630,84.44,'2026-03-24 06:21:01',1,38,45,0),(3966,630,82.22,'2026-03-24 06:21:01',2,37,45,0),(3967,630,77.78,'2026-03-24 06:21:01',3,35,45,0),(3968,630,77.78,'2026-03-24 06:21:01',4,35,45,0),(3969,630,77.78,'2026-03-24 06:21:01',5,35,45,0),(3970,630,91.11,'2026-03-24 06:21:01',6,41,45,0),(3971,630,77.78,'2026-03-24 06:21:01',7,35,45,0),(3972,630,91.11,'2026-03-24 06:21:01',8,41,45,0),(3973,631,68.89,'2026-03-24 06:21:01',1,31,45,0),(3974,631,71.11,'2026-03-24 06:21:01',2,32,45,0),(3975,631,64.44,'2026-03-24 06:21:01',3,29,45,0),(3976,631,73.33,'2026-03-24 06:21:01',4,33,45,0),(3977,631,55.56,'2026-03-24 06:21:01',5,25,45,0),(3978,631,68.89,'2026-03-24 06:21:01',6,31,45,0),(3979,631,75.56,'2026-03-24 06:21:01',7,34,45,0),(3980,631,66.67,'2026-03-24 06:21:01',8,30,45,0),(3981,632,60.00,'2026-03-24 06:21:01',1,27,45,0),(3982,632,71.11,'2026-03-24 06:21:01',2,32,45,0),(3983,632,57.78,'2026-03-24 06:21:01',3,26,45,0),(3984,632,66.67,'2026-03-24 06:21:01',4,30,45,0),(3985,632,68.89,'2026-03-24 06:21:01',5,31,45,0),(3986,632,60.00,'2026-03-24 06:21:01',6,27,45,0),(3987,632,57.78,'2026-03-24 06:21:01',7,26,45,0),(3988,632,64.44,'2026-03-24 06:21:01',8,29,45,0),(3989,633,55.56,'2026-03-24 06:21:01',1,25,45,0),(3990,633,71.11,'2026-03-24 06:21:01',2,32,45,0),(3991,633,62.22,'2026-03-24 06:21:01',3,28,45,0),(3992,633,57.78,'2026-03-24 06:21:01',4,26,45,0),(3993,633,71.11,'2026-03-24 06:21:01',5,32,45,0),(3994,633,55.56,'2026-03-24 06:21:01',6,25,45,0),(3995,633,57.78,'2026-03-24 06:21:01',7,26,45,0),(3996,633,66.67,'2026-03-24 06:21:01',8,30,45,0),(3997,634,88.89,'2026-03-24 06:21:01',1,40,45,0),(3998,634,80.00,'2026-03-24 06:21:01',2,36,45,0),(3999,634,88.89,'2026-03-24 06:21:01',3,40,45,0),(4000,634,86.67,'2026-03-24 06:21:01',4,39,45,0),(4001,634,86.67,'2026-03-24 06:21:01',5,39,45,0),(4002,634,91.11,'2026-03-24 06:21:01',6,41,45,0),(4003,634,77.78,'2026-03-24 06:21:01',7,35,45,0),(4004,634,88.89,'2026-03-24 06:21:01',8,40,45,0),(4005,635,91.11,'2026-03-24 06:21:01',1,41,45,0),(4006,635,91.11,'2026-03-24 06:21:01',2,41,45,0),(4007,635,97.78,'2026-03-24 06:21:01',3,44,45,0),(4008,635,95.56,'2026-03-24 06:21:01',4,43,45,0),(4009,635,97.78,'2026-03-24 06:21:01',5,44,45,0),(4010,635,88.89,'2026-03-24 06:21:01',6,40,45,0),(4011,635,95.56,'2026-03-24 06:21:01',7,43,45,0),(4012,635,93.33,'2026-03-24 06:21:01',8,42,45,0),(4013,636,93.33,'2026-03-24 06:21:01',1,42,45,0),(4014,636,88.89,'2026-03-24 06:21:01',2,40,45,0),(4015,636,88.89,'2026-03-24 06:21:01',3,40,45,0),(4016,636,95.56,'2026-03-24 06:21:01',4,43,45,0),(4017,636,93.33,'2026-03-24 06:21:01',5,42,45,0),(4018,636,88.89,'2026-03-24 06:21:01',6,40,45,0),(4019,636,88.89,'2026-03-24 06:21:01',7,40,45,0),(4020,636,88.89,'2026-03-24 06:21:01',8,40,45,0),(4021,637,95.56,'2026-03-24 06:21:01',1,43,45,0),(4022,637,91.11,'2026-03-24 06:21:01',2,41,45,0),(4023,637,93.33,'2026-03-24 06:21:01',3,42,45,0),(4024,637,97.78,'2026-03-24 06:21:01',4,44,45,0),(4025,637,95.56,'2026-03-24 06:21:01',5,43,45,0),(4026,637,91.11,'2026-03-24 06:21:01',6,41,45,0),(4027,637,95.56,'2026-03-24 06:21:01',7,43,45,0),(4028,637,97.78,'2026-03-24 06:21:01',8,44,45,0),(4029,638,88.89,'2026-03-24 06:21:01',1,40,45,0),(4030,638,95.56,'2026-03-24 06:21:01',2,43,45,0),(4031,638,97.78,'2026-03-24 06:21:01',3,44,45,0),(4032,638,91.11,'2026-03-24 06:21:01',4,41,45,0),(4033,638,93.33,'2026-03-24 06:21:01',5,42,45,0),(4034,638,95.56,'2026-03-24 06:21:01',6,43,45,0),(4035,638,97.78,'2026-03-24 06:21:01',7,44,45,0),(4036,638,95.56,'2026-03-24 06:21:01',8,43,45,0),(4037,639,71.11,'2026-03-24 06:21:01',1,32,45,0),(4038,639,60.00,'2026-03-24 06:21:01',2,27,45,0),(4039,639,60.00,'2026-03-24 06:21:01',3,27,45,0),(4040,639,55.56,'2026-03-24 06:21:01',4,25,45,0),(4041,639,64.44,'2026-03-24 06:21:01',5,29,45,0),(4042,639,68.89,'2026-03-24 06:21:01',6,31,45,0),(4043,639,55.56,'2026-03-24 06:21:01',7,25,45,0),(4044,639,71.11,'2026-03-24 06:21:01',8,32,45,0),(4045,640,97.78,'2026-03-24 06:21:01',1,44,45,0),(4046,640,97.78,'2026-03-24 06:21:01',2,44,45,0),(4047,640,88.89,'2026-03-24 06:21:01',3,40,45,0),(4048,640,91.11,'2026-03-24 06:21:01',4,41,45,0),(4049,640,91.11,'2026-03-24 06:21:01',5,41,45,0),(4050,640,95.56,'2026-03-24 06:21:01',6,43,45,0),(4051,640,91.11,'2026-03-24 06:21:01',7,41,45,0),(4052,640,95.56,'2026-03-24 06:21:01',8,43,45,0),(4053,641,93.33,'2026-03-24 06:21:01',1,42,45,0),(4054,641,88.89,'2026-03-24 06:21:01',2,40,45,0),(4055,641,93.33,'2026-03-24 06:21:01',3,42,45,0),(4056,641,97.78,'2026-03-24 06:21:01',4,44,45,0),(4057,641,91.11,'2026-03-24 06:21:01',5,41,45,0),(4058,641,97.78,'2026-03-24 06:21:01',6,44,45,0),(4059,641,95.56,'2026-03-24 06:21:01',7,43,45,0),(4060,641,91.11,'2026-03-24 06:21:01',8,41,45,0),(4061,642,97.78,'2026-03-24 06:21:01',1,44,45,0),(4062,642,93.33,'2026-03-24 06:21:01',2,42,45,0),(4063,642,97.78,'2026-03-24 06:21:01',3,44,45,0),(4064,642,97.78,'2026-03-24 06:21:01',4,44,45,0),(4065,642,91.11,'2026-03-24 06:21:01',5,41,45,0),(4066,642,91.11,'2026-03-24 06:21:01',6,41,45,0),(4067,642,95.56,'2026-03-24 06:21:01',7,43,45,0),(4068,642,97.78,'2026-03-24 06:21:01',8,44,45,0),(4069,643,91.11,'2026-03-24 06:21:01',1,41,45,0),(4070,643,82.22,'2026-03-24 06:21:01',2,37,45,0),(4071,643,84.44,'2026-03-24 06:21:01',3,38,45,0),(4072,643,80.00,'2026-03-24 06:21:01',4,36,45,0),(4073,643,88.89,'2026-03-24 06:21:01',5,40,45,0),(4074,643,86.67,'2026-03-24 06:21:01',6,39,45,0),(4075,643,82.22,'2026-03-24 06:21:01',7,37,45,0),(4076,643,77.78,'2026-03-24 06:21:01',8,35,45,0),(4077,644,95.56,'2026-03-24 06:21:01',1,43,45,0),(4078,644,97.78,'2026-03-24 06:21:01',2,44,45,0),(4079,644,95.56,'2026-03-24 06:21:01',3,43,45,0),(4080,644,88.89,'2026-03-24 06:21:01',4,40,45,0),(4081,644,93.33,'2026-03-24 06:21:01',5,42,45,0),(4082,644,97.78,'2026-03-24 06:21:01',6,44,45,0),(4083,644,93.33,'2026-03-24 06:21:01',7,42,45,0),(4084,644,88.89,'2026-03-24 06:21:01',8,40,45,0),(4085,645,64.44,'2026-03-24 06:21:01',1,29,45,0),(4086,645,68.89,'2026-03-24 06:21:01',2,31,45,0),(4087,645,71.11,'2026-03-24 06:21:01',3,32,45,0),(4088,645,62.22,'2026-03-24 06:21:01',4,28,45,0),(4089,645,73.33,'2026-03-24 06:21:01',5,33,45,0),(4090,645,71.11,'2026-03-24 06:21:01',6,32,45,0),(4091,645,73.33,'2026-03-24 06:21:01',7,33,45,0),(4092,645,66.67,'2026-03-24 06:21:01',8,30,45,0),(4093,646,95.56,'2026-03-24 06:21:01',1,43,45,0),(4094,646,93.33,'2026-03-24 06:21:01',2,42,45,0),(4095,646,97.78,'2026-03-24 06:21:01',3,44,45,0),(4096,646,95.56,'2026-03-24 06:21:01',4,43,45,0),(4097,646,93.33,'2026-03-24 06:21:01',5,42,45,0),(4098,646,97.78,'2026-03-24 06:21:01',6,44,45,0),(4099,646,97.78,'2026-03-24 06:21:01',7,44,45,0),(4100,646,97.78,'2026-03-24 06:21:01',8,44,45,0),(4101,647,91.11,'2026-03-24 06:21:01',1,41,45,0),(4102,647,88.89,'2026-03-24 06:21:01',2,40,45,0),(4103,647,93.33,'2026-03-24 06:21:01',3,42,45,0),(4104,647,93.33,'2026-03-24 06:21:01',4,42,45,0),(4105,647,91.11,'2026-03-24 06:21:01',5,41,45,0),(4106,647,88.89,'2026-03-24 06:21:01',6,40,45,0),(4107,647,91.11,'2026-03-24 06:21:01',7,41,45,0),(4108,647,93.33,'2026-03-24 06:21:01',8,42,45,0),(4109,648,91.11,'2026-03-24 06:21:01',1,41,45,0),(4110,648,97.78,'2026-03-24 06:21:01',2,44,45,0),(4111,648,95.56,'2026-03-24 06:21:01',3,43,45,0),(4112,648,88.89,'2026-03-24 06:21:01',4,40,45,0),(4113,648,88.89,'2026-03-24 06:21:01',5,40,45,0),(4114,648,93.33,'2026-03-24 06:21:01',6,42,45,0),(4115,648,91.11,'2026-03-24 06:21:01',7,41,45,0),(4116,648,97.78,'2026-03-24 06:21:01',8,44,45,0),(4117,649,84.44,'2026-03-24 06:21:01',1,38,45,0),(4118,649,88.89,'2026-03-24 06:21:01',2,40,45,0),(4119,649,82.22,'2026-03-24 06:21:01',3,37,45,0),(4120,649,77.78,'2026-03-24 06:21:01',4,35,45,0),(4121,649,77.78,'2026-03-24 06:21:01',5,35,45,0),(4122,649,88.89,'2026-03-24 06:21:01',6,40,45,0),(4123,649,88.89,'2026-03-24 06:21:01',7,40,45,0),(4124,649,77.78,'2026-03-24 06:21:01',8,35,45,0),(4125,650,68.89,'2026-03-24 06:21:01',1,31,45,0),(4126,650,64.44,'2026-03-24 06:21:01',2,29,45,0),(4127,650,71.11,'2026-03-24 06:21:01',3,32,45,0),(4128,650,64.44,'2026-03-24 06:21:01',4,29,45,0),(4129,650,62.22,'2026-03-24 06:21:01',5,28,45,0),(4130,650,68.89,'2026-03-24 06:21:01',6,31,45,0),(4131,650,71.11,'2026-03-24 06:21:01',7,32,45,0),(4132,650,55.56,'2026-03-24 06:21:01',8,25,45,0),(4133,651,95.56,'2026-03-24 06:21:01',1,43,45,0),(4134,651,95.56,'2026-03-24 06:21:01',2,43,45,0),(4135,651,88.89,'2026-03-24 06:21:01',3,40,45,0),(4136,651,88.89,'2026-03-24 06:21:01',4,40,45,0),(4137,651,95.56,'2026-03-24 06:21:01',5,43,45,0),(4138,651,95.56,'2026-03-24 06:21:01',6,43,45,0),(4139,651,88.89,'2026-03-24 06:21:01',7,40,45,0),(4140,651,88.89,'2026-03-24 06:21:01',8,40,45,0),(4141,652,88.89,'2026-03-24 06:21:01',1,40,45,0),(4142,652,82.22,'2026-03-24 06:21:01',2,37,45,0),(4143,652,84.44,'2026-03-24 06:21:01',3,38,45,0),(4144,652,84.44,'2026-03-24 06:21:01',4,38,45,0),(4145,652,80.00,'2026-03-24 06:21:01',5,36,45,0),(4146,652,84.44,'2026-03-24 06:21:01',6,38,45,0),(4147,652,91.11,'2026-03-24 06:21:01',7,41,45,0),(4148,652,77.78,'2026-03-24 06:21:01',8,35,45,0),(4149,653,93.33,'2026-03-24 06:21:01',1,42,45,0),(4150,653,93.33,'2026-03-24 06:21:01',2,42,45,0),(4151,653,91.11,'2026-03-24 06:21:01',3,41,45,0),(4152,653,88.89,'2026-03-24 06:21:01',4,40,45,0),(4153,653,93.33,'2026-03-24 06:21:01',5,42,45,0),(4154,653,97.78,'2026-03-24 06:21:01',6,44,45,0),(4155,653,91.11,'2026-03-24 06:21:01',7,41,45,0),(4156,653,97.78,'2026-03-24 06:21:01',8,44,45,0),(4157,654,55.56,'2026-03-24 06:21:01',1,25,45,0),(4158,654,73.33,'2026-03-24 06:21:01',2,33,45,0),(4159,654,75.56,'2026-03-24 06:21:01',3,34,45,0),(4160,654,71.11,'2026-03-24 06:21:01',4,32,45,0),(4161,654,71.11,'2026-03-24 06:21:01',5,32,45,0),(4162,654,71.11,'2026-03-24 06:21:01',6,32,45,0),(4163,654,66.67,'2026-03-24 06:21:01',7,30,45,0),(4164,654,55.56,'2026-03-24 06:21:01',8,25,45,0),(4165,655,93.33,'2026-03-24 06:21:01',1,42,45,0),(4166,655,88.89,'2026-03-24 06:21:01',2,40,45,0),(4167,655,97.78,'2026-03-24 06:21:01',3,44,45,0),(4168,655,97.78,'2026-03-24 06:21:01',4,44,45,0),(4169,655,88.89,'2026-03-24 06:21:01',5,40,45,0),(4170,655,88.89,'2026-03-24 06:21:01',6,40,45,0),(4171,655,88.89,'2026-03-24 06:21:01',7,40,45,0),(4172,655,88.89,'2026-03-24 06:21:01',8,40,45,0),(4173,656,84.44,'2026-03-24 06:21:01',1,38,45,0),(4174,656,82.22,'2026-03-24 06:21:01',2,37,45,0),(4175,656,86.67,'2026-03-24 06:21:01',3,39,45,0),(4176,656,80.00,'2026-03-24 06:21:01',4,36,45,0),(4177,656,82.22,'2026-03-24 06:21:01',5,37,45,0),(4178,656,86.67,'2026-03-24 06:21:01',6,39,45,0),(4179,656,84.44,'2026-03-24 06:21:01',7,38,45,0),(4180,656,84.44,'2026-03-24 06:21:01',8,38,45,0),(4181,657,91.11,'2026-03-24 06:21:01',1,41,45,0),(4182,657,95.56,'2026-03-24 06:21:01',2,43,45,0),(4183,657,88.89,'2026-03-24 06:21:01',3,40,45,0),(4184,657,97.78,'2026-03-24 06:21:01',4,44,45,0),(4185,657,91.11,'2026-03-24 06:21:01',5,41,45,0),(4186,657,91.11,'2026-03-24 06:21:01',6,41,45,0),(4187,657,91.11,'2026-03-24 06:21:01',7,41,45,0),(4188,657,95.56,'2026-03-24 06:21:01',8,43,45,0),(4189,658,88.89,'2026-03-24 06:21:01',1,40,45,0),(4190,658,84.44,'2026-03-24 06:21:01',2,38,45,0),(4191,658,80.00,'2026-03-24 06:21:01',3,36,45,0),(4192,658,77.78,'2026-03-24 06:21:01',4,35,45,0),(4193,658,86.67,'2026-03-24 06:21:01',5,39,45,0),(4194,658,91.11,'2026-03-24 06:21:01',6,41,45,0),(4195,658,82.22,'2026-03-24 06:21:01',7,37,45,0),(4196,658,91.11,'2026-03-24 06:21:01',8,41,45,0),(4197,659,80.00,'2026-03-24 06:21:01',1,36,45,0),(4198,659,80.00,'2026-03-24 06:21:01',2,36,45,0),(4199,659,86.67,'2026-03-24 06:21:01',3,39,45,0),(4200,659,84.44,'2026-03-24 06:21:01',4,38,45,0),(4201,659,80.00,'2026-03-24 06:21:01',5,36,45,0),(4202,659,77.78,'2026-03-24 06:21:01',6,35,45,0),(4203,659,82.22,'2026-03-24 06:21:01',7,37,45,0),(4204,659,77.78,'2026-03-24 06:21:01',8,35,45,0),(4205,660,71.11,'2026-03-24 06:21:01',1,32,45,0),(4206,660,66.67,'2026-03-24 06:21:01',2,30,45,0),(4207,660,66.67,'2026-03-24 06:21:01',3,30,45,0),(4208,660,60.00,'2026-03-24 06:21:01',4,27,45,0),(4209,660,68.89,'2026-03-24 06:21:01',5,31,45,0),(4210,660,55.56,'2026-03-24 06:21:01',6,25,45,0),(4211,660,57.78,'2026-03-24 06:21:01',7,26,45,0),(4212,660,64.44,'2026-03-24 06:21:01',8,29,45,0),(4213,661,75.56,'2026-03-24 06:21:01',1,34,45,0),(4214,661,66.67,'2026-03-24 06:21:01',2,30,45,0),(4215,661,68.89,'2026-03-24 06:21:01',3,31,45,0),(4216,661,66.67,'2026-03-24 06:21:01',4,30,45,0),(4217,661,55.56,'2026-03-24 06:21:01',5,25,45,0),(4218,661,66.67,'2026-03-24 06:21:01',6,30,45,0),(4219,661,68.89,'2026-03-24 06:21:01',7,31,45,0),(4220,661,60.00,'2026-03-24 06:21:01',8,27,45,0),(4221,662,97.78,'2026-03-24 06:21:01',1,44,45,0),(4222,662,97.78,'2026-03-24 06:21:01',2,44,45,0),(4223,662,91.11,'2026-03-24 06:21:01',3,41,45,0),(4224,662,97.78,'2026-03-24 06:21:01',4,44,45,0),(4225,662,97.78,'2026-03-24 06:21:01',5,44,45,0),(4226,662,88.89,'2026-03-24 06:21:01',6,40,45,0),(4227,662,95.56,'2026-03-24 06:21:01',7,43,45,0),(4228,662,97.78,'2026-03-24 06:21:01',8,44,45,0),(4229,663,91.11,'2026-03-24 06:21:01',1,41,45,0),(4230,663,88.89,'2026-03-24 06:21:01',2,40,45,0),(4231,663,91.11,'2026-03-24 06:21:01',3,41,45,0),(4232,663,97.78,'2026-03-24 06:21:01',4,44,45,0),(4233,663,88.89,'2026-03-24 06:21:01',5,40,45,0),(4234,663,91.11,'2026-03-24 06:21:01',6,41,45,0),(4235,663,93.33,'2026-03-24 06:21:01',7,42,45,0),(4236,663,91.11,'2026-03-24 06:21:01',8,41,45,0),(4237,664,86.67,'2026-03-24 06:21:01',1,39,45,0),(4238,664,86.67,'2026-03-24 06:21:01',2,39,45,0),(4239,664,86.67,'2026-03-24 06:21:01',3,39,45,0),(4240,664,80.00,'2026-03-24 06:21:01',4,36,45,0),(4241,664,82.22,'2026-03-24 06:21:01',5,37,45,0),(4242,664,82.22,'2026-03-24 06:21:01',6,37,45,0),(4243,664,77.78,'2026-03-24 06:21:01',7,35,45,0),(4244,664,80.00,'2026-03-24 06:21:01',8,36,45,0),(4245,665,91.11,'2026-03-24 06:21:01',1,41,45,0),(4246,665,84.44,'2026-03-24 06:21:01',2,38,45,0),(4247,665,84.44,'2026-03-24 06:21:01',3,38,45,0),(4248,665,84.44,'2026-03-24 06:21:01',4,38,45,0),(4249,665,77.78,'2026-03-24 06:21:01',5,35,45,0),(4250,665,84.44,'2026-03-24 06:21:01',6,38,45,0),(4251,665,80.00,'2026-03-24 06:21:01',7,36,45,0),(4252,665,88.89,'2026-03-24 06:21:01',8,40,45,0),(4253,666,97.78,'2026-03-24 06:21:01',1,44,45,0),(4254,666,95.56,'2026-03-24 06:21:01',2,43,45,0),(4255,666,88.89,'2026-03-24 06:21:01',3,40,45,0),(4256,666,95.56,'2026-03-24 06:21:01',4,43,45,0),(4257,666,91.11,'2026-03-24 06:21:01',5,41,45,0),(4258,666,88.89,'2026-03-24 06:21:01',6,40,45,0),(4259,666,97.78,'2026-03-24 06:21:01',7,44,45,0),(4260,666,91.11,'2026-03-24 06:21:01',8,41,45,0),(4261,667,95.56,'2026-03-24 06:21:01',1,43,45,0),(4262,667,91.11,'2026-03-24 06:21:01',2,41,45,0),(4263,667,93.33,'2026-03-24 06:21:01',3,42,45,0),(4264,667,93.33,'2026-03-24 06:21:01',4,42,45,0),(4265,667,91.11,'2026-03-24 06:21:01',5,41,45,0),(4266,667,95.56,'2026-03-24 06:21:01',6,43,45,0),(4267,667,95.56,'2026-03-24 06:21:01',7,43,45,0),(4268,667,88.89,'2026-03-24 06:21:01',8,40,45,0),(4269,668,95.56,'2026-03-24 06:21:01',1,43,45,0),(4270,668,97.78,'2026-03-24 06:21:01',2,44,45,0),(4271,668,93.33,'2026-03-24 06:21:01',3,42,45,0),(4272,668,95.56,'2026-03-24 06:21:01',4,43,45,0),(4273,668,91.11,'2026-03-24 06:21:01',5,41,45,0),(4274,668,91.11,'2026-03-24 06:21:01',6,41,45,0),(4275,668,88.89,'2026-03-24 06:21:01',7,40,45,0),(4276,668,88.89,'2026-03-24 06:21:01',8,40,45,0),(4277,669,71.11,'2026-03-24 06:21:01',1,32,45,0),(4278,669,57.78,'2026-03-24 06:21:01',2,26,45,0),(4279,669,73.33,'2026-03-24 06:21:01',3,33,45,0),(4280,669,71.11,'2026-03-24 06:21:01',4,32,45,0),(4281,669,71.11,'2026-03-24 06:21:01',5,32,45,0),(4282,669,75.56,'2026-03-24 06:21:01',6,34,45,0),(4283,669,57.78,'2026-03-24 06:21:01',7,26,45,0),(4284,669,57.78,'2026-03-24 06:21:01',8,26,45,0),(4285,670,88.89,'2026-03-24 06:21:01',1,40,45,0),(4286,670,88.89,'2026-03-24 06:21:01',2,40,45,0),(4287,670,88.89,'2026-03-24 06:21:01',3,40,45,0),(4288,670,82.22,'2026-03-24 06:21:01',4,37,45,0),(4289,670,84.44,'2026-03-24 06:21:01',5,38,45,0),(4290,670,77.78,'2026-03-24 06:21:01',6,35,45,0),(4291,670,77.78,'2026-03-24 06:21:01',7,35,45,0),(4292,670,77.78,'2026-03-24 06:21:01',8,35,45,0),(4293,671,97.78,'2026-03-24 06:21:01',1,44,45,0),(4294,671,91.11,'2026-03-24 06:21:01',2,41,45,0),(4295,671,97.78,'2026-03-24 06:21:01',3,44,45,0),(4296,671,95.56,'2026-03-24 06:21:01',4,43,45,0),(4297,671,88.89,'2026-03-24 06:21:01',5,40,45,0),(4298,671,97.78,'2026-03-24 06:21:01',6,44,45,0),(4299,671,95.56,'2026-03-24 06:21:01',7,43,45,0),(4300,671,97.78,'2026-03-24 06:21:01',8,44,45,0),(4301,672,91.11,'2026-03-24 06:21:01',1,41,45,0),(4302,672,88.89,'2026-03-24 06:21:01',2,40,45,0),(4303,672,95.56,'2026-03-24 06:21:01',3,43,45,0),(4304,672,95.56,'2026-03-24 06:21:01',4,43,45,0),(4305,672,88.89,'2026-03-24 06:21:01',5,40,45,0),(4306,672,88.89,'2026-03-24 06:21:01',6,40,45,0),(4307,672,95.56,'2026-03-24 06:21:01',7,43,45,0),(4308,672,95.56,'2026-03-24 06:21:01',8,43,45,0),(4309,673,64.44,'2026-03-24 06:21:01',1,29,45,0),(4310,673,60.00,'2026-03-24 06:21:01',2,27,45,0),(4311,673,57.78,'2026-03-24 06:21:01',3,26,45,0),(4312,673,64.44,'2026-03-24 06:21:01',4,29,45,0),(4313,673,64.44,'2026-03-24 06:21:01',5,29,45,0),(4314,673,75.56,'2026-03-24 06:21:01',6,34,45,0),(4315,673,64.44,'2026-03-24 06:21:01',7,29,45,0),(4316,673,57.78,'2026-03-24 06:21:01',8,26,45,0),(4317,674,88.89,'2026-03-24 06:21:01',1,40,45,0),(4318,674,91.11,'2026-03-24 06:21:01',2,41,45,0),(4319,674,88.89,'2026-03-24 06:21:01',3,40,45,0),(4320,674,77.78,'2026-03-24 06:21:01',4,35,45,0),(4321,674,88.89,'2026-03-24 06:21:01',5,40,45,0),(4322,674,77.78,'2026-03-24 06:21:01',6,35,45,0),(4323,674,86.67,'2026-03-24 06:21:01',7,39,45,0),(4324,674,88.89,'2026-03-24 06:21:01',8,40,45,0),(4325,675,62.22,'2026-03-24 06:21:01',1,28,45,0),(4326,675,60.00,'2026-03-24 06:21:01',2,27,45,0),(4327,675,73.33,'2026-03-24 06:21:01',3,33,45,0),(4328,675,71.11,'2026-03-24 06:21:01',4,32,45,0),(4329,675,60.00,'2026-03-24 06:21:01',5,27,45,0),(4330,675,60.00,'2026-03-24 06:21:01',6,27,45,0),(4331,675,75.56,'2026-03-24 06:21:01',7,34,45,0),(4332,675,55.56,'2026-03-24 06:21:01',8,25,45,0),(4333,676,77.78,'2026-03-24 06:21:01',1,35,45,0),(4334,676,77.78,'2026-03-24 06:21:01',2,35,45,0),(4335,676,80.00,'2026-03-24 06:21:01',3,36,45,0),(4336,676,84.44,'2026-03-24 06:21:01',4,38,45,0),(4337,676,82.22,'2026-03-24 06:21:01',5,37,45,0),(4338,676,84.44,'2026-03-24 06:21:01',6,38,45,0),(4339,676,82.22,'2026-03-24 06:21:01',7,37,45,0),(4340,676,86.67,'2026-03-24 06:21:01',8,39,45,0),(4341,677,95.56,'2026-03-24 06:21:01',1,43,45,0),(4342,677,93.33,'2026-03-24 06:21:01',2,42,45,0),(4343,677,88.89,'2026-03-24 06:21:01',3,40,45,0),(4344,677,97.78,'2026-03-24 06:21:01',4,44,45,0),(4345,677,88.89,'2026-03-24 06:21:01',5,40,45,0),(4346,677,95.56,'2026-03-24 06:21:01',6,43,45,0),(4347,677,95.56,'2026-03-24 06:21:01',7,43,45,0),(4348,677,97.78,'2026-03-24 06:21:01',8,44,45,0),(4349,678,88.89,'2026-03-24 06:21:01',1,40,45,0),(4350,678,97.78,'2026-03-24 06:21:01',2,44,45,0),(4351,678,93.33,'2026-03-24 06:21:01',3,42,45,0),(4352,678,88.89,'2026-03-24 06:21:01',4,40,45,0),(4353,678,97.78,'2026-03-24 06:21:01',5,44,45,0),(4354,678,93.33,'2026-03-24 06:21:01',6,42,45,0),(4355,678,95.56,'2026-03-24 06:21:01',7,43,45,0),(4356,678,88.89,'2026-03-24 06:21:01',8,40,45,0),(4357,679,95.56,'2026-03-24 06:21:01',1,43,45,0),(4358,679,91.11,'2026-03-24 06:21:01',2,41,45,0),(4359,679,95.56,'2026-03-24 06:21:01',3,43,45,0),(4360,679,91.11,'2026-03-24 06:21:01',4,41,45,0),(4361,679,95.56,'2026-03-24 06:21:01',5,43,45,0),(4362,679,88.89,'2026-03-24 06:21:01',6,40,45,0),(4363,679,88.89,'2026-03-24 06:21:01',7,40,45,0),(4364,679,91.11,'2026-03-24 06:21:01',8,41,45,0),(4365,680,93.33,'2026-03-24 06:21:01',1,42,45,0),(4366,680,91.11,'2026-03-24 06:21:01',2,41,45,0),(4367,680,91.11,'2026-03-24 06:21:01',3,41,45,0),(4368,680,97.78,'2026-03-24 06:21:01',4,44,45,0),(4369,680,95.56,'2026-03-24 06:21:01',5,43,45,0),(4370,680,88.89,'2026-03-24 06:21:01',6,40,45,0),(4371,680,97.78,'2026-03-24 06:21:01',7,44,45,0),(4372,680,91.11,'2026-03-24 06:21:01',8,41,45,0),(4373,681,91.11,'2026-03-24 06:21:01',1,41,45,0),(4374,681,97.78,'2026-03-24 06:21:01',2,44,45,0),(4375,681,97.78,'2026-03-24 06:21:01',3,44,45,0),(4376,681,93.33,'2026-03-24 06:21:01',4,42,45,0),(4377,681,88.89,'2026-03-24 06:21:01',5,40,45,0),(4378,681,91.11,'2026-03-24 06:21:01',6,41,45,0),(4379,681,88.89,'2026-03-24 06:21:01',7,40,45,0),(4380,681,97.78,'2026-03-24 06:21:01',8,44,45,0),(4381,682,84.44,'2026-03-24 06:21:01',1,38,45,0),(4382,682,77.78,'2026-03-24 06:21:01',2,35,45,0),(4383,682,82.22,'2026-03-24 06:21:01',3,37,45,0),(4384,682,80.00,'2026-03-24 06:21:01',4,36,45,0),(4385,682,88.89,'2026-03-24 06:21:01',5,40,45,0),(4386,682,82.22,'2026-03-24 06:21:01',6,37,45,0),(4387,682,88.89,'2026-03-24 06:21:01',7,40,45,0),(4388,682,86.67,'2026-03-24 06:21:01',8,39,45,0),(4389,683,82.22,'2026-03-24 06:21:01',1,37,45,0),(4390,683,88.89,'2026-03-24 06:21:01',2,40,45,0),(4391,683,91.11,'2026-03-24 06:21:01',3,41,45,0),(4392,683,80.00,'2026-03-24 06:21:01',4,36,45,0),(4393,683,88.89,'2026-03-24 06:21:01',5,40,45,0),(4394,683,82.22,'2026-03-24 06:21:01',6,37,45,0),(4395,683,91.11,'2026-03-24 06:21:01',7,41,45,0),(4396,683,88.89,'2026-03-24 06:21:01',8,40,45,0),(4397,684,91.11,'2026-03-24 06:21:01',1,41,45,0),(4398,684,97.78,'2026-03-24 06:21:01',2,44,45,0),(4399,684,95.56,'2026-03-24 06:21:01',3,43,45,0),(4400,684,95.56,'2026-03-24 06:21:01',4,43,45,0),(4401,684,88.89,'2026-03-24 06:21:01',5,40,45,0),(4402,684,91.11,'2026-03-24 06:21:01',6,41,45,0),(4403,684,97.78,'2026-03-24 06:21:01',7,44,45,0),(4404,684,93.33,'2026-03-24 06:21:01',8,42,45,0),(4405,685,97.78,'2026-03-24 06:21:01',1,44,45,0),(4406,685,93.33,'2026-03-24 06:21:01',2,42,45,0),(4407,685,97.78,'2026-03-24 06:21:01',3,44,45,0),(4408,685,91.11,'2026-03-24 06:21:01',4,41,45,0),(4409,685,91.11,'2026-03-24 06:21:01',5,41,45,0),(4410,685,88.89,'2026-03-24 06:21:01',6,40,45,0),(4411,685,88.89,'2026-03-24 06:21:01',7,40,45,0),(4412,685,93.33,'2026-03-24 06:21:01',8,42,45,0),(4413,686,88.89,'2026-03-24 06:21:01',1,40,45,0),(4414,686,88.89,'2026-03-24 06:21:01',2,40,45,0),(4415,686,91.11,'2026-03-24 06:21:01',3,41,45,0),(4416,686,77.78,'2026-03-24 06:21:01',4,35,45,0),(4417,686,91.11,'2026-03-24 06:21:01',5,41,45,0),(4418,686,88.89,'2026-03-24 06:21:01',6,40,45,0),(4419,686,86.67,'2026-03-24 06:21:01',7,39,45,0),(4420,686,86.67,'2026-03-24 06:21:01',8,39,45,0),(4421,687,68.89,'2026-03-24 06:21:01',1,31,45,0),(4422,687,68.89,'2026-03-24 06:21:01',2,31,45,0),(4423,687,71.11,'2026-03-24 06:21:01',3,32,45,0),(4424,687,75.56,'2026-03-24 06:21:01',4,34,45,0),(4425,687,68.89,'2026-03-24 06:21:01',5,31,45,0),(4426,687,64.44,'2026-03-24 06:21:01',6,29,45,0),(4427,687,57.78,'2026-03-24 06:21:01',7,26,45,0),(4428,687,64.44,'2026-03-24 06:21:01',8,29,45,0),(4429,688,88.89,'2026-03-24 06:21:01',1,40,45,0),(4430,688,95.56,'2026-03-24 06:21:01',2,43,45,0),(4431,688,88.89,'2026-03-24 06:21:01',3,40,45,0),(4432,688,93.33,'2026-03-24 06:21:01',4,42,45,0),(4433,688,88.89,'2026-03-24 06:21:01',5,40,45,0),(4434,688,97.78,'2026-03-24 06:21:01',6,44,45,0),(4435,688,91.11,'2026-03-24 06:21:01',7,41,45,0),(4436,688,95.56,'2026-03-24 06:21:01',8,43,45,0),(4437,689,82.22,'2026-03-24 06:21:01',1,37,45,0),(4438,689,77.78,'2026-03-24 06:21:01',2,35,45,0),(4439,689,91.11,'2026-03-24 06:21:01',3,41,45,0),(4440,689,77.78,'2026-03-24 06:21:01',4,35,45,0),(4441,689,80.00,'2026-03-24 06:21:01',5,36,45,0),(4442,689,86.67,'2026-03-24 06:21:01',6,39,45,0),(4443,689,82.22,'2026-03-24 06:21:01',7,37,45,0),(4444,689,86.67,'2026-03-24 06:21:01',8,39,45,0),(4445,690,80.00,'2026-03-24 06:21:01',1,36,45,0),(4446,690,82.22,'2026-03-24 06:21:01',2,37,45,0),(4447,690,82.22,'2026-03-24 06:21:01',3,37,45,0),(4448,690,86.67,'2026-03-24 06:21:01',4,39,45,0),(4449,690,82.22,'2026-03-24 06:21:01',5,37,45,0),(4450,690,91.11,'2026-03-24 06:21:01',6,41,45,0),(4451,690,91.11,'2026-03-24 06:21:01',7,41,45,0),(4452,690,80.00,'2026-03-24 06:21:01',8,36,45,0),(4453,691,77.78,'2026-03-24 06:21:01',1,35,45,0),(4454,691,91.11,'2026-03-24 06:21:01',2,41,45,0),(4455,691,84.44,'2026-03-24 06:21:01',3,38,45,0),(4456,691,86.67,'2026-03-24 06:21:01',4,39,45,0),(4457,691,82.22,'2026-03-24 06:21:01',5,37,45,0),(4458,691,88.89,'2026-03-24 06:21:01',6,40,45,0),(4459,691,80.00,'2026-03-24 06:21:01',7,36,45,0),(4460,691,77.78,'2026-03-24 06:21:01',8,35,45,0),(4461,692,88.89,'2026-03-24 06:21:01',1,40,45,0),(4462,692,82.22,'2026-03-24 06:21:01',2,37,45,0),(4463,692,80.00,'2026-03-24 06:21:01',3,36,45,0),(4464,692,88.89,'2026-03-24 06:21:01',4,40,45,0),(4465,692,86.67,'2026-03-24 06:21:01',5,39,45,0),(4466,692,86.67,'2026-03-24 06:21:01',6,39,45,0),(4467,692,86.67,'2026-03-24 06:21:01',7,39,45,0),(4468,692,80.00,'2026-03-24 06:21:01',8,36,45,0),(4469,693,60.00,'2026-03-24 06:21:01',1,27,45,0),(4470,693,71.11,'2026-03-24 06:21:01',2,32,45,0),(4471,693,62.22,'2026-03-24 06:21:01',3,28,45,0),(4472,693,55.56,'2026-03-24 06:21:01',4,25,45,0),(4473,693,60.00,'2026-03-24 06:21:01',5,27,45,0),(4474,693,73.33,'2026-03-24 06:21:01',6,33,45,0),(4475,693,75.56,'2026-03-24 06:21:01',7,34,45,0),(4476,693,71.11,'2026-03-24 06:21:01',8,32,45,0),(4477,694,97.78,'2026-03-24 06:21:01',1,44,45,0),(4478,694,93.33,'2026-03-24 06:21:01',2,42,45,0),(4479,694,93.33,'2026-03-24 06:21:01',3,42,45,0),(4480,694,88.89,'2026-03-24 06:21:01',4,40,45,0),(4481,694,93.33,'2026-03-24 06:21:01',5,42,45,0),(4482,694,95.56,'2026-03-24 06:21:01',6,43,45,0),(4483,694,97.78,'2026-03-24 06:21:01',7,44,45,0),(4484,694,97.78,'2026-03-24 06:21:01',8,44,45,0),(4485,695,95.56,'2026-03-24 06:21:01',1,43,45,0),(4486,695,97.78,'2026-03-24 06:21:01',2,44,45,0),(4487,695,91.11,'2026-03-24 06:21:01',3,41,45,0),(4488,695,91.11,'2026-03-24 06:21:01',4,41,45,0),(4489,695,93.33,'2026-03-24 06:21:01',5,42,45,0),(4490,695,93.33,'2026-03-24 06:21:01',6,42,45,0),(4491,695,97.78,'2026-03-24 06:21:01',7,44,45,0),(4492,695,97.78,'2026-03-24 06:21:01',8,44,45,0),(4493,696,95.56,'2026-03-24 06:21:01',1,43,45,0),(4494,696,88.89,'2026-03-24 06:21:01',2,40,45,0),(4495,696,95.56,'2026-03-24 06:21:01',3,43,45,0),(4496,696,88.89,'2026-03-24 06:21:01',4,40,45,0),(4497,696,97.78,'2026-03-24 06:21:01',5,44,45,0),(4498,696,88.89,'2026-03-24 06:21:01',6,40,45,0),(4499,696,91.11,'2026-03-24 06:21:01',7,41,45,0),(4500,696,95.56,'2026-03-24 06:21:01',8,43,45,0),(4501,697,95.56,'2026-03-24 06:21:01',1,43,45,0),(4502,697,97.78,'2026-03-24 06:21:01',2,44,45,0),(4503,697,93.33,'2026-03-24 06:21:01',3,42,45,0),(4504,697,95.56,'2026-03-24 06:21:01',4,43,45,0),(4505,697,91.11,'2026-03-24 06:21:01',5,41,45,0),(4506,697,97.78,'2026-03-24 06:21:01',6,44,45,0),(4507,697,95.56,'2026-03-24 06:21:01',7,43,45,0),(4508,697,93.33,'2026-03-24 06:21:01',8,42,45,0),(4509,698,88.89,'2026-03-24 06:21:01',1,40,45,0),(4510,698,97.78,'2026-03-24 06:21:01',2,44,45,0),(4511,698,93.33,'2026-03-24 06:21:01',3,42,45,0),(4512,698,95.56,'2026-03-24 06:21:01',4,43,45,0),(4513,698,95.56,'2026-03-24 06:21:01',5,43,45,0),(4514,698,88.89,'2026-03-24 06:21:01',6,40,45,0),(4515,698,97.78,'2026-03-24 06:21:01',7,44,45,0),(4516,698,97.78,'2026-03-24 06:21:01',8,44,45,0),(4517,699,95.56,'2026-03-24 06:21:01',1,43,45,0),(4518,699,91.11,'2026-03-24 06:21:01',2,41,45,0),(4519,699,91.11,'2026-03-24 06:21:01',3,41,45,0),(4520,699,95.56,'2026-03-24 06:21:01',4,43,45,0),(4521,699,97.78,'2026-03-24 06:21:01',5,44,45,0),(4522,699,93.33,'2026-03-24 06:21:01',6,42,45,0),(4523,699,97.78,'2026-03-24 06:21:01',7,44,45,0),(4524,699,88.89,'2026-03-24 06:21:01',8,40,45,0),(4525,700,80.00,'2026-03-24 06:21:01',1,36,45,0),(4526,700,77.78,'2026-03-24 06:21:01',2,35,45,0),(4527,700,84.44,'2026-03-24 06:21:01',3,38,45,0),(4528,700,80.00,'2026-03-24 06:21:01',4,36,45,0),(4529,700,88.89,'2026-03-24 06:21:01',5,40,45,0),(4530,700,91.11,'2026-03-24 06:21:01',6,41,45,0),(4531,700,91.11,'2026-03-24 06:21:01',7,41,45,0),(4532,700,88.89,'2026-03-24 06:21:01',8,40,45,0),(4533,701,88.89,'2026-03-24 06:21:01',1,40,45,0),(4534,701,93.33,'2026-03-24 06:21:01',2,42,45,0),(4535,701,97.78,'2026-03-24 06:21:01',3,44,45,0),(4536,701,88.89,'2026-03-24 06:21:01',4,40,45,0),(4537,701,91.11,'2026-03-24 06:21:01',5,41,45,0),(4538,701,97.78,'2026-03-24 06:21:01',6,44,45,0),(4539,701,91.11,'2026-03-24 06:21:01',7,41,45,0),(4540,701,95.56,'2026-03-24 06:21:01',8,43,45,0),(4541,702,91.11,'2026-03-24 06:21:01',1,41,45,0),(4542,702,88.89,'2026-03-24 06:21:01',2,40,45,0),(4543,702,95.56,'2026-03-24 06:21:01',3,43,45,0),(4544,702,95.56,'2026-03-24 06:21:01',4,43,45,0),(4545,702,97.78,'2026-03-24 06:21:01',5,44,45,0),(4546,702,95.56,'2026-03-24 06:21:01',6,43,45,0),(4547,702,88.89,'2026-03-24 06:21:01',7,40,45,0),(4548,702,97.78,'2026-03-24 06:21:01',8,44,45,0),(4549,703,91.11,'2026-03-24 06:21:01',1,41,45,0),(4550,703,97.78,'2026-03-24 06:21:01',2,44,45,0),(4551,703,97.78,'2026-03-24 06:21:01',3,44,45,0),(4552,703,93.33,'2026-03-24 06:21:01',4,42,45,0),(4553,703,97.78,'2026-03-24 06:21:01',5,44,45,0),(4554,703,93.33,'2026-03-24 06:21:01',6,42,45,0),(4555,703,88.89,'2026-03-24 06:21:01',7,40,45,0),(4556,703,95.56,'2026-03-24 06:21:01',8,43,45,0),(4557,704,93.33,'2026-03-24 06:21:01',1,42,45,0),(4558,704,88.89,'2026-03-24 06:21:01',2,40,45,0),(4559,704,97.78,'2026-03-24 06:21:01',3,44,45,0),(4560,704,88.89,'2026-03-24 06:21:01',4,40,45,0),(4561,704,93.33,'2026-03-24 06:21:01',5,42,45,0),(4562,704,97.78,'2026-03-24 06:21:01',6,44,45,0),(4563,704,93.33,'2026-03-24 06:21:01',7,42,45,0),(4564,704,88.89,'2026-03-24 06:21:01',8,40,45,0),(4565,705,97.78,'2026-03-24 06:21:01',1,44,45,0),(4566,705,93.33,'2026-03-24 06:21:01',2,42,45,0),(4567,705,91.11,'2026-03-24 06:21:01',3,41,45,0),(4568,705,91.11,'2026-03-24 06:21:01',4,41,45,0),(4569,705,93.33,'2026-03-24 06:21:01',5,42,45,0),(4570,705,88.89,'2026-03-24 06:21:01',6,40,45,0),(4571,705,91.11,'2026-03-24 06:21:01',7,41,45,0),(4572,705,91.11,'2026-03-24 06:21:01',8,41,45,0),(4573,706,91.11,'2026-03-24 06:21:01',1,41,45,0),(4574,706,82.22,'2026-03-24 06:21:01',2,37,45,0),(4575,706,88.89,'2026-03-24 06:21:01',3,40,45,0),(4576,706,82.22,'2026-03-24 06:21:01',4,37,45,0),(4577,706,82.22,'2026-03-24 06:21:01',5,37,45,0),(4578,706,77.78,'2026-03-24 06:21:01',6,35,45,0),(4579,706,77.78,'2026-03-24 06:21:01',7,35,45,0),(4580,706,77.78,'2026-03-24 06:21:01',8,35,45,0),(4581,707,97.78,'2026-03-24 06:21:01',1,44,45,0),(4582,707,93.33,'2026-03-24 06:21:01',2,42,45,0),(4583,707,93.33,'2026-03-24 06:21:01',3,42,45,0),(4584,707,97.78,'2026-03-24 06:21:01',4,44,45,0),(4585,707,93.33,'2026-03-24 06:21:01',5,42,45,0),(4586,707,95.56,'2026-03-24 06:21:01',6,43,45,0),(4587,707,88.89,'2026-03-24 06:21:01',7,40,45,0),(4588,707,88.89,'2026-03-24 06:21:01',8,40,45,0),(4589,708,88.89,'2026-03-24 06:21:01',1,40,45,0),(4590,708,91.11,'2026-03-24 06:21:01',2,41,45,0),(4591,708,88.89,'2026-03-24 06:21:01',3,40,45,0),(4592,708,91.11,'2026-03-24 06:21:01',4,41,45,0),(4593,708,97.78,'2026-03-24 06:21:01',5,44,45,0),(4594,708,91.11,'2026-03-24 06:21:01',6,41,45,0),(4595,708,88.89,'2026-03-24 06:21:01',7,40,45,0),(4596,708,95.56,'2026-03-24 06:21:01',8,43,45,0),(4597,709,91.11,'2026-03-24 06:21:01',1,41,45,0),(4598,709,95.56,'2026-03-24 06:21:01',2,43,45,0),(4599,709,97.78,'2026-03-24 06:21:01',3,44,45,0),(4600,709,95.56,'2026-03-24 06:21:01',4,43,45,0),(4601,709,91.11,'2026-03-24 06:21:01',5,41,45,0),(4602,709,93.33,'2026-03-24 06:21:01',6,42,45,0),(4603,709,88.89,'2026-03-24 06:21:01',7,40,45,0),(4604,709,93.33,'2026-03-24 06:21:01',8,42,45,0),(4605,710,91.11,'2026-03-24 06:21:01',1,41,45,0),(4606,710,91.11,'2026-03-24 06:21:01',2,41,45,0),(4607,710,97.78,'2026-03-24 06:21:01',3,44,45,0),(4608,710,93.33,'2026-03-24 06:21:01',4,42,45,0),(4609,710,93.33,'2026-03-24 06:21:01',5,42,45,0),(4610,710,91.11,'2026-03-24 06:21:01',6,41,45,0),(4611,710,88.89,'2026-03-24 06:21:01',7,40,45,0),(4612,710,93.33,'2026-03-24 06:21:01',8,42,45,0),(4613,711,88.89,'2026-03-24 06:21:01',1,40,45,0),(4614,711,80.00,'2026-03-24 06:21:01',2,36,45,0),(4615,711,84.44,'2026-03-24 06:21:01',3,38,45,0),(4616,711,82.22,'2026-03-24 06:21:01',4,37,45,0),(4617,711,80.00,'2026-03-24 06:21:01',5,36,45,0),(4618,711,86.67,'2026-03-24 06:21:01',6,39,45,0),(4619,711,91.11,'2026-03-24 06:21:01',7,41,45,0),(4620,711,91.11,'2026-03-24 06:21:01',8,41,45,0),(4621,712,93.33,'2026-03-24 06:21:01',1,42,45,0),(4622,712,91.11,'2026-03-24 06:21:01',2,41,45,0),(4623,712,97.78,'2026-03-24 06:21:01',3,44,45,0),(4624,712,93.33,'2026-03-24 06:21:01',4,42,45,0),(4625,712,95.56,'2026-03-24 06:21:01',5,43,45,0),(4626,712,91.11,'2026-03-24 06:21:01',6,41,45,0),(4627,712,91.11,'2026-03-24 06:21:01',7,41,45,0),(4628,712,97.78,'2026-03-24 06:21:01',8,44,45,0),(4629,713,95.56,'2026-03-24 06:21:01',1,43,45,0),(4630,713,97.78,'2026-03-24 06:21:01',2,44,45,0),(4631,713,97.78,'2026-03-24 06:21:01',3,44,45,0),(4632,713,93.33,'2026-03-24 06:21:01',4,42,45,0),(4633,713,97.78,'2026-03-24 06:21:01',5,44,45,0),(4634,713,97.78,'2026-03-24 06:21:01',6,44,45,0),(4635,713,95.56,'2026-03-24 06:21:01',7,43,45,0),(4636,713,95.56,'2026-03-24 06:21:01',8,43,45,0),(4637,714,88.89,'2026-03-24 06:21:01',1,40,45,0),(4638,714,86.67,'2026-03-24 06:21:01',2,39,45,0),(4639,714,86.67,'2026-03-24 06:21:01',3,39,45,0),(4640,714,91.11,'2026-03-24 06:21:01',4,41,45,0),(4641,714,77.78,'2026-03-24 06:21:01',5,35,45,0),(4642,714,88.89,'2026-03-24 06:21:01',6,40,45,0),(4643,714,80.00,'2026-03-24 06:21:01',7,36,45,0),(4644,714,80.00,'2026-03-24 06:21:01',8,36,45,0),(4645,715,82.22,'2026-03-24 06:21:01',1,37,45,0),(4646,715,80.00,'2026-03-24 06:21:01',2,36,45,0),(4647,715,77.78,'2026-03-24 06:21:01',3,35,45,0),(4648,715,84.44,'2026-03-24 06:21:01',4,38,45,0),(4649,715,77.78,'2026-03-24 06:21:01',5,35,45,0),(4650,715,86.67,'2026-03-24 06:21:01',6,39,45,0),(4651,715,80.00,'2026-03-24 06:21:01',7,36,45,0),(4652,715,84.44,'2026-03-24 06:21:01',8,38,45,0),(4653,716,91.11,'2026-03-24 06:21:01',1,41,45,0),(4654,716,93.33,'2026-03-24 06:21:01',2,42,45,0),(4655,716,91.11,'2026-03-24 06:21:01',3,41,45,0),(4656,716,88.89,'2026-03-24 06:21:01',4,40,45,0),(4657,716,93.33,'2026-03-24 06:21:01',5,42,45,0),(4658,716,95.56,'2026-03-24 06:21:01',6,43,45,0),(4659,716,95.56,'2026-03-24 06:21:01',7,43,45,0),(4660,716,93.33,'2026-03-24 06:21:01',8,42,45,0),(4661,717,95.56,'2026-03-24 06:21:01',1,43,45,0),(4662,717,93.33,'2026-03-24 06:21:01',2,42,45,0),(4663,717,93.33,'2026-03-24 06:21:01',3,42,45,0),(4664,717,93.33,'2026-03-24 06:21:01',4,42,45,0),(4665,717,95.56,'2026-03-24 06:21:01',5,43,45,0),(4666,717,97.78,'2026-03-24 06:21:01',6,44,45,0),(4667,717,91.11,'2026-03-24 06:21:01',7,41,45,0),(4668,717,93.33,'2026-03-24 06:21:01',8,42,45,0),(4669,718,77.78,'2026-03-24 06:21:01',1,35,45,0),(4670,718,77.78,'2026-03-24 06:21:01',2,35,45,0),(4671,718,77.78,'2026-03-24 06:21:01',3,35,45,0),(4672,718,91.11,'2026-03-24 06:21:01',4,41,45,0),(4673,718,84.44,'2026-03-24 06:21:01',5,38,45,0),(4674,718,91.11,'2026-03-24 06:21:01',6,41,45,0),(4675,718,80.00,'2026-03-24 06:21:01',7,36,45,0),(4676,718,77.78,'2026-03-24 06:21:01',8,35,45,0),(4677,719,93.33,'2026-03-24 06:21:01',1,42,45,0),(4678,719,97.78,'2026-03-24 06:21:01',2,44,45,0),(4679,719,97.78,'2026-03-24 06:21:01',3,44,45,0),(4680,719,97.78,'2026-03-24 06:21:01',4,44,45,0),(4681,719,93.33,'2026-03-24 06:21:01',5,42,45,0),(4682,719,93.33,'2026-03-24 06:21:01',6,42,45,0),(4683,719,93.33,'2026-03-24 06:21:01',7,42,45,0),(4684,719,93.33,'2026-03-24 06:21:01',8,42,45,0),(4685,720,93.33,'2026-03-24 06:21:01',1,42,45,0),(4686,720,95.56,'2026-03-24 06:21:01',2,43,45,0),(4687,720,95.56,'2026-03-24 06:21:01',3,43,45,0),(4688,720,93.33,'2026-03-24 06:21:01',4,42,45,0),(4689,720,95.56,'2026-03-24 06:21:01',5,43,45,0),(4690,720,97.78,'2026-03-24 06:21:01',6,44,45,0),(4691,720,88.89,'2026-03-24 06:21:01',7,40,45,0),(4692,720,91.11,'2026-03-24 06:21:01',8,41,45,0),(4693,721,84.44,'2026-03-24 06:21:01',1,38,45,0),(4694,721,84.44,'2026-03-24 06:21:01',2,38,45,0),(4695,721,88.89,'2026-03-24 06:21:01',3,40,45,0),(4696,721,82.22,'2026-03-24 06:21:01',4,37,45,0),(4697,721,86.67,'2026-03-24 06:21:01',5,39,45,0),(4698,721,84.44,'2026-03-24 06:21:01',6,38,45,0),(4699,721,84.44,'2026-03-24 06:21:01',7,38,45,0),(4700,721,91.11,'2026-03-24 06:21:01',8,41,45,0),(4701,722,95.56,'2026-03-24 06:21:01',1,43,45,0),(4702,722,91.11,'2026-03-24 06:21:01',2,41,45,0),(4703,722,91.11,'2026-03-24 06:21:01',3,41,45,0),(4704,722,95.56,'2026-03-24 06:21:01',4,43,45,0),(4705,722,97.78,'2026-03-24 06:21:01',5,44,45,0),(4706,722,91.11,'2026-03-24 06:21:01',6,41,45,0),(4707,722,95.56,'2026-03-24 06:21:01',7,43,45,0),(4708,722,88.89,'2026-03-24 06:21:01',8,40,45,0),(4709,723,95.56,'2026-03-24 06:21:01',1,43,45,0),(4710,723,97.78,'2026-03-24 06:21:01',2,44,45,0),(4711,723,93.33,'2026-03-24 06:21:01',3,42,45,0),(4712,723,95.56,'2026-03-24 06:21:01',4,43,45,0),(4713,723,93.33,'2026-03-24 06:21:01',5,42,45,0),(4714,723,93.33,'2026-03-24 06:21:01',6,42,45,0),(4715,723,88.89,'2026-03-24 06:21:01',7,40,45,0),(4716,723,88.89,'2026-03-24 06:21:01',8,40,45,0),(4717,724,86.67,'2026-03-24 06:21:01',1,39,45,0),(4718,724,91.11,'2026-03-24 06:21:01',2,41,45,0),(4719,724,84.44,'2026-03-24 06:21:01',3,38,45,0),(4720,724,88.89,'2026-03-24 06:21:01',4,40,45,0),(4721,724,88.89,'2026-03-24 06:21:01',5,40,45,0),(4722,724,86.67,'2026-03-24 06:21:01',6,39,45,0),(4723,724,86.67,'2026-03-24 06:21:01',7,39,45,0),(4724,724,80.00,'2026-03-24 06:21:01',8,36,45,0),(4725,725,57.78,'2026-03-24 06:21:01',1,26,45,0),(4726,725,55.56,'2026-03-24 06:21:01',2,25,45,0),(4727,725,57.78,'2026-03-24 06:21:01',3,26,45,0),(4728,725,66.67,'2026-03-24 06:21:01',4,30,45,0),(4729,725,73.33,'2026-03-24 06:21:01',5,33,45,0),(4730,725,73.33,'2026-03-24 06:21:01',6,33,45,0),(4731,725,73.33,'2026-03-24 06:21:01',7,33,45,0),(4732,725,71.11,'2026-03-24 06:21:01',8,32,45,0),(4733,726,97.78,'2026-03-24 06:21:01',1,44,45,0),(4734,726,91.11,'2026-03-24 06:21:01',2,41,45,0),(4735,726,88.89,'2026-03-24 06:21:01',3,40,45,0),(4736,726,97.78,'2026-03-24 06:21:01',4,44,45,0),(4737,726,93.33,'2026-03-24 06:21:01',5,42,45,0),(4738,726,95.56,'2026-03-24 06:21:01',6,43,45,0),(4739,726,91.11,'2026-03-24 06:21:01',7,41,45,0),(4740,726,95.56,'2026-03-24 06:21:01',8,43,45,0);
/*!40000 ALTER TABLE `attendance` ENABLE KEYS */;
UNLOCK TABLES;

--
-- Table structure for table `attendance_issues`
--

DROP TABLE IF EXISTS `attendance_issues`;
/*!40101 SET @saved_cs_client     = @@character_set_client */;
/*!50503 SET character_set_client = utf8mb4 */;
CREATE TABLE `attendance_issues` (
  `id` int NOT NULL AUTO_INCREMENT,
  `student_id` int DEFAULT NULL,
  `subject_id` int DEFAULT NULL,
  `created_at` timestamp NULL DEFAULT CURRENT_TIMESTAMP,
  `priority` varchar(50) DEFAULT 'Medium',
  `status` varchar(50) DEFAULT 'Open',
  `resolved_by` int DEFAULT NULL,
  PRIMARY KEY (`id`),
  KEY `student_id` (`student_id`),
  KEY `subject_id` (`subject_id`),
  CONSTRAINT `attendance_issues_ibfk_1` FOREIGN KEY (`student_id`) REFERENCES `students` (`id`),
  CONSTRAINT `attendance_issues_ibfk_2` FOREIGN KEY (`subject_id`) REFERENCES `subjects` (`id`)
) ENGINE=InnoDB AUTO_INCREMENT=4 DEFAULT CHARSET=utf8mb4 COLLATE=utf8mb4_0900_ai_ci;
/*!40101 SET character_set_client = @saved_cs_client */;

--
-- Dumping data for table `attendance_issues`
--

LOCK TABLES `attendance_issues` WRITE;
/*!40000 ALTER TABLE `attendance_issues` DISABLE KEYS */;
/*!40000 ALTER TABLE `attendance_issues` ENABLE KEYS */;
UNLOCK TABLES;

--
-- Table structure for table `disciplinary_records`
--

DROP TABLE IF EXISTS `disciplinary_records`;
/*!40101 SET @saved_cs_client     = @@character_set_client */;
/*!50503 SET character_set_client = utf8mb4 */;
CREATE TABLE `disciplinary_records` (
  `id` int NOT NULL AUTO_INCREMENT,
  `student_id` int NOT NULL,
  `issue_type` varchar(100) DEFAULT NULL,
  `description` text,
  `date` date DEFAULT NULL,
  `created_at` timestamp NULL DEFAULT CURRENT_TIMESTAMP,
  `priority` varchar(50) DEFAULT 'Medium',
  `status` varchar(50) DEFAULT 'Open',
  PRIMARY KEY (`id`),
  KEY `student_id` (`student_id`),
  CONSTRAINT `disciplinary_records_ibfk_1` FOREIGN KEY (`student_id`) REFERENCES `users` (`id`)
) ENGINE=InnoDB AUTO_INCREMENT=60 DEFAULT CHARSET=utf8mb4 COLLATE=utf8mb4_0900_ai_ci;
/*!40101 SET character_set_client = @saved_cs_client */;

--
-- Dumping data for table `disciplinary_records`
--

LOCK TABLES `disciplinary_records` WRITE;
/*!40000 ALTER TABLE `disciplinary_records` DISABLE KEYS */;
INSERT INTO `disciplinary_records` VALUES (48,377,'Attendance Shortage','Student has been marked as a chronic absentee risk.',NULL,'2026-03-23 08:26:45','Medium','Open'),(49,502,'Attendance Shortage','Student has been marked as a chronic absentee risk.',NULL,'2026-03-23 08:26:45','Medium','Open'),(50,503,'Attendance Shortage','Student has been marked as a chronic absentee risk.',NULL,'2026-03-23 08:26:45','Medium','Open'),(51,482,'Attendance Shortage','Student has been marked as a chronic absentee risk.',NULL,'2026-03-23 08:26:45','Medium','Open'),(52,483,'Attendance Shortage','Student has been marked as a chronic absentee risk.',NULL,'2026-03-23 08:26:45','Medium','Open'),(53,521,'Attendance Shortage','Student has been marked as a chronic absentee risk.',NULL,'2026-03-23 08:26:45','Medium','Open'),(54,522,'Attendance Shortage','Student has been marked as a chronic absentee risk.',NULL,'2026-03-23 08:26:45','Medium','Open'),(55,543,'Attendance Shortage','Student has been marked as a chronic absentee risk.',NULL,'2026-03-23 08:26:45','Medium','Open'),(56,544,'Attendance Shortage','Student has been marked as a chronic absentee risk.',NULL,'2026-03-23 08:26:45','Medium','Open'),(57,562,'Attendance Shortage','Student has been marked as a chronic absentee risk.',NULL,'2026-03-23 08:26:45','Medium','Open'),(58,563,'Attendance Shortage','Student has been marked as a chronic absentee risk.',NULL,'2026-03-23 08:26:45','Medium','Open'),(59,535,'Attendance Shortage','Student has been marked as a chronic absentee risk.',NULL,'2026-03-23 08:26:45','Medium','Open');
/*!40000 ALTER TABLE `disciplinary_records` ENABLE KEYS */;
UNLOCK TABLES;

--
-- Table structure for table `faculty_assignment_students`
--

DROP TABLE IF EXISTS `faculty_assignment_students`;
/*!40101 SET @saved_cs_client     = @@character_set_client */;
/*!50503 SET character_set_client = utf8mb4 */;
CREATE TABLE `faculty_assignment_students` (
  `id` int NOT NULL AUTO_INCREMENT,
  `assignment_id` int DEFAULT NULL,
  `student_id` int DEFAULT NULL,
  `status` enum('Pending','Submitted','Missing') DEFAULT 'Pending',
  `score` int DEFAULT NULL,
  `submission_date` timestamp NULL DEFAULT NULL,
  PRIMARY KEY (`id`),
  UNIQUE KEY `assignment_id` (`assignment_id`,`student_id`),
  KEY `student_id` (`student_id`),
  CONSTRAINT `faculty_assignment_students_ibfk_1` FOREIGN KEY (`assignment_id`) REFERENCES `faculty_assignments` (`id`) ON DELETE CASCADE,
  CONSTRAINT `faculty_assignment_students_ibfk_2` FOREIGN KEY (`student_id`) REFERENCES `students` (`id`) ON DELETE CASCADE
) ENGINE=InnoDB AUTO_INCREMENT=559 DEFAULT CHARSET=utf8mb4 COLLATE=utf8mb4_0900_ai_ci;
/*!40101 SET character_set_client = @saved_cs_client */;

--
-- Dumping data for table `faculty_assignment_students`
--

LOCK TABLES `faculty_assignment_students` WRITE;
/*!40000 ALTER TABLE `faculty_assignment_students` DISABLE KEYS */;
INSERT INTO `faculty_assignment_students` VALUES (1,1,116,'Submitted',80,NULL),(2,1,117,'Submitted',82,NULL),(3,1,118,'Submitted',85,NULL),(4,1,119,'Submitted',88,NULL),(5,1,120,'Submitted',97,NULL),(6,1,121,'Pending',NULL,NULL),(7,1,122,'Pending',NULL,NULL),(8,1,123,'Pending',NULL,NULL),(9,1,124,'Pending',NULL,NULL),(10,1,125,'Pending',NULL,NULL),(11,2,136,'Submitted',95,NULL),(12,2,137,'Submitted',84,NULL),(13,2,138,'Submitted',82,NULL),(14,2,139,'Submitted',87,NULL),(15,2,140,'Submitted',94,NULL),(16,2,141,'Pending',NULL,NULL),(17,2,142,'Pending',NULL,NULL),(18,2,143,'Pending',NULL,NULL),(19,2,144,'Pending',NULL,NULL),(20,2,145,'Pending',NULL,NULL),(21,3,156,'Submitted',91,NULL),(22,3,157,'Submitted',99,NULL),(23,3,158,'Submitted',95,NULL),(24,3,159,'Submitted',86,NULL),(25,3,160,'Submitted',89,NULL),(26,3,161,'Pending',NULL,NULL),(27,3,162,'Pending',NULL,NULL),(28,3,163,'Pending',NULL,NULL),(29,3,164,'Pending',NULL,NULL),(30,3,165,'Pending',NULL,NULL),(31,4,166,'Submitted',96,NULL),(32,4,167,'Submitted',84,NULL),(33,4,168,'Submitted',96,NULL),(34,4,169,'Submitted',97,NULL),(35,4,170,'Submitted',98,NULL),(36,4,171,'Pending',NULL,NULL),(37,4,172,'Pending',NULL,NULL),(38,4,173,'Pending',NULL,NULL),(39,4,174,'Pending',NULL,NULL),(40,4,175,'Pending',NULL,NULL),(41,5,176,'Submitted',97,NULL),(42,5,177,'Submitted',88,NULL),(43,5,178,'Submitted',88,NULL),(44,5,179,'Submitted',80,NULL),(45,5,180,'Submitted',87,NULL),(46,5,181,'Pending',NULL,NULL),(47,5,182,'Pending',NULL,NULL),(48,5,183,'Pending',NULL,NULL),(49,5,184,'Pending',NULL,NULL),(50,5,185,'Pending',NULL,NULL),(51,6,186,'Submitted',90,NULL),(52,6,187,'Submitted',89,NULL),(53,6,188,'Submitted',84,NULL),(54,6,189,'Submitted',83,NULL),(55,6,190,'Submitted',86,NULL),(56,6,191,'Pending',NULL,NULL),(57,6,192,'Pending',NULL,NULL),(58,6,193,'Pending',NULL,NULL),(59,6,194,'Pending',NULL,NULL),(60,6,195,'Pending',NULL,NULL),(61,7,196,'Submitted',85,NULL),(62,7,197,'Submitted',87,NULL),(63,7,198,'Submitted',99,NULL),(64,7,199,'Submitted',89,NULL),(65,7,200,'Submitted',95,NULL),(66,7,201,'Pending',NULL,NULL),(67,7,202,'Pending',NULL,NULL),(68,7,203,'Pending',NULL,NULL),(69,7,204,'Pending',NULL,NULL),(70,7,205,'Pending',NULL,NULL),(71,8,206,'Submitted',98,NULL),(72,8,207,'Submitted',86,NULL),(73,8,208,'Submitted',99,NULL),(74,8,209,'Submitted',82,NULL),(75,8,210,'Submitted',95,NULL),(76,8,211,'Pending',NULL,NULL),(77,8,212,'Pending',NULL,NULL),(78,8,213,'Pending',NULL,NULL),(79,8,214,'Pending',NULL,NULL),(80,8,215,'Pending',NULL,NULL),(81,9,216,'Submitted',97,NULL),(82,9,217,'Submitted',90,NULL),(83,9,218,'Submitted',83,NULL),(84,9,219,'Submitted',87,NULL),(85,9,220,'Submitted',88,NULL),(86,9,221,'Pending',NULL,NULL),(87,9,222,'Pending',NULL,NULL),(88,9,223,'Pending',NULL,NULL),(89,9,224,'Pending',NULL,NULL),(90,9,225,'Pending',NULL,NULL),(91,10,226,'Submitted',84,NULL),(92,10,227,'Submitted',96,NULL),(93,10,228,'Submitted',94,NULL),(94,10,229,'Submitted',97,NULL),(95,10,230,'Submitted',85,NULL),(96,10,231,'Pending',NULL,NULL),(97,10,232,'Pending',NULL,NULL),(98,10,233,'Pending',NULL,NULL),(99,10,234,'Pending',NULL,NULL),(100,10,235,'Pending',NULL,NULL),(101,11,236,'Submitted',91,NULL),(102,11,237,'Submitted',89,NULL),(103,11,238,'Submitted',98,NULL),(104,11,239,'Submitted',95,NULL),(105,11,240,'Submitted',83,NULL),(106,11,241,'Pending',NULL,NULL),(107,11,242,'Pending',NULL,NULL),(108,11,243,'Pending',NULL,NULL),(109,11,244,'Pending',NULL,NULL),(110,11,245,'Pending',NULL,NULL),(111,12,246,'Submitted',85,NULL),(112,12,247,'Submitted',95,NULL),(113,12,248,'Submitted',95,NULL),(114,12,249,'Submitted',81,NULL),(115,12,250,'Submitted',98,NULL),(116,12,251,'Pending',NULL,NULL),(117,12,252,'Pending',NULL,NULL),(118,12,253,'Pending',NULL,NULL),(119,12,254,'Pending',NULL,NULL),(120,12,255,'Pending',NULL,NULL),(121,13,266,'Pending',NULL,NULL),(122,14,266,'Pending',NULL,NULL),(123,13,267,'Submitted',91,NULL),(124,14,267,'Submitted',43,NULL),(125,13,268,'Submitted',86,NULL),(126,14,268,'Pending',NULL,NULL),(127,13,269,'Submitted',83,NULL),(128,14,269,'Submitted',41,NULL),(129,13,270,'Pending',NULL,NULL),(130,14,270,'Submitted',46,NULL),(131,13,271,'Submitted',91,NULL),(132,14,271,'Submitted',41,NULL),(133,13,272,'Pending',NULL,NULL),(134,14,272,'Submitted',38,NULL),(135,13,273,'Submitted',91,NULL),(136,14,273,'Pending',NULL,NULL),(137,13,274,'Submitted',97,NULL),(138,14,274,'Pending',NULL,NULL),(139,13,275,'Submitted',96,NULL),(140,14,275,'Submitted',46,NULL),(141,15,276,'Submitted',97,NULL),(142,16,276,'Submitted',43,NULL),(143,15,277,'Submitted',90,NULL),(144,16,277,'Pending',NULL,NULL),(145,15,278,'Pending',NULL,NULL),(146,16,278,'Submitted',46,NULL),(147,15,279,'Submitted',99,NULL),(148,16,279,'Pending',NULL,NULL),(149,15,280,'Submitted',86,NULL),(150,16,280,'Submitted',42,NULL),(151,15,281,'Submitted',86,NULL),(152,16,281,'Pending',NULL,NULL),(153,15,282,'Submitted',83,NULL),(154,16,282,'Submitted',43,NULL),(155,15,283,'Submitted',86,NULL),(156,16,283,'Submitted',47,NULL),(157,15,284,'Pending',NULL,NULL),(158,16,284,'Pending',NULL,NULL),(159,15,285,'Submitted',91,NULL),(160,16,285,'Submitted',47,NULL),(161,17,286,'Pending',NULL,NULL),(162,18,286,'Submitted',46,NULL),(163,17,287,'Pending',NULL,NULL),(164,18,287,'Pending',NULL,NULL),(165,17,288,'Pending',NULL,NULL),(166,18,288,'Submitted',46,NULL),(167,17,289,'Pending',NULL,NULL),(168,18,289,'Submitted',47,NULL),(169,17,290,'Pending',NULL,NULL),(170,18,290,'Submitted',43,NULL),(171,17,291,'Submitted',90,NULL),(172,18,291,'Pending',NULL,NULL),(173,17,292,'Pending',NULL,NULL),(174,18,292,'Submitted',40,NULL),(175,17,293,'Submitted',84,NULL),(176,18,293,'Submitted',49,NULL),(177,17,294,'Pending',NULL,NULL),(178,18,294,'Pending',NULL,NULL),(179,17,295,'Submitted',86,NULL),(180,18,295,'Pending',NULL,NULL),(181,19,296,'Pending',NULL,NULL),(182,20,296,'Pending',NULL,NULL),(183,19,297,'Submitted',82,NULL),(184,20,297,'Submitted',46,NULL),(185,19,298,'Pending',NULL,NULL),(186,20,298,'Submitted',35,NULL),(187,19,299,'Pending',NULL,NULL),(188,20,299,'Pending',NULL,NULL),(189,19,300,'Submitted',92,NULL),(190,20,300,'Submitted',39,NULL),(191,19,301,'Submitted',81,NULL),(192,20,301,'Submitted',43,NULL),(193,19,302,'Pending',NULL,NULL),(194,20,302,'Submitted',40,NULL),(195,19,303,'Submitted',93,NULL),(196,20,303,'Submitted',49,NULL),(197,19,304,'Submitted',91,NULL),(198,20,304,'Pending',NULL,NULL),(199,19,305,'Pending',NULL,NULL),(200,20,305,'Submitted',37,NULL),(201,21,306,'Submitted',87,NULL),(202,22,306,'Pending',NULL,NULL),(203,21,307,'Pending',NULL,NULL),(204,22,307,'Submitted',46,NULL),(205,21,308,'Pending',NULL,NULL),(206,22,308,'Pending',NULL,NULL),(207,21,309,'Submitted',99,NULL),(208,22,309,'Submitted',42,NULL),(209,21,310,'Submitted',92,NULL),(210,22,310,'Pending',NULL,NULL),(211,21,311,'Submitted',95,NULL),(212,22,311,'Pending',NULL,NULL),(213,21,312,'Pending',NULL,NULL),(214,22,312,'Submitted',41,NULL),(215,21,313,'Pending',NULL,NULL),(216,22,313,'Submitted',40,NULL),(217,21,314,'Submitted',89,NULL),(218,22,314,'Pending',NULL,NULL),(219,21,315,'Submitted',83,NULL),(220,22,315,'Pending',NULL,NULL),(221,23,316,'Submitted',82,NULL),(222,24,316,'Submitted',46,NULL),(223,23,317,'Submitted',98,NULL),(224,24,317,'Pending',NULL,NULL),(225,23,318,'Pending',NULL,NULL),(226,24,318,'Pending',NULL,NULL),(227,23,319,'Submitted',81,NULL),(228,24,319,'Pending',NULL,NULL),(229,23,320,'Submitted',92,NULL),(230,24,320,'Submitted',45,NULL),(231,23,321,'Submitted',93,NULL),(232,24,321,'Pending',NULL,NULL),(233,23,322,'Pending',NULL,NULL),(234,24,322,'Submitted',40,NULL),(235,23,323,'Pending',NULL,NULL),(236,24,323,'Submitted',42,NULL),(237,23,324,'Submitted',94,NULL),(238,24,324,'Submitted',42,NULL),(239,23,325,'Submitted',93,NULL),(240,24,325,'Submitted',42,NULL),(241,25,326,'Submitted',86,NULL),(242,26,326,'Submitted',37,NULL),(243,25,327,'Submitted',95,NULL),(244,26,327,'Submitted',36,NULL),(245,25,328,'Pending',NULL,NULL),(246,26,328,'Pending',NULL,NULL),(247,25,329,'Submitted',80,NULL),(248,26,329,'Submitted',40,NULL),(249,25,330,'Pending',NULL,NULL),(250,26,330,'Submitted',35,NULL),(251,25,331,'Pending',NULL,NULL),(252,26,331,'Submitted',36,NULL),(253,25,332,'Submitted',96,NULL),(254,26,332,'Submitted',40,NULL),(255,25,333,'Pending',NULL,NULL),(256,26,333,'Submitted',43,NULL),(257,25,334,'Pending',NULL,NULL),(258,26,334,'Pending',NULL,NULL),(259,25,335,'Submitted',83,NULL),(260,26,335,'Pending',NULL,NULL),(261,27,336,'Pending',NULL,NULL),(262,28,336,'Pending',NULL,NULL),(263,27,337,'Submitted',99,NULL),(264,28,337,'Submitted',45,NULL),(265,27,338,'Submitted',97,NULL),(266,28,338,'Pending',NULL,NULL),(267,27,339,'Submitted',92,NULL),(268,28,339,'Pending',NULL,NULL),(269,27,340,'Submitted',80,NULL),(270,28,340,'Pending',NULL,NULL),(271,27,341,'Submitted',87,NULL),(272,28,341,'Pending',NULL,NULL),(273,27,342,'Submitted',93,NULL),(274,28,342,'Pending',NULL,NULL),(275,27,343,'Submitted',94,NULL),(276,28,343,'Pending',NULL,NULL),(277,27,344,'Pending',NULL,NULL),(278,28,344,'Pending',NULL,NULL),(279,27,345,'Submitted',90,NULL),(280,28,345,'Submitted',43,NULL),(281,29,346,'Pending',NULL,NULL),(282,30,346,'Pending',NULL,NULL),(283,29,347,'Submitted',92,NULL),(284,30,347,'Submitted',35,NULL),(285,29,348,'Pending',NULL,NULL),(286,30,348,'Pending',NULL,NULL),(287,29,349,'Pending',NULL,NULL),(288,30,349,'Pending',NULL,NULL),(289,29,350,'Pending',NULL,NULL),(290,30,350,'Pending',NULL,NULL),(291,29,351,'Submitted',94,NULL),(292,30,351,'Pending',NULL,NULL),(293,29,352,'Pending',NULL,NULL),(294,30,352,'Pending',NULL,NULL),(295,29,353,'Pending',NULL,NULL),(296,30,353,'Pending',NULL,NULL),(297,29,354,'Submitted',82,NULL),(298,30,354,'Submitted',44,NULL),(299,29,355,'Submitted',85,NULL),(300,30,355,'Submitted',49,NULL),(301,31,356,'Pending',NULL,NULL),(302,32,356,'Pending',NULL,NULL),(303,31,357,'Pending',NULL,NULL),(304,32,357,'Submitted',36,NULL),(305,31,358,'Submitted',90,NULL),(306,32,358,'Pending',NULL,NULL),(307,31,359,'Submitted',85,NULL),(308,32,359,'Submitted',47,NULL),(309,31,360,'Submitted',96,NULL),(310,32,360,'Submitted',36,NULL),(311,31,361,'Submitted',81,NULL),(312,32,361,'Submitted',38,NULL),(313,31,362,'Submitted',93,NULL),(314,32,362,'Submitted',42,NULL),(315,31,363,'Submitted',83,NULL),(316,32,363,'Pending',NULL,NULL),(317,31,364,'Submitted',90,NULL),(318,32,364,'Pending',NULL,NULL),(319,31,365,'Submitted',91,NULL),(320,32,365,'Submitted',49,NULL),(321,33,376,'Submitted',85,NULL),(322,34,376,'Pending',NULL,NULL),(323,33,377,'Submitted',89,NULL),(324,34,377,'Submitted',47,NULL),(325,33,378,'Submitted',88,NULL),(326,34,378,'Submitted',47,NULL),(327,33,379,'Pending',NULL,NULL),(328,34,379,'Pending',NULL,NULL),(329,33,380,'Submitted',98,NULL),(330,34,380,'Pending',NULL,NULL),(331,33,381,'Submitted',86,NULL),(332,34,381,'Pending',NULL,NULL),(333,33,382,'Submitted',86,NULL),(334,34,382,'Submitted',42,NULL),(335,33,383,'Submitted',95,NULL),(336,34,383,'Submitted',39,NULL),(337,33,384,'Submitted',90,NULL),(338,34,384,'Submitted',37,NULL),(339,33,385,'Submitted',93,NULL),(340,34,385,'Submitted',41,NULL),(341,35,386,'Submitted',97,NULL),(342,36,386,'Submitted',48,NULL),(521,53,502,'Pending',0,NULL),(522,53,503,'Pending',0,NULL),(523,53,504,'Pending',0,NULL),(524,53,505,'Pending',0,NULL),(525,53,506,'Pending',0,NULL),(526,53,507,'Pending',0,NULL),(527,53,508,'Pending',0,NULL),(528,53,509,'Pending',0,NULL),(529,53,510,'Pending',0,NULL),(530,53,511,'Pending',0,NULL),(531,53,512,'Submitted',82,'2026-03-23 16:10:28'),(532,53,513,'Pending',0,NULL),(533,53,514,'Pending',0,NULL),(534,53,515,'Pending',0,NULL),(535,53,516,'Pending',0,NULL),(536,53,517,'Pending',0,NULL),(537,53,518,'Pending',0,NULL),(538,53,519,'Pending',0,NULL),(539,53,580,'Pending',0,NULL),(540,54,521,'Pending',0,NULL),(541,54,522,'Pending',0,NULL),(542,54,523,'Pending',0,NULL),(543,54,524,'Pending',0,NULL),(544,54,525,'Pending',0,NULL),(545,54,526,'Pending',0,NULL),(546,54,527,'Pending',0,NULL),(547,54,528,'Pending',0,NULL),(548,54,529,'Pending',0,NULL),(549,54,530,'Pending',0,NULL),(550,54,531,'Pending',0,NULL),(551,54,532,'Pending',0,NULL),(552,54,533,'Pending',0,NULL),(553,54,536,'Pending',0,NULL),(554,54,537,'Pending',0,NULL),(555,54,538,'Pending',0,NULL),(556,54,539,'Pending',0,NULL),(557,54,540,'Pending',0,NULL),(558,54,541,'Pending',0,NULL);
/*!40000 ALTER TABLE `faculty_assignment_students` ENABLE KEYS */;
UNLOCK TABLES;

--
-- Table structure for table `faculty_assignments`
--

DROP TABLE IF EXISTS `faculty_assignments`;
/*!40101 SET @saved_cs_client     = @@character_set_client */;
/*!50503 SET character_set_client = utf8mb4 */;
CREATE TABLE `faculty_assignments` (
  `id` int NOT NULL AUTO_INCREMENT,
  `faculty_id` int DEFAULT NULL,
  `title` varchar(150) NOT NULL,
  `description` text,
  `materials` varchar(255) DEFAULT NULL,
  `submission_type` enum('softcopy','hardcopy','hardware') DEFAULT 'softcopy',
  `max_size_mb` int DEFAULT NULL,
  `file_format` varchar(100) DEFAULT NULL,
  `deadline` date DEFAULT NULL,
  `max_marks` int DEFAULT NULL,
  `created_at` timestamp NULL DEFAULT CURRENT_TIMESTAMP,
  PRIMARY KEY (`id`),
  KEY `faculty_id` (`faculty_id`),
  CONSTRAINT `faculty_assignments_ibfk_1` FOREIGN KEY (`faculty_id`) REFERENCES `users` (`id`) ON DELETE CASCADE
) ENGINE=InnoDB AUTO_INCREMENT=55 DEFAULT CHARSET=utf8mb4 COLLATE=utf8mb4_0900_ai_ci;
/*!40101 SET character_set_client = @saved_cs_client */;

--
-- Dumping data for table `faculty_assignments`
--

LOCK TABLES `faculty_assignments` WRITE;
/*!40000 ALTER TABLE `faculty_assignments` DISABLE KEYS */;
INSERT INTO `faculty_assignments` VALUES (1,106,'Demo Project Submission','Submit the final code and report',NULL,'softcopy',NULL,NULL,'2026-03-20',100,'2026-03-13 16:28:38'),(2,126,'Demo Project Submission','Submit the final code and report',NULL,'softcopy',NULL,NULL,'2026-03-20',100,'2026-03-13 16:30:38'),(3,146,'Demo Project Submission','Submit the final code and report',NULL,'softcopy',NULL,NULL,'2026-03-20',100,'2026-03-13 16:49:16'),(4,147,'Demo Project Submission','Submit the final code and report',NULL,'softcopy',NULL,NULL,'2026-03-20',100,'2026-03-13 16:49:16'),(5,148,'Demo Project Submission','Submit the final code and report',NULL,'softcopy',NULL,NULL,'2026-03-20',100,'2026-03-13 16:49:17'),(6,149,'Demo Project Submission','Submit the final code and report',NULL,'softcopy',NULL,NULL,'2026-03-20',100,'2026-03-13 16:49:18'),(7,150,'Demo Project Submission','Submit the final code and report',NULL,'softcopy',NULL,NULL,'2026-03-20',100,'2026-03-13 16:49:19'),(8,151,'Demo Project Submission','Submit the final code and report',NULL,'softcopy',NULL,NULL,'2026-03-20',100,'2026-03-13 16:49:20'),(9,152,'Demo Project Submission','Submit the final code and report',NULL,'softcopy',NULL,NULL,'2026-03-20',100,'2026-03-13 16:49:21'),(10,153,'Demo Project Submission','Submit the final code and report',NULL,'softcopy',NULL,NULL,'2026-03-20',100,'2026-03-13 16:49:22'),(11,154,'Demo Project Submission','Submit the final code and report',NULL,'softcopy',NULL,NULL,'2026-03-20',100,'2026-03-13 16:49:22'),(12,155,'Demo Project Submission','Submit the final code and report',NULL,'softcopy',NULL,NULL,'2026-03-20',100,'2026-03-13 16:49:23'),(13,256,'Mid-Term Project Submission','Submit the code and lab record.',NULL,'softcopy',NULL,NULL,'2026-03-20',100,'2026-03-13 17:35:38'),(14,256,'Weekly Research Paper','Upload the PDF format of your paper.',NULL,'softcopy',NULL,NULL,'2026-03-15',50,'2026-03-13 17:35:38'),(15,257,'Mid-Term Project Submission','Submit the code and lab record.',NULL,'softcopy',NULL,NULL,'2026-03-20',100,'2026-03-13 17:35:38'),(16,257,'Weekly Research Paper','Upload the PDF format of your paper.',NULL,'softcopy',NULL,NULL,'2026-03-15',50,'2026-03-13 17:35:38'),(17,258,'Mid-Term Project Submission','Submit the code and lab record.',NULL,'softcopy',NULL,NULL,'2026-03-20',100,'2026-03-13 17:35:39'),(18,258,'Weekly Research Paper','Upload the PDF format of your paper.',NULL,'softcopy',NULL,NULL,'2026-03-15',50,'2026-03-13 17:35:39'),(19,259,'Mid-Term Project Submission','Submit the code and lab record.',NULL,'softcopy',NULL,NULL,'2026-03-20',100,'2026-03-13 17:35:40'),(20,259,'Weekly Research Paper','Upload the PDF format of your paper.',NULL,'softcopy',NULL,NULL,'2026-03-15',50,'2026-03-13 17:35:40'),(21,260,'Mid-Term Project Submission','Submit the code and lab record.',NULL,'softcopy',NULL,NULL,'2026-03-20',100,'2026-03-13 17:35:41'),(22,260,'Weekly Research Paper','Upload the PDF format of your paper.',NULL,'softcopy',NULL,NULL,'2026-03-15',50,'2026-03-13 17:35:41'),(23,261,'Mid-Term Project Submission','Submit the code and lab record.',NULL,'softcopy',NULL,NULL,'2026-03-20',100,'2026-03-13 17:35:42'),(24,261,'Weekly Research Paper','Upload the PDF format of your paper.',NULL,'softcopy',NULL,NULL,'2026-03-15',50,'2026-03-13 17:35:42'),(25,262,'Mid-Term Project Submission','Submit the code and lab record.',NULL,'softcopy',NULL,NULL,'2026-03-20',100,'2026-03-13 17:35:43'),(26,262,'Weekly Research Paper','Upload the PDF format of your paper.',NULL,'softcopy',NULL,NULL,'2026-03-15',50,'2026-03-13 17:35:43'),(27,263,'Mid-Term Project Submission','Submit the code and lab record.',NULL,'softcopy',NULL,NULL,'2026-03-20',100,'2026-03-13 17:35:44'),(28,263,'Weekly Research Paper','Upload the PDF format of your paper.',NULL,'softcopy',NULL,NULL,'2026-03-15',50,'2026-03-13 17:35:44'),(29,264,'Mid-Term Project Submission','Submit the code and lab record.',NULL,'softcopy',NULL,NULL,'2026-03-20',100,'2026-03-13 17:35:45'),(30,264,'Weekly Research Paper','Upload the PDF format of your paper.',NULL,'softcopy',NULL,NULL,'2026-03-15',50,'2026-03-13 17:35:45'),(31,265,'Mid-Term Project Submission','Submit the code and lab record.',NULL,'softcopy',NULL,NULL,'2026-03-20',100,'2026-03-13 17:35:46'),(32,265,'Weekly Research Paper','Upload the PDF format of your paper.',NULL,'softcopy',NULL,NULL,'2026-03-15',50,'2026-03-13 17:35:46'),(33,366,'Mid-Term Project Submission','Submit the code and lab record.',NULL,'softcopy',NULL,NULL,'2026-03-21',100,'2026-03-14 05:45:41'),(34,366,'Weekly Research Paper','Upload the PDF format of your paper.',NULL,'softcopy',NULL,NULL,'2026-03-16',50,'2026-03-14 05:45:41'),(35,367,'Mid-Term Project Submission','Submit the code and lab record.',NULL,'softcopy',NULL,NULL,'2026-03-21',100,'2026-03-14 05:45:42'),(36,367,'Weekly Research Paper','Upload the PDF format of your paper.',NULL,'softcopy',NULL,NULL,'2026-03-16',50,'2026-03-14 05:45:42'),(37,368,'Mid-Term Project Submission','Submit the code and lab record.',NULL,'softcopy',NULL,NULL,'2026-03-21',100,'2026-03-14 05:45:43'),(38,368,'Weekly Research Paper','Upload the PDF format of your paper.',NULL,'softcopy',NULL,NULL,'2026-03-16',50,'2026-03-14 05:45:43'),(39,369,'Mid-Term Project Submission','Submit the code and lab record.',NULL,'softcopy',NULL,NULL,'2026-03-21',100,'2026-03-14 05:45:43'),(40,369,'Weekly Research Paper','Upload the PDF format of your paper.',NULL,'softcopy',NULL,NULL,'2026-03-16',50,'2026-03-14 05:45:43'),(41,370,'Mid-Term Project Submission','Submit the code and lab record.',NULL,'softcopy',NULL,NULL,'2026-03-21',100,'2026-03-14 05:45:44'),(42,370,'Weekly Research Paper','Upload the PDF format of your paper.',NULL,'softcopy',NULL,NULL,'2026-03-16',50,'2026-03-14 05:45:44'),(43,371,'Mid-Term Project Submission','Submit the code and lab record.',NULL,'softcopy',NULL,NULL,'2026-03-21',100,'2026-03-14 05:45:45'),(44,371,'Weekly Research Paper','Upload the PDF format of your paper.',NULL,'softcopy',NULL,NULL,'2026-03-16',50,'2026-03-14 05:45:45'),(45,372,'Mid-Term Project Submission','Submit the code and lab record.',NULL,'softcopy',NULL,NULL,'2026-03-21',100,'2026-03-14 05:45:46'),(46,372,'Weekly Research Paper','Upload the PDF format of your paper.',NULL,'softcopy',NULL,NULL,'2026-03-16',50,'2026-03-14 05:45:46'),(47,373,'Mid-Term Project Submission','Submit the code and lab record.',NULL,'softcopy',NULL,NULL,'2026-03-21',100,'2026-03-14 05:45:46'),(48,373,'Weekly Research Paper','Upload the PDF format of your paper.',NULL,'softcopy',NULL,NULL,'2026-03-16',50,'2026-03-14 05:45:46'),(49,374,'Mid-Term Project Submission','Submit the code and lab record.',NULL,'softcopy',NULL,NULL,'2026-03-21',100,'2026-03-14 05:45:47'),(50,374,'Weekly Research Paper','Upload the PDF format of your paper.',NULL,'softcopy',NULL,NULL,'2026-03-16',50,'2026-03-14 05:45:47'),(51,375,'Mid-Term Project Submission','Submit the code and lab record.',NULL,'softcopy',NULL,NULL,'2026-03-21',100,'2026-03-14 05:45:48'),(52,375,'Weekly Research Paper','Upload the PDF format of your paper.',NULL,'softcopy',NULL,NULL,'2026-03-16',50,'2026-03-14 05:45:48'),(53,367,'Mini Project sample document','','','softcopy',50,'regno_name','2026-03-24',100,'2026-03-23 05:54:35'),(54,369,'Mini Project Sample document','','','softcopy',NULL,'regno_name','2026-03-24',100,'2026-03-23 08:10:29');
/*!40000 ALTER TABLE `faculty_assignments` ENABLE KEYS */;
UNLOCK TABLES;

--
-- Table structure for table `faculty_profiles`
--

DROP TABLE IF EXISTS `faculty_profiles`;
/*!40101 SET @saved_cs_client     = @@character_set_client */;
/*!50503 SET character_set_client = utf8mb4 */;
CREATE TABLE `faculty_profiles` (
  `id` int NOT NULL AUTO_INCREMENT,
  `user_id` int DEFAULT NULL,
  `first_name` varchar(100) DEFAULT NULL,
  `last_name` varchar(100) DEFAULT NULL,
  `dob` date DEFAULT NULL,
  `address` text,
  `department` varchar(100) DEFAULT NULL,
  `age` int DEFAULT NULL,
  PRIMARY KEY (`id`),
  KEY `user_id` (`user_id`),
  CONSTRAINT `faculty_profiles_ibfk_1` FOREIGN KEY (`user_id`) REFERENCES `users` (`id`) ON DELETE CASCADE
) ENGINE=InnoDB AUTO_INCREMENT=90 DEFAULT CHARSET=utf8mb4 COLLATE=utf8mb4_0900_ai_ci;
/*!40101 SET character_set_client = @saved_cs_client */;

--
-- Dumping data for table `faculty_profiles`
--

LOCK TABLES `faculty_profiles` WRITE;
/*!40000 ALTER TABLE `faculty_profiles` DISABLE KEYS */;
INSERT INTO `faculty_profiles` VALUES (1,74,'Example','Faculty 1',NULL,NULL,'Computer Science',NULL),(2,75,'Example','Faculty 2',NULL,NULL,'Computer Science',NULL),(3,76,'Example','Faculty 3',NULL,NULL,'Computer Science',NULL),(4,77,'Example','Faculty 4',NULL,NULL,'Computer Science',NULL),(5,78,'Example','Faculty 5',NULL,NULL,'Computer Science',NULL),(6,79,'Example','Faculty 6',NULL,NULL,'Computer Science',NULL),(7,80,'Example','Faculty 7',NULL,NULL,'Computer Science',NULL),(8,81,'Example','Faculty 8',NULL,NULL,'Computer Science',NULL),(9,82,'Example','Faculty 9',NULL,NULL,'Computer Science',NULL),(10,83,'Example','Faculty 10',NULL,NULL,'Computer Science',NULL),(11,95,'Example','Faculty 1',NULL,NULL,'Computer Science',NULL),(12,96,'Example','Faculty 2',NULL,NULL,'Computer Science',NULL),(13,97,'Example','Faculty 3',NULL,NULL,'Computer Science',NULL),(14,98,'Example','Faculty 4',NULL,NULL,'Computer Science',NULL),(15,99,'Example','Faculty 5',NULL,NULL,'Computer Science',NULL),(16,100,'Example','Faculty 6',NULL,NULL,'Computer Science',NULL),(17,101,'Example','Faculty 7',NULL,NULL,'Computer Science',NULL),(18,102,'Example','Faculty 8',NULL,NULL,'Computer Science',NULL),(19,103,'Example','Faculty 9',NULL,NULL,'Computer Science',NULL),(20,104,'Example','Faculty 10',NULL,NULL,'Computer Science',NULL),(21,106,'Example','Faculty 1',NULL,NULL,'Computer Science',NULL),(22,107,'Example','Faculty 2',NULL,NULL,'Computer Science',NULL),(23,108,'Example','Faculty 3',NULL,NULL,'Computer Science',NULL),(24,109,'Example','Faculty 4',NULL,NULL,'Computer Science',NULL),(25,110,'Example','Faculty 5',NULL,NULL,'Computer Science',NULL),(26,111,'Example','Faculty 6',NULL,NULL,'Computer Science',NULL),(27,112,'Example','Faculty 7',NULL,NULL,'Computer Science',NULL),(28,113,'Example','Faculty 8',NULL,NULL,'Computer Science',NULL),(29,114,'Example','Faculty 9',NULL,NULL,'Computer Science',NULL),(30,115,'Example','Faculty 10',NULL,NULL,'Computer Science',NULL),(31,126,'Example','Faculty 1',NULL,NULL,'Computer Science',NULL),(32,127,'Example','Faculty 2',NULL,NULL,'Computer Science',NULL),(33,128,'Example','Faculty 3',NULL,NULL,'Computer Science',NULL),(34,129,'Example','Faculty 4',NULL,NULL,'Computer Science',NULL),(35,130,'Example','Faculty 5',NULL,NULL,'Computer Science',NULL),(36,131,'Example','Faculty 6',NULL,NULL,'Computer Science',NULL),(37,132,'Example','Faculty 7',NULL,NULL,'Computer Science',NULL),(38,133,'Example','Faculty 8',NULL,NULL,'Computer Science',NULL),(39,134,'Example','Faculty 9',NULL,NULL,'Computer Science',NULL),(40,135,'Example','Faculty 10',NULL,NULL,'Computer Science',NULL),(41,146,'Example','Faculty 1',NULL,NULL,'Computer Science',NULL),(42,147,'Example','Faculty 2',NULL,NULL,'Computer Science',NULL),(43,148,'Example','Faculty 3',NULL,NULL,'Computer Science',NULL),(44,149,'Example','Faculty 4',NULL,NULL,'Computer Science',NULL),(45,150,'Example','Faculty 5',NULL,NULL,'Computer Science',NULL),(46,151,'Example','Faculty 6',NULL,NULL,'Computer Science',NULL),(47,152,'Example','Faculty 7',NULL,NULL,'Computer Science',NULL),(48,153,'Example','Faculty 8',NULL,NULL,'Computer Science',NULL),(49,154,'Example','Faculty 9',NULL,NULL,'Computer Science',NULL),(50,155,'Example','Faculty 10',NULL,NULL,'Computer Science',NULL),(51,256,'Example','Faculty 1',NULL,NULL,'Computer Science',NULL),(52,257,'Example','Faculty 2',NULL,NULL,'Computer Science',NULL),(53,258,'Example','Faculty 3',NULL,NULL,'Computer Science',NULL),(54,259,'Example','Faculty 4',NULL,NULL,'Computer Science',NULL),(55,260,'Example','Faculty 5',NULL,NULL,'Computer Science',NULL),(56,261,'Example','Faculty 6',NULL,NULL,'Computer Science',NULL),(57,262,'Example','Faculty 7',NULL,NULL,'Computer Science',NULL),(58,263,'Example','Faculty 8',NULL,NULL,'Computer Science',NULL),(59,264,'Example','Faculty 9',NULL,NULL,'Computer Science',NULL),(60,265,'Example','Faculty 10',NULL,NULL,'Computer Science',NULL),(61,366,'Dr. DANIEL RAJ','A',NULL,'','ELECTRONICS AND COMMUNICATION ENGINEERING',NULL),(62,367,'Dr. RAMKUMAR','R',NULL,'','ELECTRONICS AND COMMUNICATION ENGINEERING',NULL),(63,368,'Mrs. RAMYA','P',NULL,'','ELECTRONICS AND COMMUNICATION ENGINEERING',NULL),(64,369,'Mr. TAMILSELVAN','S',NULL,'','ELECTRONICS AND COMMUNICATION ENGINEERING',NULL),(65,370,'Mrs. DHANALAKSHMI','S',NULL,'','ELECTRONICS AND COMMUNICATION ENGINEERING',NULL),(66,371,'Dr. KARTHIKEYAN','S',NULL,'','ELECTRONICS AND COMMUNICATION ENGINEERING',NULL),(67,372,'Mrs. SARANYA','N',NULL,'','ELECTRONICS AND COMMUNICATION ENGINEERING',NULL),(68,373,'Mr. RAJA SEKAR','S',NULL,'','ELECTRONICS AND COMMUNICATION ENGINEERING',NULL),(69,374,'Mr. BARANIDHARAN','V',NULL,'','ELECTRONICS AND COMMUNICATION ENGINEERING',NULL),(70,375,'Mrs. MYTHILI','S',NULL,'','ELECTRONICS AND COMMUNICATION ENGINEERING',NULL),(85,727,'Mr. ARUN','KUMAR R',NULL,'','ELECTRONICS AND COMMUNICATION ENGINEERING',NULL),(86,728,'Ms. NALIFABEGAM','J',NULL,'','ELECTRONICS AND COMMUNICATION ENGINEERING',NULL),(87,729,'Dr. LEEBAN','MOSES M',NULL,'','ELECTRONICS AND COMMUNICATION ENGINEERING',NULL),(88,730,'Mr. ARULMURUGAN','L',NULL,'','ELECTRONICS AND COMMUNICATION ENGINEERING',NULL),(89,731,'Ms. RAGAVI','M',NULL,'','ELECTRONICS AND COMMUNICATION ENGINEERING',NULL);
/*!40000 ALTER TABLE `faculty_profiles` ENABLE KEYS */;
UNLOCK TABLES;

--
-- Table structure for table `faculty_students`
--

DROP TABLE IF EXISTS `faculty_students`;
/*!40101 SET @saved_cs_client     = @@character_set_client */;
/*!50503 SET character_set_client = utf8mb4 */;
CREATE TABLE `faculty_students` (
  `id` int NOT NULL AUTO_INCREMENT,
  `faculty_id` int NOT NULL,
  `student_id` int NOT NULL,
  PRIMARY KEY (`id`),
  KEY `faculty_students_ibfk_1` (`faculty_id`),
  KEY `faculty_students_ibfk_2` (`student_id`),
  CONSTRAINT `faculty_students_ibfk_1` FOREIGN KEY (`faculty_id`) REFERENCES `users` (`id`) ON DELETE CASCADE,
  CONSTRAINT `faculty_students_ibfk_2` FOREIGN KEY (`student_id`) REFERENCES `users` (`id`) ON DELETE CASCADE
) ENGINE=InnoDB AUTO_INCREMENT=115 DEFAULT CHARSET=utf8mb4 COLLATE=utf8mb4_0900_ai_ci;
/*!40101 SET character_set_client = @saved_cs_client */;

--
-- Dumping data for table `faculty_students`
--

LOCK TABLES `faculty_students` WRITE;
/*!40000 ALTER TABLE `faculty_students` DISABLE KEYS */;
/*!40000 ALTER TABLE `faculty_students` ENABLE KEYS */;
UNLOCK TABLES;

--
-- Table structure for table `marks`
--

DROP TABLE IF EXISTS `marks`;
/*!40101 SET @saved_cs_client     = @@character_set_client */;
/*!50503 SET character_set_client = utf8mb4 */;
CREATE TABLE `marks` (
  `id` int NOT NULL AUTO_INCREMENT,
  `student_id` int NOT NULL,
  `internal_mark` int DEFAULT NULL,
  `subject_id` int DEFAULT NULL,
  PRIMARY KEY (`id`),
  KEY `student_id` (`student_id`),
  CONSTRAINT `marks_ibfk_1` FOREIGN KEY (`student_id`) REFERENCES `users` (`id`)
) ENGINE=InnoDB AUTO_INCREMENT=7773 DEFAULT CHARSET=utf8mb4 COLLATE=utf8mb4_0900_ai_ci;
/*!40101 SET character_set_client = @saved_cs_client */;

--
-- Dumping data for table `marks`
--

LOCK TABLES `marks` WRITE;
/*!40000 ALTER TABLE `marks` DISABLE KEYS */;
INSERT INTO `marks` VALUES (5821,376,33,1),(5822,376,73,2),(5823,376,87,3),(5824,376,75,4),(5825,376,93,5),(5826,376,72,6),(5827,376,23,7),(5828,376,44,8),(5829,377,29,1),(5830,377,83,2),(5831,377,90,3),(5832,377,89,4),(5833,377,36,5),(5834,377,73,6),(5835,377,35,7),(5836,377,97,8),(5837,378,51,1),(5838,378,46,2),(5839,378,83,3),(5840,378,81,4),(5841,378,91,5),(5842,378,42,6),(5843,378,69,7),(5844,378,41,8),(5845,379,50,1),(5846,379,79,2),(5847,379,94,3),(5848,379,89,4),(5849,379,94,5),(5850,379,84,6),(5851,379,25,7),(5852,379,35,8),(5853,380,60,1),(5854,380,33,2),(5855,380,93,3),(5856,380,98,4),(5857,380,38,5),(5858,380,47,6),(5859,380,67,7),(5860,380,99,8),(5861,381,32,1),(5862,381,89,2),(5863,381,72,3),(5864,381,90,4),(5865,381,85,5),(5866,381,99,6),(5867,381,63,7),(5868,381,95,8),(5869,382,41,1),(5870,382,77,2),(5871,382,38,3),(5872,382,76,4),(5873,382,97,5),(5874,382,37,6),(5875,382,51,7),(5876,382,72,8),(5877,383,58,1),(5878,383,83,2),(5879,383,93,3),(5880,383,81,4),(5881,383,98,5),(5882,383,78,6),(5883,383,29,7),(5884,383,94,8),(5885,384,36,1),(5886,384,36,2),(5887,384,73,3),(5888,384,96,4),(5889,384,44,5),(5890,384,93,6),(5891,384,59,7),(5892,384,92,8),(5893,385,20,1),(5894,385,70,2),(5895,385,72,3),(5896,385,96,4),(5897,385,91,5),(5898,385,94,6),(5899,385,41,7),(5900,385,87,8),(5901,386,32,1),(5902,386,30,2),(5903,386,72,3),(5904,386,88,4),(5905,386,70,5),(5906,386,80,6),(5907,386,40,7),(5908,386,95,8),(5909,477,62,1),(5910,477,86,2),(5911,477,74,3),(5912,477,95,4),(5913,477,30,5),(5914,477,35,6),(5915,477,63,7),(5916,477,92,8),(5917,478,45,1),(5918,478,99,2),(5919,478,45,3),(5920,478,89,4),(5921,478,77,5),(5922,478,79,6),(5923,478,32,7),(5924,478,85,8),(5925,479,36,1),(5926,479,43,2),(5927,479,78,3),(5928,479,97,4),(5929,479,85,5),(5930,479,99,6),(5931,479,30,7),(5932,479,79,8),(5933,480,48,1),(5934,480,99,2),(5935,480,72,3),(5936,480,40,4),(5937,480,80,5),(5938,480,80,6),(5939,480,66,7),(5940,480,70,8),(5941,482,37,1),(5942,482,32,2),(5943,482,93,3),(5944,482,78,4),(5945,482,95,5),(5946,482,49,6),(5947,482,35,7),(5948,482,40,8),(5949,483,33,1),(5950,483,77,2),(5951,483,82,3),(5952,483,87,4),(5953,483,75,5),(5954,483,77,6),(5955,483,39,7),(5956,483,88,8),(5957,484,34,1),(5958,484,87,2),(5959,484,41,3),(5960,484,86,4),(5961,484,88,5),(5962,484,37,6),(5963,484,77,7),(5964,484,71,8),(5965,485,25,1),(5966,485,71,2),(5967,485,98,3),(5968,485,71,4),(5969,485,80,5),(5970,485,95,6),(5971,485,44,7),(5972,485,70,8),(5973,486,50,1),(5974,486,94,2),(5975,486,86,3),(5976,486,85,4),(5977,486,49,5),(5978,486,72,6),(5979,486,32,7),(5980,486,71,8),(5981,487,45,1),(5982,487,73,2),(5983,487,97,3),(5984,487,71,4),(5985,487,95,5),(5986,487,92,6),(5987,487,68,7),(5988,487,93,8),(5989,488,36,1),(5990,488,91,2),(5991,488,73,3),(5992,488,38,4),(5993,488,81,5),(5994,488,84,6),(5995,488,48,7),(5996,488,93,8),(5997,489,64,1),(5998,489,38,2),(5999,489,74,3),(6000,489,90,4),(6001,489,78,5),(6002,489,76,6),(6003,489,80,7),(6004,489,86,8),(6005,490,54,1),(6006,490,85,2),(6007,490,85,3),(6008,490,91,4),(6009,490,32,5),(6010,490,78,6),(6011,490,57,7),(6012,490,92,8),(6013,491,44,1),(6014,491,84,2),(6015,491,92,3),(6016,491,87,4),(6017,491,95,5),(6018,491,81,6),(6019,491,46,7),(6020,491,38,8),(6021,492,47,1),(6022,492,77,2),(6023,492,75,3),(6024,492,98,4),(6025,492,95,5),(6026,492,81,6),(6027,492,64,7),(6028,492,98,8),(6029,493,27,1),(6030,493,76,2),(6031,493,97,3),(6032,493,80,4),(6033,493,83,5),(6034,493,83,6),(6035,493,47,7),(6036,493,95,8),(6037,494,30,1),(6038,494,80,2),(6039,494,70,3),(6040,494,80,4),(6041,494,78,5),(6042,494,32,6),(6043,494,33,7),(6044,494,88,8),(6045,495,73,1),(6046,495,93,2),(6047,495,39,3),(6048,495,49,4),(6049,495,90,5),(6050,495,73,6),(6051,495,42,7),(6052,495,83,8),(6053,496,75,1),(6054,496,98,2),(6055,496,37,3),(6056,496,45,4),(6057,496,72,5),(6058,496,97,6),(6059,496,27,7),(6060,496,97,8),(6061,497,76,1),(6062,497,86,2),(6063,497,72,3),(6064,497,75,4),(6065,497,84,5),(6066,497,86,6),(6067,497,33,7),(6068,497,80,8),(6069,498,28,1),(6070,498,91,2),(6071,498,82,3),(6072,498,75,4),(6073,498,84,5),(6074,498,93,6),(6075,498,42,7),(6076,498,84,8),(6077,499,25,1),(6078,499,84,2),(6079,499,31,3),(6080,499,38,4),(6081,499,32,5),(6082,499,93,6),(6083,499,54,7),(6084,499,96,8),(6085,500,29,1),(6086,500,79,2),(6087,500,81,3),(6088,500,94,4),(6089,500,89,5),(6090,500,44,6),(6091,500,52,7),(6092,500,72,8),(6093,502,34,1),(6094,502,37,2),(6095,502,79,3),(6096,502,76,4),(6097,502,93,5),(6098,502,85,6),(6099,502,20,7),(6100,502,95,8),(6101,503,61,1),(6102,503,97,2),(6103,503,99,3),(6104,503,70,4),(6105,503,78,5),(6106,503,96,6),(6107,503,69,7),(6108,503,91,8),(6109,504,75,1),(6110,504,81,2),(6111,504,89,3),(6112,504,76,4),(6113,504,76,5),(6114,504,42,6),(6115,504,47,7),(6116,504,91,8),(6117,505,68,1),(6118,505,70,2),(6119,505,95,3),(6120,505,83,4),(6121,505,82,5),(6122,505,73,6),(6123,505,66,7),(6124,505,76,8),(6125,506,26,1),(6126,506,73,2),(6127,506,98,3),(6128,506,34,4),(6129,506,88,5),(6130,506,89,6),(6131,506,79,7),(6132,506,94,8),(6133,507,77,1),(6134,507,81,2),(6135,507,94,3),(6136,507,86,4),(6137,507,77,5),(6138,507,70,6),(6139,507,28,7),(6140,507,70,8),(6141,508,72,1),(6142,508,81,2),(6143,508,82,3),(6144,508,84,4),(6145,508,91,5),(6146,508,87,6),(6147,508,47,7),(6148,508,94,8),(6149,509,50,1),(6150,509,84,2),(6151,509,83,3),(6152,509,49,4),(6153,509,95,5),(6154,509,79,6),(6155,509,37,7),(6156,509,91,8),(6157,510,35,1),(6158,510,49,2),(6159,510,85,3),(6160,510,94,4),(6161,510,82,5),(6162,510,84,6),(6163,510,34,7),(6164,510,82,8),(6165,511,41,1),(6166,511,74,2),(6167,511,77,3),(6168,511,74,4),(6169,511,79,5),(6170,511,46,6),(6171,511,65,7),(6172,511,89,8),(6173,512,47,1),(6174,512,93,2),(6175,512,40,3),(6176,512,84,4),(6177,512,73,5),(6178,512,72,6),(6179,512,26,7),(6180,512,81,8),(6181,513,26,1),(6182,513,83,2),(6183,513,83,3),(6184,513,80,4),(6185,513,82,5),(6186,513,77,6),(6187,513,37,7),(6188,513,85,8),(6189,514,49,1),(6190,514,88,2),(6191,514,87,3),(6192,514,91,4),(6193,514,78,5),(6194,514,87,6),(6195,514,33,7),(6196,514,89,8),(6197,515,49,1),(6198,515,71,2),(6199,515,93,3),(6200,515,86,4),(6201,515,83,5),(6202,515,83,6),(6203,515,39,7),(6204,515,98,8),(6205,516,68,1),(6206,516,86,2),(6207,516,90,3),(6208,516,99,4),(6209,516,97,5),(6210,516,86,6),(6211,516,55,7),(6212,516,81,8),(6213,517,44,1),(6214,517,81,2),(6215,517,92,3),(6216,517,90,4),(6217,517,91,5),(6218,517,74,6),(6219,517,74,7),(6220,517,94,8),(6221,518,41,1),(6222,518,42,2),(6223,518,93,3),(6224,518,43,4),(6225,518,79,5),(6226,518,98,6),(6227,518,52,7),(6228,518,84,8),(6229,519,62,1),(6230,519,37,2),(6231,519,77,3),(6232,519,85,4),(6233,519,77,5),(6234,519,71,6),(6235,519,38,7),(6236,519,79,8),(6237,521,40,1),(6238,521,99,2),(6239,521,83,3),(6240,521,46,4),(6241,521,83,5),(6242,521,78,6),(6243,521,29,7),(6244,521,96,8),(6245,522,22,1),(6246,522,75,2),(6247,522,75,3),(6248,522,47,4),(6249,522,86,5),(6250,522,98,6),(6251,522,27,7),(6252,522,90,8),(6253,523,49,1),(6254,523,74,2),(6255,523,84,3),(6256,523,73,4),(6257,523,90,5),(6258,523,90,6),(6259,523,29,7),(6260,523,87,8),(6261,524,56,1),(6262,524,71,2),(6263,524,86,3),(6264,524,31,4),(6265,524,72,5),(6266,524,72,6),(6267,524,28,7),(6268,524,97,8),(6269,525,76,1),(6270,525,74,2),(6271,525,87,3),(6272,525,85,4),(6273,525,81,5),(6274,525,91,6),(6275,525,45,7),(6276,525,84,8),(6277,526,77,1),(6278,526,89,2),(6279,526,83,3),(6280,526,97,4),(6281,526,42,5),(6282,526,46,6),(6283,526,42,7),(6284,526,86,8),(6285,527,62,1),(6286,527,77,2),(6287,527,84,3),(6288,527,93,4),(6289,527,76,5),(6290,527,84,6),(6291,527,66,7),(6292,527,89,8),(6293,528,23,1),(6294,528,71,2),(6295,528,95,3),(6296,528,88,4),(6297,528,91,5),(6298,528,40,6),(6299,528,23,7),(6300,528,99,8),(6301,529,50,1),(6302,529,87,2),(6303,529,71,3),(6304,529,95,4),(6305,529,70,5),(6306,529,75,6),(6307,529,70,7),(6308,529,80,8),(6309,530,63,1),(6310,530,33,2),(6311,530,83,3),(6312,530,76,4),(6313,530,75,5),(6314,530,37,6),(6315,530,64,7),(6316,530,37,8),(6317,531,46,1),(6318,531,81,2),(6319,531,83,3),(6320,531,72,4),(6321,531,97,5),(6322,531,87,6),(6323,531,71,7),(6324,531,76,8),(6325,532,70,1),(6326,532,75,2),(6327,532,79,3),(6328,532,71,4),(6329,532,80,5),(6330,532,76,6),(6331,532,48,7),(6332,532,98,8),(6333,533,33,1),(6334,533,82,2),(6335,533,73,3),(6336,533,89,4),(6337,533,88,5),(6338,533,82,6),(6339,533,62,7),(6340,533,34,8),(6341,535,25,1),(6342,535,96,2),(6343,535,75,3),(6344,535,89,4),(6345,535,76,5),(6346,535,98,6),(6347,535,32,7),(6348,535,95,8),(6349,536,50,1),(6350,536,94,2),(6351,536,92,3),(6352,536,79,4),(6353,536,31,5),(6354,536,71,6),(6355,536,52,7),(6356,536,34,8),(6357,537,70,1),(6358,537,89,2),(6359,537,88,3),(6360,537,79,4),(6361,537,97,5),(6362,537,98,6),(6363,537,44,7),(6364,537,75,8),(6365,538,24,1),(6366,538,76,2),(6367,538,78,3),(6368,538,94,4),(6369,538,70,5),(6370,538,70,6),(6371,538,20,7),(6372,538,77,8),(6373,539,27,1),(6374,539,94,2),(6375,539,74,3),(6376,539,41,4),(6377,539,81,5),(6378,539,43,6),(6379,539,37,7),(6380,539,98,8),(6381,540,52,1),(6382,540,99,2),(6383,540,40,3),(6384,540,40,4),(6385,540,92,5),(6386,540,87,6),(6387,540,26,7),(6388,540,79,8),(6389,541,45,1),(6390,541,41,2),(6391,541,82,3),(6392,541,89,4),(6393,541,88,5),(6394,541,76,6),(6395,541,21,7),(6396,541,38,8),(6397,543,20,1),(6398,543,99,2),(6399,543,91,3),(6400,543,89,4),(6401,543,77,5),(6402,543,94,6),(6403,543,44,7),(6404,543,89,8),(6405,544,55,1),(6406,544,79,2),(6407,544,95,3),(6408,544,81,4),(6409,544,87,5),(6410,544,89,6),(6411,544,21,7),(6412,544,77,8),(6413,545,21,1),(6414,545,96,2),(6415,545,99,3),(6416,545,70,4),(6417,545,94,5),(6418,545,80,6),(6419,545,51,7),(6420,545,42,8),(6421,546,62,1),(6422,546,35,2),(6423,546,90,3),(6424,546,97,4),(6425,546,76,5),(6426,546,73,6),(6427,546,62,7),(6428,546,88,8),(6429,547,51,1),(6430,547,99,2),(6431,547,82,3),(6432,547,80,4),(6433,547,75,5),(6434,547,75,6),(6435,547,49,7),(6436,547,97,8),(6437,548,69,1),(6438,548,70,2),(6439,548,79,3),(6440,548,96,4),(6441,548,87,5),(6442,548,85,6),(6443,548,43,7),(6444,548,91,8),(6445,549,71,1),(6446,549,91,2),(6447,549,41,3),(6448,549,74,4),(6449,549,84,5),(6450,549,78,6),(6451,549,32,7),(6452,549,78,8),(6453,550,40,1),(6454,550,89,2),(6455,550,98,3),(6456,550,91,4),(6457,550,82,5),(6458,550,92,6),(6459,550,23,7),(6460,550,90,8),(6461,551,61,1),(6462,551,96,2),(6463,551,73,3),(6464,551,86,4),(6465,551,70,5),(6466,551,83,6),(6467,551,67,7),(6468,551,89,8),(6469,552,62,1),(6470,552,73,2),(6471,552,92,3),(6472,552,79,4),(6473,552,32,5),(6474,552,80,6),(6475,552,72,7),(6476,552,80,8),(6477,553,57,1),(6478,553,73,2),(6479,553,86,3),(6480,553,37,4),(6481,553,86,5),(6482,553,93,6),(6483,553,22,7),(6484,553,77,8),(6485,554,24,1),(6486,554,98,2),(6487,554,82,3),(6488,554,79,4),(6489,554,95,5),(6490,554,41,6),(6491,554,78,7),(6492,554,79,8),(6493,555,48,1),(6494,555,92,2),(6495,555,34,3),(6496,555,98,4),(6497,555,91,5),(6498,555,92,6),(6499,555,44,7),(6500,555,73,8),(6501,556,25,1),(6502,556,36,2),(6503,556,81,3),(6504,556,93,4),(6505,556,74,5),(6506,556,73,6),(6507,556,64,7),(6508,556,75,8),(6509,557,38,1),(6510,557,97,2),(6511,557,94,3),(6512,557,73,4),(6513,557,83,5),(6514,557,86,6),(6515,557,70,7),(6516,557,83,8),(6517,558,30,1),(6518,558,86,2),(6519,558,78,3),(6520,558,83,4),(6521,558,80,5),(6522,558,99,6),(6523,558,62,7),(6524,558,97,8),(6525,559,31,1),(6526,559,94,2),(6527,559,84,3),(6528,559,99,4),(6529,559,82,5),(6530,559,44,6),(6531,559,43,7),(6532,559,98,8),(6533,560,22,1),(6534,560,36,2),(6535,560,89,3),(6536,560,35,4),(6537,560,81,5),(6538,560,36,6),(6539,560,67,7),(6540,560,93,8),(6541,562,40,1),(6542,562,87,2),(6543,562,95,3),(6544,562,91,4),(6545,562,86,5),(6546,562,73,6),(6547,562,72,7),(6548,562,84,8),(6549,563,24,1),(6550,563,48,2),(6551,563,84,3),(6552,563,93,4),(6553,563,86,5),(6554,563,78,6),(6555,563,78,7),(6556,563,80,8),(6557,564,31,1),(6558,564,79,2),(6559,564,83,3),(6560,564,82,4),(6561,564,79,5),(6562,564,94,6),(6563,564,23,7),(6564,564,92,8),(6565,565,30,1),(6566,565,99,2),(6567,565,94,3),(6568,565,80,4),(6569,565,85,5),(6570,565,42,6),(6571,565,58,7),(6572,565,88,8),(6573,566,61,1),(6574,566,93,2),(6575,566,81,3),(6576,566,73,4),(6577,566,48,5),(6578,566,93,6),(6579,566,67,7),(6580,566,83,8),(6581,567,70,1),(6582,567,47,2),(6583,567,76,3),(6584,567,80,4),(6585,567,72,5),(6586,567,81,6),(6587,567,34,7),(6588,567,78,8),(6589,568,39,1),(6590,568,76,2),(6591,568,31,3),(6592,568,85,4),(6593,568,88,5),(6594,568,82,6),(6595,568,45,7),(6596,568,79,8),(6597,569,65,1),(6598,569,86,2),(6599,569,46,3),(6600,569,39,4),(6601,569,48,5),(6602,569,88,6),(6603,569,28,7),(6604,569,91,8),(6605,570,41,1),(6606,570,43,2),(6607,570,70,3),(6608,570,71,4),(6609,570,95,5),(6610,570,96,6),(6611,570,57,7),(6612,570,42,8),(6613,571,63,1),(6614,571,70,2),(6615,571,95,3),(6616,571,85,4),(6617,571,74,5),(6618,571,87,6),(6619,571,58,7),(6620,571,91,8),(6621,580,44,1),(6622,580,84,2),(6623,580,40,3),(6624,580,73,4),(6625,580,49,5),(6626,580,81,6),(6627,580,57,7),(6628,580,82,8),(6629,582,55,1),(6630,582,78,2),(6631,582,81,3),(6632,582,80,4),(6633,582,30,5),(6634,582,40,6),(6635,582,20,7),(6636,582,81,8),(6637,583,37,1),(6638,583,80,2),(6639,583,90,3),(6640,583,72,4),(6641,583,94,5),(6642,583,73,6),(6643,583,42,7),(6644,583,94,8),(6645,584,69,1),(6646,584,98,2),(6647,584,97,3),(6648,584,75,4),(6649,584,92,5),(6650,584,90,6),(6651,584,26,7),(6652,584,95,8),(6653,585,39,1),(6654,585,75,2),(6655,585,79,3),(6656,585,73,4),(6657,585,93,5),(6658,585,93,6),(6659,585,25,7),(6660,585,78,8),(6661,586,30,1),(6662,586,81,2),(6663,586,99,3),(6664,586,96,4),(6665,586,76,5),(6666,586,81,6),(6667,586,39,7),(6668,586,44,8),(6669,587,55,1),(6670,587,99,2),(6671,587,78,3),(6672,587,88,4),(6673,587,89,5),(6674,587,87,6),(6675,587,69,7),(6676,587,73,8),(6677,588,38,1),(6678,588,95,2),(6679,588,36,3),(6680,588,47,4),(6681,588,85,5),(6682,588,30,6),(6683,588,67,7),(6684,588,91,8),(6685,591,67,1),(6686,591,35,2),(6687,591,76,3),(6688,591,38,4),(6689,591,99,5),(6690,591,80,6),(6691,591,71,7),(6692,591,72,8),(6693,592,47,1),(6694,592,78,2),(6695,592,86,3),(6696,592,32,4),(6697,592,71,5),(6698,592,93,6),(6699,592,30,7),(6700,592,42,8),(6701,593,36,1),(6702,593,70,2),(6703,593,77,3),(6704,593,80,4),(6705,593,80,5),(6706,593,82,6),(6707,593,73,7),(6708,593,84,8),(6709,594,72,1),(6710,594,76,2),(6711,594,87,3),(6712,594,97,4),(6713,594,73,5),(6714,594,79,6),(6715,594,69,7),(6716,594,80,8),(6717,595,63,1),(6718,595,81,2),(6719,595,81,3),(6720,595,77,4),(6721,595,97,5),(6722,595,95,6),(6723,595,43,7),(6724,595,34,8),(6725,596,38,1),(6726,596,77,2),(6727,596,82,3),(6728,596,70,4),(6729,596,36,5),(6730,596,84,6),(6731,596,43,7),(6732,596,76,8),(6733,597,43,1),(6734,597,74,2),(6735,597,80,3),(6736,597,71,4),(6737,597,74,5),(6738,597,89,6),(6739,597,34,7),(6740,597,90,8),(6741,598,55,1),(6742,598,95,2),(6743,598,99,3),(6744,598,92,4),(6745,598,72,5),(6746,598,88,6),(6747,598,44,7),(6748,598,76,8),(6749,599,40,1),(6750,599,70,2),(6751,599,73,3),(6752,599,98,4),(6753,599,86,5),(6754,599,35,6),(6755,599,42,7),(6756,599,94,8),(6757,600,78,1),(6758,600,80,2),(6759,600,91,3),(6760,600,74,4),(6761,600,86,5),(6762,600,75,6),(6763,600,23,7),(6764,600,98,8),(6765,601,29,1),(6766,601,77,2),(6767,601,90,3),(6768,601,70,4),(6769,601,90,5),(6770,601,98,6),(6771,601,29,7),(6772,601,94,8),(6773,602,29,1),(6774,602,43,2),(6775,602,73,3),(6776,602,83,4),(6777,602,34,5),(6778,602,79,6),(6779,602,31,7),(6780,602,81,8),(6781,603,56,1),(6782,603,89,2),(6783,603,77,3),(6784,603,85,4),(6785,603,79,5),(6786,603,82,6),(6787,603,49,7),(6788,603,83,8),(6789,604,50,1),(6790,604,82,2),(6791,604,98,3),(6792,604,78,4),(6793,604,95,5),(6794,604,73,6),(6795,604,23,7),(6796,604,99,8),(6797,605,67,1),(6798,605,83,2),(6799,605,95,3),(6800,605,84,4),(6801,605,76,5),(6802,605,97,6),(6803,605,69,7),(6804,605,73,8),(6805,606,45,1),(6806,606,99,2),(6807,606,35,3),(6808,606,46,4),(6809,606,88,5),(6810,606,91,6),(6811,606,21,7),(6812,606,96,8),(6813,607,59,1),(6814,607,81,2),(6815,607,38,3),(6816,607,79,4),(6817,607,72,5),(6818,607,77,6),(6819,607,44,7),(6820,607,83,8),(6821,608,32,1),(6822,608,85,2),(6823,608,88,3),(6824,608,94,4),(6825,608,79,5),(6826,608,89,6),(6827,608,39,7),(6828,608,85,8),(6829,609,68,1),(6830,609,90,2),(6831,609,97,3),(6832,609,79,4),(6833,609,85,5),(6834,609,79,6),(6835,609,61,7),(6836,609,40,8),(6837,610,37,1),(6838,610,75,2),(6839,610,76,3),(6840,610,81,4),(6841,610,76,5),(6842,610,31,6),(6843,610,73,7),(6844,610,41,8),(6845,611,64,1),(6846,611,87,2),(6847,611,80,3),(6848,611,48,4),(6849,611,75,5),(6850,611,83,6),(6851,611,31,7),(6852,611,95,8),(6853,612,24,1),(6854,612,40,2),(6855,612,76,3),(6856,612,86,4),(6857,612,73,5),(6858,612,31,6),(6859,612,73,7),(6860,612,92,8),(6861,613,75,1),(6862,613,47,2),(6863,613,88,3),(6864,613,93,4),(6865,613,48,5),(6866,613,85,6),(6867,613,39,7),(6868,613,46,8),(6869,614,46,1),(6870,614,95,2),(6871,614,88,3),(6872,614,84,4),(6873,614,83,5),(6874,614,74,6),(6875,614,66,7),(6876,614,76,8),(6877,615,38,1),(6878,615,98,2),(6879,615,94,3),(6880,615,82,4),(6881,615,86,5),(6882,615,88,6),(6883,615,74,7),(6884,615,80,8),(6885,616,44,1),(6886,616,73,2),(6887,616,36,3),(6888,616,73,4),(6889,616,88,5),(6890,616,89,6),(6891,616,62,7),(6892,616,83,8),(6893,617,36,1),(6894,617,91,2),(6895,617,98,3),(6896,617,86,4),(6897,617,93,5),(6898,617,72,6),(6899,617,34,7),(6900,617,83,8),(6901,618,72,1),(6902,618,94,2),(6903,618,80,3),(6904,618,84,4),(6905,618,82,5),(6906,618,88,6),(6907,618,42,7),(6908,618,97,8),(6909,619,28,1),(6910,619,90,2),(6911,619,94,3),(6912,619,87,4),(6913,619,79,5),(6914,619,76,6),(6915,619,36,7),(6916,619,74,8),(6917,620,45,1),(6918,620,85,2),(6919,620,72,3),(6920,620,83,4),(6921,620,77,5),(6922,620,84,6),(6923,620,53,7),(6924,620,83,8),(6925,621,77,1),(6926,621,88,2),(6927,621,43,3),(6928,621,75,4),(6929,621,79,5),(6930,621,89,6),(6931,621,62,7),(6932,621,95,8),(6933,622,72,1),(6934,622,98,2),(6935,622,48,3),(6936,622,96,4),(6937,622,75,5),(6938,622,84,6),(6939,622,68,7),(6940,622,78,8),(6941,623,38,1),(6942,623,86,2),(6943,623,80,3),(6944,623,87,4),(6945,623,95,5),(6946,623,92,6),(6947,623,44,7),(6948,623,76,8),(6949,624,43,1),(6950,624,83,2),(6951,624,32,3),(6952,624,87,4),(6953,624,93,5),(6954,624,80,6),(6955,624,31,7),(6956,624,72,8),(6957,625,29,1),(6958,625,36,2),(6959,625,85,3),(6960,625,84,4),(6961,625,83,5),(6962,625,92,6),(6963,625,75,7),(6964,625,87,8),(6965,626,34,1),(6966,626,74,2),(6967,626,90,3),(6968,626,95,4),(6969,626,70,5),(6970,626,92,6),(6971,626,20,7),(6972,626,77,8),(6973,627,72,1),(6974,627,45,2),(6975,627,79,3),(6976,627,77,4),(6977,627,76,5),(6978,627,94,6),(6979,627,36,7),(6980,627,35,8),(6981,628,32,1),(6982,628,91,2),(6983,628,73,3),(6984,628,43,4),(6985,628,98,5),(6986,628,94,6),(6987,628,73,7),(6988,628,95,8),(6989,629,43,1),(6990,629,72,2),(6991,629,40,3),(6992,629,94,4),(6993,629,98,5),(6994,629,87,6),(6995,629,71,7),(6996,629,87,8),(6997,630,46,1),(6998,630,87,2),(6999,630,77,3),(7000,630,41,4),(7001,630,95,5),(7002,630,82,6),(7003,630,27,7),(7004,630,72,8),(7005,631,75,1),(7006,631,79,2),(7007,631,96,3),(7008,631,97,4),(7009,631,92,5),(7010,631,37,6),(7011,631,24,7),(7012,631,71,8),(7013,632,64,1),(7014,632,93,2),(7015,632,75,3),(7016,632,48,4),(7017,632,77,5),(7018,632,81,6),(7019,632,53,7),(7020,632,82,8),(7021,633,38,1),(7022,633,83,2),(7023,633,92,3),(7024,633,95,4),(7025,633,40,5),(7026,633,79,6),(7027,633,69,7),(7028,633,72,8),(7029,634,25,1),(7030,634,96,2),(7031,634,43,3),(7032,634,91,4),(7033,634,81,5),(7034,634,49,6),(7035,634,49,7),(7036,634,96,8),(7037,635,33,1),(7038,635,71,2),(7039,635,38,3),(7040,635,37,4),(7041,635,73,5),(7042,635,97,6),(7043,635,29,7),(7044,635,98,8),(7045,636,28,1),(7046,636,70,2),(7047,636,71,3),(7048,636,72,4),(7049,636,76,5),(7050,636,71,6),(7051,636,46,7),(7052,636,97,8),(7053,637,44,1),(7054,637,79,2),(7055,637,93,3),(7056,637,90,4),(7057,637,86,5),(7058,637,82,6),(7059,637,59,7),(7060,637,70,8),(7061,638,24,1),(7062,638,93,2),(7063,638,94,3),(7064,638,46,4),(7065,638,75,5),(7066,638,75,6),(7067,638,39,7),(7068,638,77,8),(7069,639,71,1),(7070,639,72,2),(7071,639,80,3),(7072,639,85,4),(7073,639,99,5),(7074,639,71,6),(7075,639,40,7),(7076,639,92,8),(7077,640,56,1),(7078,640,89,2),(7079,640,92,3),(7080,640,40,4),(7081,640,77,5),(7082,640,96,6),(7083,640,77,7),(7084,640,78,8),(7085,641,38,1),(7086,641,88,2),(7087,641,90,3),(7088,641,77,4),(7089,641,77,5),(7090,641,86,6),(7091,641,25,7),(7092,641,89,8),(7093,642,66,1),(7094,642,86,2),(7095,642,82,3),(7096,642,46,4),(7097,642,33,5),(7098,642,85,6),(7099,642,27,7),(7100,642,31,8),(7101,643,44,1),(7102,643,87,2),(7103,643,82,3),(7104,643,86,4),(7105,643,87,5),(7106,643,86,6),(7107,643,73,7),(7108,643,70,8),(7109,644,21,1),(7110,644,98,2),(7111,644,44,3),(7112,644,72,4),(7113,644,46,5),(7114,644,40,6),(7115,644,61,7),(7116,644,91,8),(7117,645,52,1),(7118,645,98,2),(7119,645,82,3),(7120,645,89,4),(7121,645,89,5),(7122,645,91,6),(7123,645,55,7),(7124,645,89,8),(7125,646,49,1),(7126,646,97,2),(7127,646,84,3),(7128,646,93,4),(7129,646,85,5),(7130,646,80,6),(7131,646,41,7),(7132,646,46,8),(7133,647,41,1),(7134,647,76,2),(7135,647,82,3),(7136,647,78,4),(7137,647,90,5),(7138,647,82,6),(7139,647,41,7),(7140,647,41,8),(7141,648,44,1),(7142,648,98,2),(7143,648,88,3),(7144,648,71,4),(7145,648,87,5),(7146,648,83,6),(7147,648,23,7),(7148,648,93,8),(7149,649,47,1),(7150,649,96,2),(7151,649,97,3),(7152,649,70,4),(7153,649,95,5),(7154,649,94,6),(7155,649,55,7),(7156,649,87,8),(7157,650,66,1),(7158,650,87,2),(7159,650,92,3),(7160,650,72,4),(7161,650,81,5),(7162,650,72,6),(7163,650,74,7),(7164,650,38,8),(7165,651,41,1),(7166,651,94,2),(7167,651,95,3),(7168,651,75,4),(7169,651,95,5),(7170,651,77,6),(7171,651,21,7),(7172,651,97,8),(7173,652,71,1),(7174,652,79,2),(7175,652,92,3),(7176,652,94,4),(7177,652,71,5),(7178,652,87,6),(7179,652,20,7),(7180,652,45,8),(7181,653,35,1),(7182,653,92,2),(7183,653,97,3),(7184,653,48,4),(7185,653,72,5),(7186,653,70,6),(7187,653,74,7),(7188,653,49,8),(7189,654,43,1),(7190,654,99,2),(7191,654,84,3),(7192,654,84,4),(7193,654,91,5),(7194,654,72,6),(7195,654,71,7),(7196,654,43,8),(7197,655,64,1),(7198,655,80,2),(7199,655,30,3),(7200,655,72,4),(7201,655,89,5),(7202,655,74,6),(7203,655,76,7),(7204,655,77,8),(7205,656,29,1),(7206,656,92,2),(7207,656,79,3),(7208,656,72,4),(7209,656,43,5),(7210,656,79,6),(7211,656,38,7),(7212,656,74,8),(7213,657,30,1),(7214,657,35,2),(7215,657,91,3),(7216,657,92,4),(7217,657,71,5),(7218,657,75,6),(7219,657,67,7),(7220,657,72,8),(7221,658,72,1),(7222,658,93,2),(7223,658,90,3),(7224,658,48,4),(7225,658,88,5),(7226,658,97,6),(7227,658,36,7),(7228,658,76,8),(7229,659,63,1),(7230,659,85,2),(7231,659,97,3),(7232,659,83,4),(7233,659,85,5),(7234,659,99,6),(7235,659,47,7),(7236,659,72,8),(7237,660,79,1),(7238,660,73,2),(7239,660,72,3),(7240,660,82,4),(7241,660,48,5),(7242,660,47,6),(7243,660,32,7),(7244,660,91,8),(7245,661,68,1),(7246,661,87,2),(7247,661,79,3),(7248,661,82,4),(7249,661,86,5),(7250,661,80,6),(7251,661,59,7),(7252,661,97,8),(7253,662,30,1),(7254,662,88,2),(7255,662,94,3),(7256,662,73,4),(7257,662,77,5),(7258,662,49,6),(7259,662,62,7),(7260,662,87,8),(7261,663,30,1),(7262,663,91,2),(7263,663,94,3),(7264,663,81,4),(7265,663,90,5),(7266,663,78,6),(7267,663,75,7),(7268,663,71,8),(7269,664,39,1),(7270,664,97,2),(7271,664,76,3),(7272,664,75,4),(7273,664,45,5),(7274,664,83,6),(7275,664,75,7),(7276,664,99,8),(7277,665,33,1),(7278,665,70,2),(7279,665,96,3),(7280,665,73,4),(7281,665,99,5),(7282,665,75,6),(7283,665,71,7),(7284,665,89,8),(7285,666,61,1),(7286,666,81,2),(7287,666,70,3),(7288,666,96,4),(7289,666,86,5),(7290,666,79,6),(7291,666,46,7),(7292,666,38,8),(7293,667,26,1),(7294,667,73,2),(7295,667,89,3),(7296,667,96,4),(7297,667,77,5),(7298,667,75,6),(7299,667,46,7),(7300,667,77,8),(7301,668,42,1),(7302,668,82,2),(7303,668,70,3),(7304,668,42,4),(7305,668,76,5),(7306,668,73,6),(7307,668,70,7),(7308,668,78,8),(7309,669,46,1),(7310,669,76,2),(7311,669,72,3),(7312,669,87,4),(7313,669,87,5),(7314,669,91,6),(7315,669,54,7),(7316,669,95,8),(7317,670,63,1),(7318,670,87,2),(7319,670,78,3),(7320,670,70,4),(7321,670,93,5),(7322,670,94,6),(7323,670,50,7),(7324,670,97,8),(7325,671,49,1),(7326,671,81,2),(7327,671,93,3),(7328,671,45,4),(7329,671,89,5),(7330,671,99,6),(7331,671,44,7),(7332,671,71,8),(7333,672,55,1),(7334,672,82,2),(7335,672,94,3),(7336,672,97,4),(7337,672,80,5),(7338,672,74,6),(7339,672,38,7),(7340,672,32,8),(7341,673,42,1),(7342,673,96,2),(7343,673,89,3),(7344,673,91,4),(7345,673,90,5),(7346,673,85,6),(7347,673,52,7),(7348,673,78,8),(7349,674,20,1),(7350,674,85,2),(7351,674,76,3),(7352,674,82,4),(7353,674,78,5),(7354,674,79,6),(7355,674,25,7),(7356,674,38,8),(7357,675,23,1),(7358,675,34,2),(7359,675,86,3),(7360,675,92,4),(7361,675,87,5),(7362,675,32,6),(7363,675,75,7),(7364,675,95,8),(7365,676,28,1),(7366,676,32,2),(7367,676,40,3),(7368,676,96,4),(7369,676,86,5),(7370,676,77,6),(7371,676,41,7),(7372,676,98,8),(7373,677,58,1),(7374,677,89,2),(7375,677,49,3),(7376,677,74,4),(7377,677,79,5),(7378,677,90,6),(7379,677,36,7),(7380,677,89,8),(7381,678,48,1),(7382,678,76,2),(7383,678,75,3),(7384,678,97,4),(7385,678,98,5),(7386,678,99,6),(7387,678,67,7),(7388,678,98,8),(7389,679,46,1),(7390,679,87,2),(7391,679,82,3),(7392,679,89,4),(7393,679,86,5),(7394,679,73,6),(7395,679,40,7),(7396,679,73,8),(7397,680,61,1),(7398,680,44,2),(7399,680,37,3),(7400,680,92,4),(7401,680,75,5),(7402,680,99,6),(7403,680,30,7),(7404,680,77,8),(7405,681,58,1),(7406,681,77,2),(7407,681,85,3),(7408,681,49,4),(7409,681,90,5),(7410,681,33,6),(7411,681,20,7),(7412,681,81,8),(7413,682,28,1),(7414,682,82,2),(7415,682,84,3),(7416,682,85,4),(7417,682,82,5),(7418,682,77,6),(7419,682,66,7),(7420,682,74,8),(7421,683,55,1),(7422,683,97,2),(7423,683,72,3),(7424,683,89,4),(7425,683,73,5),(7426,683,75,6),(7427,683,20,7),(7428,683,81,8),(7429,684,22,1),(7430,684,70,2),(7431,684,89,3),(7432,684,77,4),(7433,684,86,5),(7434,684,43,6),(7435,684,49,7),(7436,684,85,8),(7437,685,43,1),(7438,685,93,2),(7439,685,85,3),(7440,685,96,4),(7441,685,76,5),(7442,685,95,6),(7443,685,55,7),(7444,685,94,8),(7445,686,58,1),(7446,686,88,2),(7447,686,41,3),(7448,686,90,4),(7449,686,83,5),(7450,686,89,6),(7451,686,59,7),(7452,686,92,8),(7453,687,71,1),(7454,687,87,2),(7455,687,77,3),(7456,687,90,4),(7457,687,98,5),(7458,687,82,6),(7459,687,72,7),(7460,687,76,8),(7461,688,40,1),(7462,688,94,2),(7463,688,77,3),(7464,688,70,4),(7465,688,90,5),(7466,688,32,6),(7467,688,20,7),(7468,688,72,8),(7469,689,57,1),(7470,689,95,2),(7471,689,77,3),(7472,689,96,4),(7473,689,77,5),(7474,689,73,6),(7475,689,31,7),(7476,689,48,8),(7477,690,67,1),(7478,690,90,2),(7479,690,97,3),(7480,690,72,4),(7481,690,34,5),(7482,690,91,6),(7483,690,42,7),(7484,690,81,8),(7485,691,57,1),(7486,691,72,2),(7487,691,48,3),(7488,691,70,4),(7489,691,82,5),(7490,691,97,6),(7491,691,22,7),(7492,691,91,8),(7493,692,50,1),(7494,692,92,2),(7495,692,88,3),(7496,692,44,4),(7497,692,87,5),(7498,692,75,6),(7499,692,44,7),(7500,692,85,8),(7501,693,41,1),(7502,693,94,2),(7503,693,85,3),(7504,693,89,4),(7505,693,78,5),(7506,693,82,6),(7507,693,42,7),(7508,693,86,8),(7509,694,26,1),(7510,694,90,2),(7511,694,93,3),(7512,694,98,4),(7513,694,78,5),(7514,694,79,6),(7515,694,49,7),(7516,694,88,8),(7517,695,65,1),(7518,695,35,2),(7519,695,43,3),(7520,695,92,4),(7521,695,76,5),(7522,695,43,6),(7523,695,26,7),(7524,695,90,8),(7525,696,68,1),(7526,696,75,2),(7527,696,84,3),(7528,696,83,4),(7529,696,84,5),(7530,696,90,6),(7531,696,20,7),(7532,696,30,8),(7533,697,80,1),(7534,697,75,2),(7535,697,71,3),(7536,697,73,4),(7537,697,88,5),(7538,697,84,6),(7539,697,68,7),(7540,697,92,8),(7541,698,25,1),(7542,698,83,2),(7543,698,87,3),(7544,698,75,4),(7545,698,47,5),(7546,698,99,6),(7547,698,44,7),(7548,698,96,8),(7549,699,57,1),(7550,699,98,2),(7551,699,87,3),(7552,699,86,4),(7553,699,89,5),(7554,699,98,6),(7555,699,33,7),(7556,699,73,8),(7557,700,73,1),(7558,700,77,2),(7559,700,30,3),(7560,700,81,4),(7561,700,78,5),(7562,700,78,6),(7563,700,24,7),(7564,700,72,8),(7565,701,26,1),(7566,701,37,2),(7567,701,99,3),(7568,701,79,4),(7569,701,77,5),(7570,701,98,6),(7571,701,72,7),(7572,701,77,8),(7573,702,37,1),(7574,702,86,2),(7575,702,74,3),(7576,702,96,4),(7577,702,77,5),(7578,702,93,6),(7579,702,47,7),(7580,702,90,8),(7581,703,25,1),(7582,703,87,2),(7583,703,70,3),(7584,703,70,4),(7585,703,84,5),(7586,703,37,6),(7587,703,28,7),(7588,703,93,8),(7589,704,26,1),(7590,704,72,2),(7591,704,48,3),(7592,704,89,4),(7593,704,83,5),(7594,704,93,6),(7595,704,24,7),(7596,704,88,8),(7597,705,22,1),(7598,705,71,2),(7599,705,88,3),(7600,705,34,4),(7601,705,94,5),(7602,705,92,6),(7603,705,53,7),(7604,705,36,8),(7605,706,48,1),(7606,706,94,2),(7607,706,71,3),(7608,706,70,4),(7609,706,83,5),(7610,706,94,6),(7611,706,60,7),(7612,706,75,8),(7613,707,41,1),(7614,707,70,2),(7615,707,86,3),(7616,707,90,4),(7617,707,38,5),(7618,707,80,6),(7619,707,29,7),(7620,707,79,8),(7621,708,23,1),(7622,708,84,2),(7623,708,93,3),(7624,708,86,4),(7625,708,72,5),(7626,708,70,6),(7627,708,38,7),(7628,708,73,8),(7629,709,25,1),(7630,709,99,2),(7631,709,77,3),(7632,709,78,4),(7633,709,84,5),(7634,709,99,6),(7635,709,73,7),(7636,709,40,8),(7637,710,57,1),(7638,710,45,2),(7639,710,99,3),(7640,710,46,4),(7641,710,94,5),(7642,710,79,6),(7643,710,31,7),(7644,710,75,8),(7645,711,46,1),(7646,711,94,2),(7647,711,90,3),(7648,711,85,4),(7649,711,80,5),(7650,711,95,6),(7651,711,67,7),(7652,711,80,8),(7653,712,24,1),(7654,712,84,2),(7655,712,99,3),(7656,712,98,4),(7657,712,97,5),(7658,712,79,6),(7659,712,36,7),(7660,712,49,8),(7661,713,62,1),(7662,713,90,2),(7663,713,70,3),(7664,713,73,4),(7665,713,76,5),(7666,713,74,6),(7667,713,52,7),(7668,713,80,8),(7669,714,79,1),(7670,714,86,2),(7671,714,86,3),(7672,714,37,4),(7673,714,86,5),(7674,714,82,6),(7675,714,68,7),(7676,714,94,8),(7677,715,46,1),(7678,715,75,2),(7679,715,99,3),(7680,715,86,4),(7681,715,42,5),(7682,715,71,6),(7683,715,48,7),(7684,715,90,8),(7685,716,38,1),(7686,716,82,2),(7687,716,83,3),(7688,716,89,4),(7689,716,74,5),(7690,716,93,6),(7691,716,46,7),(7692,716,44,8),(7693,717,67,1),(7694,717,98,2),(7695,717,73,3),(7696,717,70,4),(7697,717,94,5),(7698,717,71,6),(7699,717,32,7),(7700,717,92,8),(7701,718,74,1),(7702,718,99,2),(7703,718,86,3),(7704,718,74,4),(7705,718,87,5),(7706,718,95,6),(7707,718,49,7),(7708,718,49,8),(7709,719,71,1),(7710,719,95,2),(7711,719,99,3),(7712,719,49,4),(7713,719,81,5),(7714,719,71,6),(7715,719,28,7),(7716,719,98,8),(7717,720,57,1),(7718,720,88,2),(7719,720,48,3),(7720,720,49,4),(7721,720,86,5),(7722,720,91,6),(7723,720,79,7),(7724,720,70,8),(7725,721,71,1),(7726,721,90,2),(7727,721,78,3),(7728,721,91,4),(7729,721,70,5),(7730,721,90,6),(7731,721,60,7),(7732,721,70,8),(7733,722,65,1),(7734,722,85,2),(7735,722,35,3),(7736,722,91,4),(7737,722,89,5),(7738,722,79,6),(7739,722,60,7),(7740,722,91,8),(7741,723,49,1),(7742,723,86,2),(7743,723,86,3),(7744,723,82,4),(7745,723,71,5),(7746,723,77,6),(7747,723,59,7),(7748,723,71,8),(7749,724,73,1),(7750,724,41,2),(7751,724,72,3),(7752,724,78,4),(7753,724,32,5),(7754,724,77,6),(7755,724,20,7),(7756,724,98,8),(7757,725,36,1),(7758,725,44,2),(7759,725,97,3),(7760,725,86,4),(7761,725,72,5),(7762,725,74,6),(7763,725,27,7),(7764,725,96,8),(7765,726,31,1),(7766,726,92,2),(7767,726,37,3),(7768,726,87,4),(7769,726,39,5),(7770,726,75,6),(7771,726,38,7),(7772,726,83,8);
/*!40000 ALTER TABLE `marks` ENABLE KEYS */;
UNLOCK TABLES;

--
-- Table structure for table `notifications`
--

DROP TABLE IF EXISTS `notifications`;
/*!40101 SET @saved_cs_client     = @@character_set_client */;
/*!50503 SET character_set_client = utf8mb4 */;
CREATE TABLE `notifications` (
  `id` int NOT NULL AUTO_INCREMENT,
  `user_id` int DEFAULT NULL,
  `message` text NOT NULL,
  `type` varchar(50) DEFAULT 'general',
  `is_read` tinyint(1) DEFAULT '0',
  `created_at` timestamp NULL DEFAULT CURRENT_TIMESTAMP,
  PRIMARY KEY (`id`),
  KEY `user_id` (`user_id`),
  CONSTRAINT `notifications_ibfk_1` FOREIGN KEY (`user_id`) REFERENCES `users` (`id`) ON DELETE CASCADE
) ENGINE=InnoDB AUTO_INCREMENT=44 DEFAULT CHARSET=utf8mb4 COLLATE=utf8mb4_0900_ai_ci;
/*!40101 SET character_set_client = @saved_cs_client */;

--
-- Dumping data for table `notifications`
--

LOCK TABLES `notifications` WRITE;
/*!40000 ALTER TABLE `notifications` DISABLE KEYS */;
INSERT INTO `notifications` VALUES (1,263,'Your query #38 has been resolved by an Admin.','general',0,'2026-03-13 18:11:46'),(2,256,'Your query #44 has been resolved by an Admin.','general',1,'2026-03-14 04:04:30'),(3,502,'New Assignment: Mini Project sample document','general',1,'2026-03-23 05:54:35'),(4,503,'New Assignment: Mini Project sample document','general',0,'2026-03-23 05:54:35'),(5,504,'New Assignment: Mini Project sample document','general',0,'2026-03-23 05:54:35'),(6,505,'New Assignment: Mini Project sample document','general',0,'2026-03-23 05:54:35'),(7,506,'New Assignment: Mini Project sample document','general',0,'2026-03-23 05:54:35'),(8,507,'New Assignment: Mini Project sample document','general',0,'2026-03-23 05:54:35'),(9,508,'New Assignment: Mini Project sample document','general',0,'2026-03-23 05:54:35'),(10,509,'New Assignment: Mini Project sample document','general',0,'2026-03-23 05:54:35'),(11,510,'New Assignment: Mini Project sample document','general',0,'2026-03-23 05:54:35'),(12,511,'New Assignment: Mini Project sample document','general',1,'2026-03-23 05:54:35'),(13,512,'New Assignment: Mini Project sample document','general',1,'2026-03-23 05:54:35'),(14,513,'New Assignment: Mini Project sample document','general',0,'2026-03-23 05:54:35'),(15,514,'New Assignment: Mini Project sample document','general',0,'2026-03-23 05:54:35'),(16,515,'New Assignment: Mini Project sample document','general',0,'2026-03-23 05:54:35'),(17,516,'New Assignment: Mini Project sample document','general',0,'2026-03-23 05:54:35'),(18,517,'New Assignment: Mini Project sample document','general',0,'2026-03-23 05:54:35'),(19,518,'New Assignment: Mini Project sample document','general',0,'2026-03-23 05:54:35'),(20,519,'New Assignment: Mini Project sample document','general',0,'2026-03-23 05:54:35'),(21,580,'New Assignment: Mini Project sample document','general',0,'2026-03-23 05:54:35'),(22,367,'Your query #65 has been resolved by an Admin.','general',1,'2026-03-23 05:57:41'),(23,521,'New Assignment: Mini Project Sample document','general',0,'2026-03-23 08:10:29'),(24,522,'New Assignment: Mini Project Sample document','general',0,'2026-03-23 08:10:29'),(25,523,'New Assignment: Mini Project Sample document','general',0,'2026-03-23 08:10:29'),(26,524,'New Assignment: Mini Project Sample document','general',0,'2026-03-23 08:10:29'),(27,525,'New Assignment: Mini Project Sample document','general',0,'2026-03-23 08:10:29'),(28,526,'New Assignment: Mini Project Sample document','general',0,'2026-03-23 08:10:29'),(29,527,'New Assignment: Mini Project Sample document','general',0,'2026-03-23 08:10:29'),(30,528,'New Assignment: Mini Project Sample document','general',0,'2026-03-23 08:10:29'),(31,529,'New Assignment: Mini Project Sample document','general',0,'2026-03-23 08:10:29'),(32,530,'New Assignment: Mini Project Sample document','general',0,'2026-03-23 08:10:29'),(33,531,'New Assignment: Mini Project Sample document','general',0,'2026-03-23 08:10:29'),(34,532,'New Assignment: Mini Project Sample document','general',0,'2026-03-23 08:10:29'),(35,533,'New Assignment: Mini Project Sample document','general',0,'2026-03-23 08:10:29'),(36,536,'New Assignment: Mini Project Sample document','general',0,'2026-03-23 08:10:29'),(37,537,'New Assignment: Mini Project Sample document','general',0,'2026-03-23 08:10:29'),(38,538,'New Assignment: Mini Project Sample document','general',0,'2026-03-23 08:10:29'),(39,539,'New Assignment: Mini Project Sample document','general',0,'2026-03-23 08:10:29'),(40,540,'New Assignment: Mini Project Sample document','general',0,'2026-03-23 08:10:29'),(41,541,'New Assignment: Mini Project Sample document','general',0,'2026-03-23 08:10:29'),(42,375,'Your query #63 has been resolved by An Admin.','general',0,'2026-03-24 05:08:14'),(43,511,'Your query #67 has been resolved by Your Faculty.','general',1,'2026-03-25 04:02:56');
/*!40000 ALTER TABLE `notifications` ENABLE KEYS */;
UNLOCK TABLES;

--
-- Table structure for table `past_performance`
--

DROP TABLE IF EXISTS `past_performance`;
/*!40101 SET @saved_cs_client     = @@character_set_client */;
/*!50503 SET character_set_client = utf8mb4 */;
CREATE TABLE `past_performance` (
  `id` int NOT NULL AUTO_INCREMENT,
  `student_id` int DEFAULT NULL,
  `semester` int DEFAULT NULL,
  `gpa` decimal(3,2) DEFAULT NULL,
  PRIMARY KEY (`id`),
  KEY `student_id` (`student_id`),
  CONSTRAINT `past_performance_ibfk_1` FOREIGN KEY (`student_id`) REFERENCES `students` (`id`)
) ENGINE=InnoDB AUTO_INCREMENT=1176 DEFAULT CHARSET=utf8mb4 COLLATE=utf8mb4_0900_ai_ci;
/*!40101 SET character_set_client = @saved_cs_client */;

--
-- Dumping data for table `past_performance`
--

LOCK TABLES `past_performance` WRITE;
/*!40000 ALTER TABLE `past_performance` DISABLE KEYS */;
INSERT INTO `past_performance` VALUES (1,376,1,7.11),(2,376,2,7.04),(3,376,3,7.09),(4,376,4,7.08),(5,376,5,6.86),(6,377,1,6.74),(7,377,2,7.00),(8,377,3,7.18),(9,377,4,7.52),(10,377,5,7.24),(11,378,1,8.04),(12,378,2,8.16),(13,378,3,8.16),(14,378,4,7.81),(15,378,5,8.04),(16,379,1,6.93),(17,379,2,7.29),(18,379,3,7.04),(19,379,4,6.68),(20,379,5,6.47),(21,380,1,7.10),(22,380,2,7.45),(23,380,3,7.31),(24,380,4,7.69),(25,380,5,7.49),(26,381,1,7.42),(27,381,2,7.54),(28,381,3,7.46),(29,381,4,7.78),(30,381,5,7.81),(31,382,1,8.30),(32,382,2,7.94),(33,382,3,7.55),(34,382,4,7.76),(35,382,5,7.85),(36,383,1,6.53),(37,383,2,6.50),(38,383,3,6.81),(39,383,4,6.46),(40,383,5,6.32),(41,384,1,6.68),(42,384,2,6.99),(43,384,3,7.06),(44,384,4,7.09),(45,384,5,7.21),(46,385,1,7.30),(47,385,2,7.67),(48,385,3,7.87),(49,385,4,7.87),(50,385,5,7.96),(51,386,1,7.55),(52,386,2,7.59),(53,386,3,7.28),(54,386,4,6.94),(55,386,5,6.86),(56,477,1,7.28),(57,477,2,7.01),(58,477,3,6.85),(59,477,4,6.62),(60,477,5,6.81),(61,478,1,7.77),(62,478,2,7.60),(63,478,3,7.46),(64,478,4,7.72),(65,478,5,7.97),(66,479,1,6.39),(67,479,2,6.55),(68,479,3,6.66),(69,479,4,6.29),(70,479,5,6.52),(71,480,1,6.97),(72,480,2,6.74),(73,480,3,6.46),(74,480,4,6.66),(75,480,5,6.37),(76,482,1,7.60),(77,482,2,7.55),(78,482,3,7.94),(79,482,4,8.09),(80,482,5,8.49),(81,483,1,7.02),(82,483,2,6.88),(83,483,3,6.60),(84,483,4,6.78),(85,483,5,6.73),(86,484,1,6.34),(87,484,2,6.12),(88,484,3,6.27),(89,484,4,6.04),(90,484,5,6.20),(91,485,1,7.18),(92,485,2,7.32),(93,485,3,7.58),(94,485,4,7.90),(95,485,5,7.95),(96,486,1,7.52),(97,486,2,7.17),(98,486,3,7.03),(99,486,4,6.95),(100,486,5,6.83),(101,487,1,6.47),(102,487,2,6.31),(103,487,3,6.49),(104,487,4,6.78),(105,487,5,6.91),(106,488,1,5.93),(107,488,2,6.22),(108,488,3,6.17),(109,488,4,6.12),(110,488,5,5.82),(111,489,1,6.34),(112,489,2,6.02),(113,489,3,5.72),(114,489,4,5.95),(115,489,5,5.82),(116,490,1,7.72),(117,490,2,7.39),(118,490,3,7.77),(119,490,4,7.77),(120,490,5,7.93),(121,491,1,6.87),(122,491,2,7.10),(123,491,3,7.31),(124,491,4,6.93),(125,491,5,6.78),(126,492,1,7.72),(127,492,2,8.00),(128,492,3,8.32),(129,492,4,8.70),(130,492,5,8.94),(131,493,1,6.06),(132,493,2,6.06),(133,493,3,6.10),(134,493,4,5.71),(135,493,5,5.68),(136,494,1,6.66),(137,494,2,6.33),(138,494,3,6.03),(139,494,4,6.24),(140,494,5,6.18),(141,495,1,6.77),(142,495,2,6.39),(143,495,3,6.15),(144,495,4,6.22),(145,495,5,6.26),(146,496,1,7.34),(147,496,2,7.70),(148,496,3,7.49),(149,496,4,7.20),(150,496,5,7.29),(151,497,1,6.29),(152,497,2,6.11),(153,497,3,5.97),(154,497,4,5.64),(155,497,5,5.58),(156,498,1,6.43),(157,498,2,6.71),(158,498,3,6.91),(159,498,4,6.60),(160,498,5,6.76),(161,499,1,7.59),(162,499,2,7.91),(163,499,3,7.69),(164,499,4,7.99),(165,499,5,7.74),(166,500,1,6.15),(167,500,2,6.07),(168,500,3,6.12),(169,500,4,6.21),(170,500,5,5.91),(171,502,1,7.11),(172,502,2,7.08),(173,502,3,6.82),(174,502,4,7.00),(175,502,5,7.04),(176,503,1,7.92),(177,503,2,8.08),(178,503,3,8.08),(179,503,4,8.45),(180,503,5,8.70),(181,504,1,7.53),(182,504,2,7.35),(183,504,3,7.22),(184,504,4,7.02),(185,504,5,6.94),(186,505,1,7.04),(187,505,2,6.75),(188,505,3,6.76),(189,505,4,6.67),(190,505,5,6.96),(191,506,1,7.39),(192,506,2,7.00),(193,506,3,7.25),(194,506,4,6.91),(195,506,5,7.05),(196,507,1,8.00),(197,507,2,7.80),(198,507,3,7.44),(199,507,4,7.61),(200,507,5,7.37),(201,508,1,5.99),(202,508,2,6.03),(203,508,3,5.71),(204,508,4,5.43),(205,508,5,5.37),(206,509,1,6.22),(207,509,2,5.97),(208,509,3,5.66),(209,509,4,5.70),(210,509,5,5.85),(211,510,1,7.06),(212,510,2,7.29),(213,510,3,7.62),(214,510,4,7.66),(215,510,5,7.31),(216,511,1,5.92),(217,511,2,5.95),(218,511,3,5.61),(219,511,4,5.90),(220,511,5,5.62),(221,512,1,7.24),(222,512,2,7.42),(223,512,3,7.60),(224,512,4,7.72),(225,512,5,7.52),(226,513,1,6.91),(227,513,2,7.00),(228,513,3,6.98),(229,513,4,7.28),(230,513,5,7.37),(231,514,1,6.45),(232,514,2,6.19),(233,514,3,6.45),(234,514,4,6.75),(235,514,5,7.10),(236,515,1,5.85),(237,515,2,5.87),(238,515,3,6.21),(239,515,4,6.52),(240,515,5,6.32),(241,516,1,6.65),(242,516,2,6.64),(243,516,3,6.65),(244,516,4,6.88),(245,516,5,7.09),(246,517,1,7.23),(247,517,2,7.40),(248,517,3,7.48),(249,517,4,7.76),(250,517,5,7.65),(251,518,1,7.97),(252,518,2,7.68),(253,518,3,7.90),(254,518,4,7.50),(255,518,5,7.25),(256,519,1,6.57),(257,519,2,6.90),(258,519,3,7.01),(259,519,4,6.73),(260,519,5,6.94),(261,521,1,7.52),(262,521,2,7.27),(263,521,3,6.94),(264,521,4,6.59),(265,521,5,6.63),(266,522,1,7.61),(267,522,2,7.83),(268,522,3,7.95),(269,522,4,8.30),(270,522,5,7.93),(271,523,1,7.29),(272,523,2,7.06),(273,523,3,6.98),(274,523,4,7.00),(275,523,5,6.99),(276,524,1,6.16),(277,524,2,6.14),(278,524,3,6.42),(279,524,4,6.10),(280,524,5,6.13),(281,525,1,6.46),(282,525,2,6.56),(283,525,3,6.84),(284,525,4,7.11),(285,525,5,6.96),(286,526,1,7.55),(287,526,2,7.72),(288,526,3,7.68),(289,526,4,7.87),(290,526,5,7.99),(291,527,1,7.30),(292,527,2,7.61),(293,527,3,7.74),(294,527,4,7.65),(295,527,5,7.64),(296,528,1,6.79),(297,528,2,7.06),(298,528,3,6.82),(299,528,4,6.46),(300,528,5,6.33),(301,529,1,5.99),(302,529,2,5.91),(303,529,3,6.05),(304,529,4,5.89),(305,529,5,6.02),(306,530,1,7.18),(307,530,2,7.55),(308,530,3,7.65),(309,530,4,7.66),(310,530,5,7.89),(311,531,1,7.31),(312,531,2,7.49),(313,531,3,7.63),(314,531,4,7.94),(315,531,5,7.74),(316,532,1,7.35),(317,532,2,7.42),(318,532,3,7.08),(319,532,4,6.88),(320,532,5,6.71),(321,533,1,6.49),(322,533,2,6.13),(323,533,3,6.30),(324,533,4,6.67),(325,533,5,6.59),(326,535,1,7.03),(327,535,2,7.36),(328,535,3,7.76),(329,535,4,7.74),(330,535,5,7.96),(331,536,1,6.90),(332,536,2,7.23),(333,536,3,7.48),(334,536,4,7.84),(335,536,5,7.82),(336,537,1,6.38),(337,537,2,6.42),(338,537,3,6.61),(339,537,4,6.67),(340,537,5,6.41),(341,538,1,6.79),(342,538,2,7.13),(343,538,3,7.32),(344,538,4,7.19),(345,538,5,7.51),(346,539,1,6.80),(347,539,2,6.73),(348,539,3,7.01),(349,539,4,6.81),(350,539,5,7.05),(351,540,1,6.17),(352,540,2,5.95),(353,540,3,6.09),(354,540,4,5.99),(355,540,5,5.65),(356,541,1,6.74),(357,541,2,6.59),(358,541,3,6.53),(359,541,4,6.40),(360,541,5,6.77),(361,543,1,6.72),(362,543,2,6.80),(363,543,3,6.69),(364,543,4,6.34),(365,543,5,6.21),(366,544,1,7.27),(367,544,2,7.31),(368,544,3,7.03),(369,544,4,6.98),(370,544,5,6.75),(371,545,1,6.73),(372,545,2,6.52),(373,545,3,6.41),(374,545,4,6.10),(375,545,5,6.28),(376,546,1,6.98),(377,546,2,7.03),(378,546,3,7.29),(379,546,4,7.02),(380,546,5,7.11),(381,547,1,6.85),(382,547,2,7.04),(383,547,3,6.78),(384,547,4,6.63),(385,547,5,6.46),(386,548,1,6.90),(387,548,2,7.17),(388,548,3,6.83),(389,548,4,7.19),(390,548,5,7.46),(391,549,1,6.36),(392,549,2,6.01),(393,549,3,5.82),(394,549,4,5.67),(395,549,5,5.65),(396,550,1,7.24),(397,550,2,7.57),(398,550,3,7.75),(399,550,4,7.75),(400,550,5,7.86),(401,551,1,8.38),(402,551,2,8.76),(403,551,3,9.04),(404,551,4,9.24),(405,551,5,9.50),(406,552,1,6.46),(407,552,2,6.45),(408,552,3,6.31),(409,552,4,6.43),(410,552,5,6.38),(411,553,1,8.06),(412,553,2,8.22),(413,553,3,8.06),(414,553,4,7.70),(415,553,5,7.95),(416,554,1,7.17),(417,554,2,6.98),(418,554,3,6.64),(419,554,4,6.51),(420,554,5,6.82),(421,555,1,7.13),(422,555,2,7.51),(423,555,3,7.90),(424,555,4,7.77),(425,555,5,7.61),(426,556,1,6.12),(427,556,2,6.43),(428,556,3,6.56),(429,556,4,6.94),(430,556,5,6.89),(431,557,1,6.75),(432,557,2,6.89),(433,557,3,7.29),(434,557,4,7.06),(435,557,5,7.02),(436,558,1,6.47),(437,558,2,6.75),(438,558,3,6.99),(439,558,4,7.15),(440,558,5,6.81),(441,559,1,5.74),(442,559,2,5.96),(443,559,3,5.64),(444,559,4,5.33),(445,559,5,5.47),(446,560,1,7.44),(447,560,2,7.52),(448,560,3,7.64),(449,560,4,7.81),(450,560,5,7.89),(451,562,1,5.99),(452,562,2,6.32),(453,562,3,6.67),(454,562,4,6.36),(455,562,5,6.07),(456,563,1,7.87),(457,563,2,8.24),(458,563,3,8.02),(459,563,4,7.81),(460,563,5,7.56),(461,564,1,7.95),(462,564,2,7.59),(463,564,3,7.28),(464,564,4,7.16),(465,564,5,7.28),(466,565,1,8.16),(467,565,2,7.80),(468,565,3,7.47),(469,565,4,7.43),(470,565,5,7.65),(471,566,1,6.59),(472,566,2,6.39),(473,566,3,6.33),(474,566,4,6.63),(475,566,5,6.74),(476,567,1,7.27),(477,567,2,7.08),(478,567,3,7.15),(479,567,4,7.17),(480,567,5,7.29),(481,568,1,6.53),(482,568,2,6.67),(483,568,3,6.63),(484,568,4,6.54),(485,568,5,6.86),(486,569,1,7.27),(487,569,2,6.98),(488,569,3,6.91),(489,569,4,6.66),(490,569,5,6.65),(491,570,1,7.27),(492,570,2,7.35),(493,570,3,7.74),(494,570,4,7.43),(495,570,5,7.48),(496,571,1,6.88),(497,571,2,6.83),(498,571,3,7.12),(499,571,4,6.81),(500,571,5,7.00),(501,580,1,7.43),(502,580,2,7.49),(503,580,3,7.74),(504,580,4,7.80),(505,580,5,7.82),(506,593,1,8.58),(507,593,2,8.44),(508,593,3,8.26),(509,593,4,8.31),(510,593,5,8.21),(511,594,1,7.73),(512,594,2,7.58),(513,594,3,7.43),(514,594,4,7.35),(515,594,5,7.46),(516,595,1,7.13),(517,595,2,7.21),(518,595,3,7.29),(519,595,4,7.10),(520,595,5,6.91),(521,596,1,7.67),(522,596,2,7.72),(523,596,3,7.54),(524,596,4,7.46),(525,596,5,7.60),(526,597,1,7.21),(527,597,2,7.04),(528,597,3,6.88),(529,597,4,6.91),(530,597,5,7.09),(531,598,1,7.13),(532,598,2,7.20),(533,598,3,7.38),(534,598,4,7.30),(535,598,5,7.29),(536,599,1,7.60),(537,599,2,7.71),(538,599,3,7.54),(539,599,4,7.41),(540,599,5,7.46),(541,600,1,7.01),(542,600,2,7.12),(543,600,3,6.99),(544,600,4,6.91),(545,600,5,6.92),(546,601,1,6.90),(547,601,2,6.87),(548,601,3,7.04),(549,601,4,7.14),(550,601,5,7.32),(551,602,1,8.21),(552,602,2,8.39),(553,602,3,8.53),(554,602,4,8.43),(555,602,5,8.39),(556,603,1,8.37),(557,603,2,8.42),(558,603,3,8.52),(559,603,4,8.52),(560,603,5,8.49),(561,604,1,7.05),(562,604,2,6.96),(563,604,3,7.00),(564,604,4,6.84),(565,604,5,6.65),(566,605,1,7.03),(567,605,2,6.83),(568,605,3,7.00),(569,605,4,6.89),(570,605,5,6.91),(571,606,1,6.60),(572,606,2,6.50),(573,606,3,6.46),(574,606,4,6.61),(575,606,5,6.63),(576,607,1,7.76),(577,607,2,7.81),(578,607,3,7.93),(579,607,4,7.88),(580,607,5,7.80),(581,608,1,7.46),(582,608,2,7.52),(583,608,3,7.33),(584,608,4,7.43),(585,608,5,7.27),(586,609,1,8.07),(587,609,2,8.00),(588,609,3,7.84),(589,609,4,7.93),(590,609,5,7.85),(591,610,1,7.41),(592,610,2,7.32),(593,610,3,7.34),(594,610,4,7.33),(595,610,5,7.16),(596,611,1,7.00),(597,611,2,6.96),(598,611,3,6.83),(599,611,4,6.87),(600,611,5,6.87),(601,612,1,6.87),(602,612,2,6.69),(603,612,3,6.65),(604,612,4,6.76),(605,612,5,6.82),(606,613,1,7.35),(607,613,2,7.47),(608,613,3,7.62),(609,613,4,7.72),(610,613,5,7.87),(611,614,1,7.29),(612,614,2,7.47),(613,614,3,7.63),(614,614,4,7.78),(615,614,5,7.93),(616,615,1,7.11),(617,615,2,6.97),(618,615,3,6.82),(619,615,4,6.81),(620,615,5,6.98),(621,616,1,7.75),(622,616,2,7.84),(623,616,3,7.86),(624,616,4,7.86),(625,616,5,7.79),(626,617,1,8.24),(627,617,2,8.26),(628,617,3,8.39),(629,617,4,8.53),(630,617,5,8.66),(631,618,1,8.05),(632,618,2,7.93),(633,618,3,8.02),(634,618,4,7.86),(635,618,5,7.85),(636,619,1,7.40),(637,619,2,7.55),(638,619,3,7.45),(639,619,4,7.52),(640,619,5,7.57),(641,620,1,6.78),(642,620,2,6.80),(643,620,3,6.64),(644,620,4,6.56),(645,620,5,6.52),(646,621,1,7.95),(647,621,2,8.04),(648,621,3,8.19),(649,621,4,8.10),(650,621,5,7.95),(651,622,1,6.60),(652,622,2,6.76),(653,622,3,6.63),(654,622,4,6.76),(655,622,5,6.87),(656,623,1,7.18),(657,623,2,7.26),(658,623,3,7.22),(659,623,4,7.29),(660,623,5,7.32),(661,624,1,6.56),(662,624,2,6.55),(663,624,3,6.59),(664,624,4,6.69),(665,624,5,6.63),(666,625,1,6.84),(667,625,2,7.00),(668,625,3,6.92),(669,625,4,6.78),(670,625,5,6.63),(671,626,1,7.50),(672,626,2,7.63),(673,626,3,7.52),(674,626,4,7.50),(675,626,5,7.49),(676,627,1,8.05),(677,627,2,8.14),(678,627,3,8.30),(679,627,4,8.40),(680,627,5,8.37),(681,628,1,7.17),(682,628,2,7.15),(683,628,3,7.00),(684,628,4,6.89),(685,628,5,7.04),(686,629,1,7.84),(687,629,2,7.92),(688,629,3,8.11),(689,629,4,8.11),(690,629,5,7.99),(691,630,1,6.74),(692,630,2,6.64),(693,630,3,6.46),(694,630,4,6.44),(695,630,5,6.33),(696,631,1,8.01),(697,631,2,8.19),(698,631,3,8.33),(699,631,4,8.16),(700,631,5,8.12),(701,632,1,8.34),(702,632,2,8.48),(703,632,3,8.60),(704,632,4,8.53),(705,632,5,8.47),(706,633,1,7.53),(707,633,2,7.64),(708,633,3,7.66),(709,633,4,7.49),(710,633,5,7.58),(711,634,1,7.92),(712,634,2,7.89),(713,634,3,7.99),(714,634,4,8.05),(715,634,5,8.19),(716,635,1,7.83),(717,635,2,7.71),(718,635,3,7.71),(719,635,4,7.88),(720,635,5,8.04),(721,636,1,7.67),(722,636,2,7.72),(723,636,3,7.61),(724,636,4,7.64),(725,636,5,7.48),(726,637,1,6.57),(727,637,2,6.54),(728,637,3,6.36),(729,637,4,6.36),(730,637,5,6.45),(731,638,1,6.96),(732,638,2,6.87),(733,638,3,6.77),(734,638,4,6.66),(735,638,5,6.58),(736,639,1,7.27),(737,639,2,7.39),(738,639,3,7.53),(739,639,4,7.62),(740,639,5,7.54),(741,640,1,7.13),(742,640,2,6.99),(743,640,3,7.08),(744,640,4,7.04),(745,640,5,6.89),(746,641,1,7.00),(747,641,2,7.00),(748,641,3,6.86),(749,641,4,6.67),(750,641,5,6.69),(751,642,1,8.36),(752,642,2,8.48),(753,642,3,8.29),(754,642,4,8.29),(755,642,5,8.43),(756,643,1,6.34),(757,643,2,6.17),(758,643,3,6.22),(759,643,4,6.27),(760,643,5,6.14),(761,644,1,7.43),(762,644,2,7.36),(763,644,3,7.48),(764,644,4,7.55),(765,644,5,7.46),(766,645,1,6.83),(767,645,2,6.97),(768,645,3,6.95),(769,645,4,6.96),(770,645,5,6.78),(771,646,1,8.20),(772,646,2,8.25),(773,646,3,8.31),(774,646,4,8.50),(775,646,5,8.66),(776,647,1,8.23),(777,647,2,8.06),(778,647,3,7.91),(779,647,4,7.78),(780,647,5,7.72),(781,648,1,8.11),(782,648,2,8.08),(783,648,3,8.23),(784,648,4,8.25),(785,648,5,8.16),(786,649,1,7.66),(787,649,2,7.61),(788,649,3,7.59),(789,649,4,7.50),(790,649,5,7.69),(791,650,1,7.59),(792,650,2,7.73),(793,650,3,7.77),(794,650,4,7.58),(795,650,5,7.56),(796,651,1,6.49),(797,651,2,6.40),(798,651,3,6.33),(799,651,4,6.29),(800,651,5,6.49),(801,652,1,8.42),(802,652,2,8.59),(803,652,3,8.47),(804,652,4,8.58),(805,652,5,8.57),(806,653,1,7.03),(807,653,2,6.98),(808,653,3,6.88),(809,653,4,6.72),(810,653,5,6.81),(811,654,1,8.32),(812,654,2,8.27),(813,654,3,8.28),(814,654,4,8.24),(815,654,5,8.28),(816,655,1,7.38),(817,655,2,7.33),(818,655,3,7.34),(819,655,4,7.38),(820,655,5,7.24),(821,656,1,7.80),(822,656,2,7.63),(823,656,3,7.66),(824,656,4,7.76),(825,656,5,7.82),(826,657,1,7.28),(827,657,2,7.29),(828,657,3,7.41),(829,657,4,7.41),(830,657,5,7.49),(831,658,1,6.86),(832,658,2,6.89),(833,658,3,6.78),(834,658,4,6.86),(835,658,5,6.67),(836,659,1,8.46),(837,659,2,8.64),(838,659,3,8.65),(839,659,4,8.79),(840,659,5,8.80),(841,660,1,7.36),(842,660,2,7.53),(843,660,3,7.35),(844,660,4,7.16),(845,660,5,7.04),(846,661,1,8.37),(847,661,2,8.45),(848,661,3,8.34),(849,661,4,8.39),(850,661,5,8.55),(851,662,1,8.48),(852,662,2,8.46),(853,662,3,8.40),(854,662,4,8.21),(855,662,5,8.06),(856,663,1,7.53),(857,663,2,7.45),(858,663,3,7.42),(859,663,4,7.29),(860,663,5,7.31),(861,664,1,8.37),(862,664,2,8.35),(863,664,3,8.38),(864,664,4,8.38),(865,664,5,8.18),(866,665,1,7.25),(867,665,2,7.13),(868,665,3,6.95),(869,665,4,6.86),(870,665,5,7.03),(871,666,1,7.16),(872,666,2,7.29),(873,666,3,7.21),(874,666,4,7.15),(875,666,5,7.12),(876,667,1,8.17),(877,667,2,8.06),(878,667,3,7.97),(879,667,4,7.89),(880,667,5,7.89),(881,668,1,7.88),(882,668,2,7.77),(883,668,3,7.57),(884,668,4,7.70),(885,668,5,7.72),(886,669,1,7.97),(887,669,2,8.14),(888,669,3,8.30),(889,669,4,8.31),(890,669,5,8.18),(891,670,1,8.21),(892,670,2,8.09),(893,670,3,8.04),(894,670,4,7.97),(895,670,5,7.93),(896,671,1,8.13),(897,671,2,7.98),(898,671,3,8.02),(899,671,4,8.14),(900,671,5,7.97),(901,672,1,7.55),(902,672,2,7.39),(903,672,3,7.28),(904,672,4,7.30),(905,672,5,7.31),(906,673,1,7.35),(907,673,2,7.39),(908,673,3,7.36),(909,673,4,7.42),(910,673,5,7.43),(911,674,1,7.31),(912,674,2,7.27),(913,674,3,7.45),(914,674,4,7.28),(915,674,5,7.34),(916,675,1,8.23),(917,675,2,8.31),(918,675,3,8.22),(919,675,4,8.29),(920,675,5,8.14),(921,676,1,8.50),(922,676,2,8.31),(923,676,3,8.45),(924,676,4,8.31),(925,676,5,8.23),(926,677,1,7.84),(927,677,2,7.72),(928,677,3,7.80),(929,677,4,7.71),(930,677,5,7.85),(931,678,1,6.70),(932,678,2,6.60),(933,678,3,6.63),(934,678,4,6.68),(935,678,5,6.59),(936,679,1,8.33),(937,679,2,8.22),(938,679,3,8.09),(939,679,4,8.22),(940,679,5,8.22),(941,680,1,8.28),(942,680,2,8.35),(943,680,3,8.49),(944,680,4,8.43),(945,680,5,8.40),(946,681,1,6.79),(947,681,2,6.60),(948,681,3,6.64),(949,681,4,6.60),(950,681,5,6.46),(951,682,1,7.02),(952,682,2,7.18),(953,682,3,7.33),(954,682,4,7.21),(955,682,5,7.26),(956,683,1,8.13),(957,683,2,8.11),(958,683,3,8.26),(959,683,4,8.19),(960,683,5,8.23),(961,684,1,7.63),(962,684,2,7.49),(963,684,3,7.34),(964,684,4,7.53),(965,684,5,7.60),(966,685,1,7.10),(967,685,2,6.99),(968,685,3,6.87),(969,685,4,6.84),(970,685,5,6.81),(971,686,1,6.98),(972,686,2,7.00),(973,686,3,6.93),(974,686,4,7.10),(975,686,5,7.10),(976,687,1,6.57),(977,687,2,6.69),(978,687,3,6.57),(979,687,4,6.61),(980,687,5,6.58),(981,688,1,7.69),(982,688,2,7.57),(983,688,3,7.54),(984,688,4,7.37),(985,688,5,7.32),(986,689,1,6.58),(987,689,2,6.62),(988,689,3,6.57),(989,689,4,6.56),(990,689,5,6.72),(991,690,1,7.20),(992,690,2,7.32),(993,690,3,7.42),(994,690,4,7.37),(995,690,5,7.52),(996,691,1,7.48),(997,691,2,7.65),(998,691,3,7.85),(999,691,4,7.71),(1000,691,5,7.82),(1001,692,1,8.13),(1002,692,2,8.31),(1003,692,3,8.17),(1004,692,4,8.37),(1005,692,5,8.44),(1006,693,1,8.03),(1007,693,2,7.90),(1008,693,3,8.04),(1009,693,4,8.02),(1010,693,5,8.05),(1011,694,1,6.73),(1012,694,2,6.73),(1013,694,3,6.87),(1014,694,4,7.04),(1015,694,5,7.15),(1016,695,1,6.64),(1017,695,2,6.73),(1018,695,3,6.74),(1019,695,4,6.68),(1020,695,5,6.67),(1021,696,1,8.54),(1022,696,2,8.54),(1023,696,3,8.42),(1024,696,4,8.46),(1025,696,5,8.50),(1026,697,1,7.36),(1027,697,2,7.56),(1028,697,3,7.52),(1029,697,4,7.63),(1030,697,5,7.82),(1031,698,1,8.07),(1032,698,2,8.12),(1033,698,3,8.10),(1034,698,4,8.05),(1035,698,5,7.97),(1036,699,1,8.00),(1037,699,2,8.09),(1038,699,3,7.93),(1039,699,4,7.95),(1040,699,5,7.79),(1041,700,1,7.43),(1042,700,2,7.39),(1043,700,3,7.48),(1044,700,4,7.65),(1045,700,5,7.64),(1046,701,1,7.89),(1047,701,2,7.96),(1048,701,3,8.11),(1049,701,4,8.17),(1050,701,5,8.12),(1051,702,1,8.16),(1052,702,2,8.34),(1053,702,3,8.42),(1054,702,4,8.48),(1055,702,5,8.50),(1056,703,1,6.89),(1057,703,2,6.89),(1058,703,3,6.83),(1059,703,4,6.78),(1060,703,5,6.95),(1061,704,1,7.84),(1062,704,2,7.71),(1063,704,3,7.52),(1064,704,4,7.38),(1065,704,5,7.32),(1066,705,1,7.78),(1067,705,2,7.73),(1068,705,3,7.76),(1069,705,4,7.64),(1070,705,5,7.53),(1071,706,1,7.99),(1072,706,2,7.93),(1073,706,3,7.87),(1074,706,4,7.70),(1075,706,5,7.56),(1076,707,1,7.85),(1077,707,2,7.79),(1078,707,3,7.74),(1079,707,4,7.71),(1080,707,5,7.68),(1081,708,1,7.82),(1082,708,2,7.72),(1083,708,3,7.75),(1084,708,4,7.66),(1085,708,5,7.51),(1086,709,1,7.18),(1087,709,2,7.09),(1088,709,3,7.05),(1089,709,4,7.02),(1090,709,5,6.93),(1091,710,1,7.49),(1092,710,2,7.61),(1093,710,3,7.76),(1094,710,4,7.80),(1095,710,5,7.74),(1096,711,1,7.31),(1097,711,2,7.34),(1098,711,3,7.35),(1099,711,4,7.17),(1100,711,5,7.34),(1101,712,1,8.31),(1102,712,2,8.39),(1103,712,3,8.57),(1104,712,4,8.75),(1105,712,5,8.87),(1106,713,1,8.05),(1107,713,2,7.94),(1108,713,3,7.97),(1109,713,4,7.91),(1110,713,5,7.83),(1111,714,1,7.65),(1112,714,2,7.83),(1113,714,3,7.90),(1114,714,4,7.96),(1115,714,5,8.13),(1116,715,1,6.76),(1117,715,2,6.73),(1118,715,3,6.74),(1119,715,4,6.55),(1120,715,5,6.69),(1121,716,1,7.79),(1122,716,2,7.98),(1123,716,3,7.82),(1124,716,4,7.65),(1125,716,5,7.49),(1126,717,1,7.44),(1127,717,2,7.28),(1128,717,3,7.43),(1129,717,4,7.48),(1130,717,5,7.53),(1131,718,1,8.14),(1132,718,2,8.27),(1133,718,3,8.25),(1134,718,4,8.06),(1135,718,5,8.22),(1136,719,1,7.02),(1137,719,2,6.95),(1138,719,3,6.98),(1139,719,4,6.92),(1140,719,5,6.78),(1141,720,1,7.67),(1142,720,2,7.59),(1143,720,3,7.40),(1144,720,4,7.54),(1145,720,5,7.70),(1146,721,1,6.84),(1147,721,2,6.66),(1148,721,3,6.76),(1149,721,4,6.77),(1150,721,5,6.65),(1151,722,1,6.80),(1152,722,2,6.97),(1153,722,3,6.98),(1154,722,4,6.95),(1155,722,5,6.76),(1156,723,1,7.93),(1157,723,2,7.89),(1158,723,3,8.00),(1159,723,4,8.05),(1160,723,5,8.09),(1161,724,1,8.17),(1162,724,2,7.98),(1163,724,3,8.04),(1164,724,4,7.97),(1165,724,5,8.13),(1166,725,1,6.72),(1167,725,2,6.57),(1168,725,3,6.64),(1169,725,4,6.73),(1170,725,5,6.72),(1171,726,1,8.13),(1172,726,2,8.02),(1173,726,3,8.01),(1174,726,4,8.07),(1175,726,5,8.25);
/*!40000 ALTER TABLE `past_performance` ENABLE KEYS */;
UNLOCK TABLES;

--
-- Table structure for table `predictions`
--

DROP TABLE IF EXISTS `predictions`;
/*!40101 SET @saved_cs_client     = @@character_set_client */;
/*!50503 SET character_set_client = utf8mb4 */;
CREATE TABLE `predictions` (
  `id` int NOT NULL AUTO_INCREMENT,
  `student_id` int DEFAULT NULL,
  `performance_level` varchar(50) DEFAULT NULL,
  `risk_level` varchar(255) DEFAULT NULL,
  `predicted_gpa` decimal(4,2) DEFAULT NULL,
  `generated_date` timestamp NULL DEFAULT CURRENT_TIMESTAMP,
  `risk_score_percentage` int DEFAULT '0',
  PRIMARY KEY (`id`),
  UNIQUE KEY `unique_student_pred` (`student_id`),
  UNIQUE KEY `student_id` (`student_id`),
  CONSTRAINT `predictions_ibfk_1` FOREIGN KEY (`student_id`) REFERENCES `students` (`id`) ON DELETE CASCADE
) ENGINE=InnoDB AUTO_INCREMENT=2292 DEFAULT CHARSET=utf8mb4 COLLATE=utf8mb4_0900_ai_ci;
/*!40101 SET character_set_client = @saved_cs_client */;

--
-- Dumping data for table `predictions`
--

LOCK TABLES `predictions` WRITE;
/*!40000 ALTER TABLE `predictions` DISABLE KEYS */;
INSERT INTO `predictions` VALUES (1502,376,'Good','High',6.98,'2026-04-06 05:50:28',40),(1503,377,'Average','Low',6.30,'2026-03-26 04:37:48',0),(1504,378,'Good','Medium',6.56,'2026-03-26 04:37:48',0),(1505,379,'Good','Low',7.35,'2026-03-26 04:37:48',0),(1506,380,'Good','Medium',7.97,'2026-03-26 04:37:48',0),(1507,381,'Good','Low',7.21,'2026-03-26 04:37:48',0),(1508,382,'Good','Medium',7.73,'2026-03-26 04:37:48',0),(1509,383,'Good','Low',6.80,'2026-03-26 04:37:48',0),(1510,384,'Good','Low',6.66,'2026-03-26 04:37:48',0),(1511,385,'Good','Low',7.97,'2026-03-26 04:37:48',0),(1512,386,'Good','Medium',6.68,'2026-03-26 04:37:48',0),(1513,477,'Good','Low',7.53,'2026-03-26 04:37:48',0),(1514,478,'Good','Low',6.65,'2026-03-26 04:37:48',0),(1515,479,'Good','Low',7.61,'2026-03-26 04:37:48',0),(1516,480,'Good','Low',7.13,'2026-03-26 04:37:48',0),(1517,482,'Good','Medium',7.52,'2026-03-26 04:37:48',0),(1518,483,'Good','Low',6.64,'2026-03-26 04:37:48',0),(1519,484,'Good','Low',7.87,'2026-03-26 04:37:48',0),(1520,485,'Good','Medium',8.13,'2026-03-26 04:37:48',0),(1521,486,'Good','Low',7.99,'2026-03-26 04:37:48',0),(1522,487,'Good','Low',8.47,'2026-03-26 04:37:48',0),(1523,488,'Good','Low',7.05,'2026-03-26 04:37:48',0),(1524,489,'Good','Low',6.98,'2026-03-26 04:37:48',0),(1525,490,'Good','Low',7.09,'2026-03-26 04:37:48',0),(1526,491,'Good','Low',7.78,'2026-03-26 04:37:48',0),(1527,492,'Good','Low',8.17,'2026-03-26 04:37:48',0),(1528,493,'Good','Low',7.19,'2026-03-26 04:37:48',0),(1529,494,'Good','Medium',7.78,'2026-03-26 04:37:48',0),(1530,495,'Good','Low',7.28,'2026-03-26 04:37:48',0),(1531,496,'Average','Low',6.36,'2026-03-26 04:37:48',0),(1532,497,'Good','Low',7.42,'2026-03-26 04:37:48',0),(1533,498,'Good','Low',8.15,'2026-03-26 04:37:48',0),(1534,499,'Good','Medium',6.56,'2026-03-26 04:37:48',0),(1535,500,'Good','Low',7.73,'2026-03-26 04:37:48',0),(1536,502,'Good','High',6.81,'2026-04-07 20:26:06',40),(1537,503,'Excellent','Medium',8.60,'2026-04-07 20:26:06',0),(1538,504,'Good','Medium',6.87,'2026-04-07 20:26:06',0),(1539,505,'Good','Medium',7.98,'2026-04-07 20:26:06',0),(1540,506,'Good','Medium',7.03,'2026-04-07 20:26:06',0),(1541,507,'Good','Medium',6.87,'2026-04-07 20:26:06',0),(1542,508,'Good','Medium',8.12,'2026-04-07 20:26:06',0),(1543,509,'Good','Medium',7.95,'2026-04-07 20:26:06',0),(1544,510,'Good','Medium',7.36,'2026-04-07 20:26:06',0),(1545,511,'Good','Medium',7.17,'2026-04-07 20:31:25',40),(1546,512,'Good','High',6.80,'2026-04-07 20:26:06',70),(1547,513,'Good','Medium',6.59,'2026-04-07 20:26:06',0),(1548,514,'Good','Medium',7.11,'2026-04-07 20:26:06',0),(1549,515,'Good','Medium',7.10,'2026-04-07 20:26:06',0),(1550,516,'Good','Medium',6.92,'2026-04-07 20:26:06',40),(1551,517,'Good','Medium',8.38,'2026-04-07 20:26:06',0),(1552,518,'Good','Medium',7.92,'2026-04-07 20:26:06',0),(1553,519,'Good','Medium',6.96,'2026-04-07 20:26:06',0),(1554,521,'Good','Low',7.58,'2026-03-26 04:37:48',0),(1555,522,'Good','Medium',7.44,'2026-03-26 04:37:48',0),(1556,523,'Good','Low',6.97,'2026-03-26 04:37:48',0),(1557,524,'Good','Medium',7.80,'2026-03-26 04:37:48',0),(1558,525,'Good','Low',7.90,'2026-03-26 04:37:48',0),(1559,526,'Good','Medium',6.72,'2026-03-26 04:37:48',0),(1560,527,'Good','Medium',7.88,'2026-03-26 04:37:48',0),(1561,528,'Good','Low',6.75,'2026-03-26 04:37:48',0),(1562,529,'Good','Low',7.57,'2026-03-26 04:37:48',0),(1563,530,'Average','Medium',6.22,'2026-03-26 04:37:48',0),(1564,531,'Good','Medium',7.17,'2026-03-26 04:37:48',0),(1565,532,'Good','Low',6.78,'2026-03-26 04:37:48',0),(1566,533,'Good','Low',8.01,'2026-03-26 04:37:48',0),(1567,535,'Good','Medium',8.28,'2026-03-26 04:37:48',0),(1568,536,'Good','Medium',7.64,'2026-03-26 04:37:48',0),(1569,537,'Excellent','Low',8.55,'2026-03-26 04:37:48',0),(1570,538,'Good','Medium',7.59,'2026-03-26 04:37:48',0),(1571,539,'Good','Medium',7.17,'2026-03-26 04:37:48',0),(1572,540,'Good','Medium',7.61,'2026-03-26 04:37:48',0),(1573,541,'Good','Medium',6.94,'2026-03-26 04:37:48',0),(1574,543,'Good','Low',8.03,'2026-03-26 04:37:48',0),(1575,544,'Good','Low',6.71,'2026-03-26 04:37:48',0),(1576,545,'Good','Low',7.18,'2026-03-26 04:37:48',0),(1577,546,'Good','Low',7.48,'2026-03-26 04:37:48',0),(1578,547,'Good','Low',6.65,'2026-03-26 04:37:48',0),(1579,548,'Good','Low',8.07,'2026-03-26 04:37:48',0),(1580,549,'Good','Low',7.10,'2026-03-26 04:37:48',0),(1581,550,'Good','Low',7.97,'2026-03-26 04:37:48',0),(1582,551,'Good','Low',6.88,'2026-03-26 04:37:48',0),(1583,552,'Good','Low',8.20,'2026-03-26 04:37:48',0),(1584,553,'Good','Low',7.20,'2026-03-26 04:37:48',0),(1585,554,'Good','Low',8.05,'2026-03-26 04:37:48',0),(1586,555,'Good','Low',7.37,'2026-03-26 04:37:48',0),(1587,556,'Good','Low',6.67,'2026-03-26 04:37:48',0),(1588,557,'Good','Low',6.77,'2026-03-26 04:37:48',0),(1589,558,'Good','Low',6.74,'2026-03-26 04:37:48',0),(1590,559,'Good','Low',8.17,'2026-03-26 04:37:48',0),(1591,560,'Average','Medium',6.09,'2026-03-26 04:37:48',0),(1592,562,'Good','Medium',6.96,'2026-03-26 04:37:48',0),(1593,563,'Good','Medium',6.52,'2026-03-26 04:37:48',0),(1594,564,'Good','Low',7.87,'2026-03-26 04:37:48',0),(1595,565,'Good','Low',7.28,'2026-03-26 04:37:48',0),(1596,566,'Good','Low',7.19,'2026-03-26 04:37:48',0),(1597,567,'Good','Low',6.72,'2026-03-26 04:37:48',0),(1598,568,'Good','Low',6.94,'2026-03-26 04:37:48',0),(1599,569,'Good','Medium',7.42,'2026-03-26 04:37:48',0),(1600,570,'Good','Medium',7.61,'2026-03-26 04:37:48',0),(1601,571,'Good','Low',6.90,'2026-03-26 04:37:48',0),(1602,580,'Good','Medium',6.64,'2026-04-07 20:26:06',40),(1603,582,'Average','Medium',6.03,'2026-03-26 04:37:48',0),(1604,583,'Good','Low',6.80,'2026-03-26 04:37:48',0),(1605,584,'Good','Low',7.19,'2026-03-26 04:37:48',0),(1606,585,'Good','Medium',7.20,'2026-03-26 04:37:48',0),(1607,586,'Average','Low',6.43,'2026-03-26 04:37:48',0),(1608,587,'Good','Medium',7.96,'2026-04-07 19:58:11',40),(1609,588,'Good','Medium',6.81,'2026-04-07 20:26:06',40),(1610,591,'Good','Low',7.43,'2026-03-26 04:37:49',0),(1611,592,'Good','Medium',6.52,'2026-03-26 04:37:49',0),(1612,593,'Good','Medium',7.52,'2026-03-26 04:37:49',0),(1613,594,'At Risk','High',4.67,'2026-03-26 04:37:49',0),(1614,595,'At Risk','High',4.17,'2026-03-26 04:37:49',0),(1615,596,'At Risk','High',4.52,'2026-03-26 04:37:49',0),(1616,597,'At Risk','High',4.37,'2026-03-26 04:37:49',0),(1617,598,'At Risk','High',4.20,'2026-03-26 04:37:49',0),(1618,599,'At Risk','High',4.51,'2026-03-26 04:37:49',0),(1619,600,'At Risk','High',4.10,'2026-03-26 04:37:49',0),(1620,601,'At Risk','High',4.09,'2026-03-26 04:37:49',0),(1621,602,'At Risk','High',4.89,'2026-03-26 04:37:49',0),(1622,603,'Average','High',5.00,'2026-03-26 04:37:49',0),(1623,604,'At Risk','High',4.28,'2026-03-26 04:37:49',0),(1624,605,'At Risk','High',4.34,'2026-03-26 04:37:49',0),(1625,606,'At Risk','High',3.93,'2026-03-26 04:37:49',0),(1626,607,'At Risk','High',4.63,'2026-03-26 04:37:49',0),(1627,608,'At Risk','High',4.54,'2026-03-26 04:37:49',0),(1628,609,'At Risk','High',4.79,'2026-03-26 04:37:49',0),(1629,610,'At Risk','High',4.36,'2026-03-26 04:37:49',0),(1630,611,'At Risk','High',4.25,'2026-03-26 04:37:49',0),(1631,612,'At Risk','High',4.22,'2026-03-26 04:37:49',0),(1632,613,'At Risk','High',4.41,'2026-03-26 04:37:49',0),(1633,614,'At Risk','High',4.35,'2026-03-26 04:37:49',0),(1634,615,'At Risk','High',4.37,'2026-03-26 04:37:49',0),(1635,616,'At Risk','High',4.77,'2026-03-26 04:37:49',0),(1636,617,'At Risk','High',4.98,'2026-03-26 04:37:49',0),(1637,618,'At Risk','High',4.89,'2026-03-26 04:37:49',0),(1638,619,'At Risk','High',4.40,'2026-03-26 04:37:49',0),(1639,620,'At Risk','High',3.95,'2026-03-26 04:37:49',0),(1640,621,'At Risk','High',4.82,'2026-03-26 04:37:49',0),(1641,622,'At Risk','High',3.96,'2026-03-26 04:37:49',0),(1642,623,'At Risk','High',4.31,'2026-03-26 04:37:49',0),(1643,624,'At Risk','High',3.94,'2026-03-26 04:37:49',0),(1644,625,'At Risk','High',4.19,'2026-03-26 04:37:49',0),(1645,626,'At Risk','High',4.61,'2026-03-26 04:37:49',0),(1646,627,'At Risk','High',4.93,'2026-03-26 04:37:49',0),(1647,628,'At Risk','High',4.20,'2026-03-26 04:37:49',0),(1648,629,'At Risk','High',4.82,'2026-03-26 04:37:49',0),(1649,630,'At Risk','High',4.03,'2026-03-26 04:37:49',0),(1650,631,'At Risk','High',4.76,'2026-03-26 04:37:49',0),(1651,632,'At Risk','High',4.90,'2026-03-26 04:37:49',0),(1652,633,'At Risk','High',4.40,'2026-03-26 04:37:49',0),(1653,634,'At Risk','High',4.66,'2026-03-26 04:37:49',0),(1654,635,'At Risk','High',4.79,'2026-03-26 04:37:49',0),(1655,636,'At Risk','High',4.72,'2026-03-26 04:37:49',0),(1656,637,'At Risk','High',4.03,'2026-03-26 04:37:49',0),(1657,638,'At Risk','High',4.16,'2026-03-26 04:37:49',0),(1658,639,'At Risk','High',4.43,'2026-03-26 04:37:49',0),(1659,640,'At Risk','High',4.31,'2026-03-26 04:37:49',0),(1660,641,'At Risk','High',4.30,'2026-03-26 04:37:49',0),(1661,642,'Average','High',5.03,'2026-03-26 04:37:49',0),(1662,643,'At Risk','High',3.91,'2026-03-26 04:37:49',0),(1663,644,'At Risk','High',4.48,'2026-03-26 04:37:49',0),(1664,645,'At Risk','High',4.18,'2026-03-26 04:37:49',0),(1665,646,'At Risk','High',4.88,'2026-03-26 04:37:49',0),(1666,647,'At Risk','High',4.97,'2026-03-26 04:37:49',0),(1667,648,'At Risk','High',4.83,'2026-03-26 04:37:49',0),(1668,649,'At Risk','High',4.50,'2026-03-26 04:37:49',0),(1669,650,'At Risk','High',4.51,'2026-03-26 04:37:49',0),(1670,651,'At Risk','High',3.99,'2026-03-26 04:37:49',0),(1671,652,'At Risk','High',4.94,'2026-03-26 04:37:49',0),(1672,653,'At Risk','High',4.30,'2026-03-26 04:37:49',0),(1673,654,'At Risk','High',4.98,'2026-03-26 04:37:49',0),(1674,655,'At Risk','High',4.44,'2026-03-26 04:37:49',0),(1675,656,'At Risk','High',4.61,'2026-03-26 04:37:49',0),(1676,657,'At Risk','High',4.30,'2026-03-26 04:37:49',0),(1677,658,'At Risk','High',4.17,'2026-03-26 04:37:49',0),(1678,659,'Average','High',5.09,'2026-03-26 04:37:49',0),(1679,660,'At Risk','High',4.40,'2026-03-26 04:37:49',0),(1680,661,'Average','High',5.05,'2026-03-26 04:37:49',0),(1681,662,'Average','High',5.03,'2026-03-26 04:37:49',0),(1682,663,'At Risk','High',4.57,'2026-03-26 04:37:49',0),(1683,664,'At Risk','High',4.94,'2026-03-26 04:37:49',0),(1684,665,'At Risk','High',4.31,'2026-03-26 04:37:49',0),(1685,666,'At Risk','High',4.31,'2026-03-26 04:37:49',0),(1686,667,'At Risk','High',5.00,'2026-03-26 04:37:49',0),(1687,668,'At Risk','High',4.76,'2026-03-26 04:37:49',0),(1688,669,'At Risk','High',4.74,'2026-03-26 04:37:49',0),(1689,670,'At Risk','High',4.90,'2026-03-26 04:37:49',0),(1690,671,'At Risk','High',4.94,'2026-03-26 04:37:49',0),(1691,672,'At Risk','High',4.61,'2026-03-26 04:37:49',0),(1692,673,'At Risk','High',4.38,'2026-03-26 04:37:49',0),(1693,674,'At Risk','High',4.39,'2026-03-26 04:37:49',0),(1694,675,'At Risk','High',4.85,'2026-03-26 04:37:49',0),(1695,676,'Average','High',5.07,'2026-03-26 04:37:49',0),(1696,677,'At Risk','High',4.65,'2026-03-26 04:37:49',0),(1697,678,'At Risk','High',4.07,'2026-03-26 04:37:49',0),(1698,679,'Average','High',5.08,'2026-03-26 04:37:49',0),(1699,680,'At Risk','High',4.88,'2026-03-26 04:37:49',0),(1700,681,'At Risk','High',4.03,'2026-03-26 04:37:49',0),(1701,682,'At Risk','High',4.25,'2026-03-26 04:37:49',0),(1702,683,'At Risk','High',4.86,'2026-03-26 04:37:49',0),(1703,684,'At Risk','High',4.63,'2026-03-26 04:37:49',0),(1704,685,'At Risk','High',4.19,'2026-03-26 04:37:49',0),(1705,686,'At Risk','High',4.08,'2026-03-26 04:37:49',0),(1706,687,'At Risk','High',3.97,'2026-03-26 04:37:49',0),(1707,688,'At Risk','High',4.70,'2026-03-26 04:37:49',0),(1708,689,'At Risk','High',4.03,'2026-03-26 04:37:49',0),(1709,690,'At Risk','High',4.40,'2026-03-26 04:37:49',0),(1710,691,'At Risk','High',4.43,'2026-03-26 04:37:49',0),(1711,692,'At Risk','High',4.96,'2026-03-26 04:37:49',0),(1712,693,'At Risk','High',4.73,'2026-03-26 04:37:49',0),(1713,694,'At Risk','High',4.00,'2026-03-26 04:37:49',0),(1714,695,'At Risk','High',3.94,'2026-03-26 04:37:49',0),(1715,696,'Average','High',5.04,'2026-03-26 04:37:49',0),(1716,697,'At Risk','High',4.40,'2026-03-26 04:37:49',0),(1717,698,'At Risk','High',4.77,'2026-03-26 04:37:49',0),(1718,699,'At Risk','High',4.78,'2026-03-26 04:37:49',0),(1719,700,'At Risk','High',4.40,'2026-03-26 04:37:49',0),(1720,701,'At Risk','High',4.66,'2026-03-26 04:37:49',0),(1721,702,'At Risk','High',4.81,'2026-03-26 04:37:49',0),(1722,703,'At Risk','High',4.03,'2026-03-26 04:37:49',0),(1723,704,'At Risk','High',4.66,'2026-03-26 04:37:49',0),(1724,705,'At Risk','High',4.71,'2026-03-26 04:37:49',0),(1725,706,'At Risk','High',4.85,'2026-03-26 04:37:49',0),(1726,707,'At Risk','High',4.64,'2026-03-26 04:37:49',0),(1727,708,'At Risk','High',4.69,'2026-03-26 04:37:49',0),(1728,709,'At Risk','High',4.35,'2026-03-26 04:37:49',0),(1729,710,'At Risk','High',4.45,'2026-03-26 04:37:49',0),(1730,711,'At Risk','High',4.43,'2026-03-26 04:37:49',0),(1731,712,'At Risk','High',4.87,'2026-03-26 04:37:49',0),(1732,713,'At Risk','High',4.82,'2026-03-26 04:37:49',0),(1733,714,'At Risk','High',4.71,'2026-03-26 04:37:49',0),(1734,715,'At Risk','High',4.15,'2026-03-26 04:37:49',0),(1735,716,'At Risk','High',4.61,'2026-03-26 04:37:49',0),(1736,717,'At Risk','High',4.43,'2026-03-26 04:37:49',0),(1737,718,'At Risk','High',4.78,'2026-03-26 04:37:49',0),(1738,719,'At Risk','High',4.16,'2026-03-26 04:37:49',0),(1739,720,'At Risk','High',4.49,'2026-03-26 04:37:49',0),(1740,721,'At Risk','High',4.11,'2026-03-26 04:37:49',0),(1741,722,'At Risk','High',4.11,'2026-03-26 04:37:49',0),(1742,723,'At Risk','High',4.77,'2026-03-26 04:37:49',0),(1743,724,'Average','High',5.01,'2026-03-26 04:37:49',0),(1744,725,'At Risk','High',3.95,'2026-03-26 04:37:49',0),(1745,726,'At Risk','High',4.98,'2026-03-26 04:37:49',0);
/*!40000 ALTER TABLE `predictions` ENABLE KEYS */;
UNLOCK TABLES;

--
-- Table structure for table `queries`
--

DROP TABLE IF EXISTS `queries`;
/*!40101 SET @saved_cs_client     = @@character_set_client */;
/*!50503 SET character_set_client = utf8mb4 */;
CREATE TABLE `queries` (
  `id` int NOT NULL AUTO_INCREMENT,
  `user_id` int DEFAULT NULL,
  `message` text NOT NULL,
  `status` enum('Pending','Completed') DEFAULT 'Pending',
  `admin_reply` text,
  `created_at` timestamp NULL DEFAULT CURRENT_TIMESTAMP,
  `target_role` enum('Admin','Faculty') DEFAULT 'Admin',
  `assigned_to` int DEFAULT NULL,
  PRIMARY KEY (`id`),
  KEY `user_id` (`user_id`),
  CONSTRAINT `queries_ibfk_1` FOREIGN KEY (`user_id`) REFERENCES `users` (`id`) ON DELETE CASCADE
) ENGINE=InnoDB AUTO_INCREMENT=68 DEFAULT CHARSET=utf8mb4 COLLATE=utf8mb4_0900_ai_ci;
/*!40101 SET character_set_client = @saved_cs_client */;

--
-- Dumping data for table `queries`
--

LOCK TABLES `queries` WRITE;
/*!40000 ALTER TABLE `queries` DISABLE KEYS */;
INSERT INTO `queries` VALUES (1,106,'Can you please reset the password for Student User 1? They forgot it.','Pending',NULL,'2026-03-13 16:28:38','Admin',NULL),(2,126,'Can you please reset the password for Student User 1? They forgot it.','Pending',NULL,'2026-03-13 16:30:38','Admin',NULL),(3,126,'The lab equipment for Subject CS201 is broken.','Completed','We have dispatched a technician. It will be fixed by tomorrow.','2026-03-13 16:30:38','Admin',NULL),(4,146,'Can you please reset the password for one of my students?','Pending',NULL,'2026-03-13 16:49:16','Admin',NULL),(5,146,'The lab equipment for Subject CS201 is broken.','Completed','We have dispatched a technician. It will be fixed by tomorrow.','2026-03-13 16:49:16','Admin',NULL),(6,147,'Can you please reset the password for one of my students?','Pending',NULL,'2026-03-13 16:49:16','Admin',NULL),(7,147,'The lab equipment for Subject CS201 is broken.','Completed','We have dispatched a technician. It will be fixed by tomorrow.','2026-03-13 16:49:16','Admin',NULL),(8,148,'Can you please reset the password for one of my students?','Pending',NULL,'2026-03-13 16:49:17','Admin',NULL),(9,148,'The lab equipment for Subject CS201 is broken.','Completed','We have dispatched a technician. It will be fixed by tomorrow.','2026-03-13 16:49:17','Admin',NULL),(10,149,'Can you please reset the password for one of my students?','Pending',NULL,'2026-03-13 16:49:18','Admin',NULL),(11,149,'The lab equipment for Subject CS201 is broken.','Completed','We have dispatched a technician. It will be fixed by tomorrow.','2026-03-13 16:49:18','Admin',NULL),(12,150,'Can you please reset the password for one of my students?','Pending',NULL,'2026-03-13 16:49:19','Admin',NULL),(13,150,'The lab equipment for Subject CS201 is broken.','Completed','We have dispatched a technician. It will be fixed by tomorrow.','2026-03-13 16:49:19','Admin',NULL),(14,151,'Can you please reset the password for one of my students?','Pending',NULL,'2026-03-13 16:49:20','Admin',NULL),(15,151,'The lab equipment for Subject CS201 is broken.','Completed','We have dispatched a technician. It will be fixed by tomorrow.','2026-03-13 16:49:20','Admin',NULL),(16,152,'Can you please reset the password for one of my students?','Pending',NULL,'2026-03-13 16:49:21','Admin',NULL),(17,152,'The lab equipment for Subject CS201 is broken.','Completed','We have dispatched a technician. It will be fixed by tomorrow.','2026-03-13 16:49:21','Admin',NULL),(18,153,'Can you please reset the password for one of my students?','Pending',NULL,'2026-03-13 16:49:22','Admin',NULL),(19,153,'The lab equipment for Subject CS201 is broken.','Completed','We have dispatched a technician. It will be fixed by tomorrow.','2026-03-13 16:49:22','Admin',NULL),(20,154,'Can you please reset the password for one of my students?','Pending',NULL,'2026-03-13 16:49:22','Admin',NULL),(21,154,'The lab equipment for Subject CS201 is broken.','Completed','We have dispatched a technician. It will be fixed by tomorrow.','2026-03-13 16:49:22','Admin',NULL),(22,155,'Can you please reset the password for one of my students?','Pending',NULL,'2026-03-13 16:49:23','Admin',NULL),(23,155,'The lab equipment for Subject CS201 is broken.','Completed','We have dispatched a technician. It will be fixed by tomorrow.','2026-03-13 16:49:23','Admin',NULL),(24,256,'Can you please reset the password for one of my students?','Pending',NULL,'2026-03-13 17:35:38','Admin',NULL),(25,256,'The lab equipment for Subject CS201 is broken.','Completed','We have dispatched a technician. It will be fixed by tomorrow.','2026-03-13 17:35:38','Admin',NULL),(26,257,'Can you please reset the password for one of my students?','Pending',NULL,'2026-03-13 17:35:39','Admin',NULL),(27,257,'The lab equipment for Subject CS201 is broken.','Completed','We have dispatched a technician. It will be fixed by tomorrow.','2026-03-13 17:35:39','Admin',NULL),(28,258,'Can you please reset the password for one of my students?','Pending',NULL,'2026-03-13 17:35:39','Admin',NULL),(29,258,'The lab equipment for Subject CS201 is broken.','Completed','We have dispatched a technician. It will be fixed by tomorrow.','2026-03-13 17:35:39','Admin',NULL),(30,259,'Can you please reset the password for one of my students?','Pending',NULL,'2026-03-13 17:35:40','Admin',NULL),(31,259,'The lab equipment for Subject CS201 is broken.','Completed','We have dispatched a technician. It will be fixed by tomorrow.','2026-03-13 17:35:40','Admin',NULL),(32,260,'Can you please reset the password for one of my students?','Pending',NULL,'2026-03-13 17:35:41','Admin',NULL),(33,260,'The lab equipment for Subject CS201 is broken.','Completed','We have dispatched a technician. It will be fixed by tomorrow.','2026-03-13 17:35:41','Admin',NULL),(34,261,'Can you please reset the password for one of my students?','Pending',NULL,'2026-03-13 17:35:42','Admin',NULL),(35,261,'The lab equipment for Subject CS201 is broken.','Completed','We have dispatched a technician. It will be fixed by tomorrow.','2026-03-13 17:35:42','Admin',NULL),(36,262,'Can you please reset the password for one of my students?','Pending',NULL,'2026-03-13 17:35:43','Admin',NULL),(37,262,'The lab equipment for Subject CS201 is broken.','Completed','We have dispatched a technician. It will be fixed by tomorrow.','2026-03-13 17:35:43','Admin',NULL),(38,263,'Can you please reset the password for one of my students?','Completed','send student details','2026-03-13 17:35:44','Admin',NULL),(39,263,'The lab equipment for Subject CS201 is broken.','Completed','We have dispatched a technician. It will be fixed by tomorrow.','2026-03-13 17:35:44','Admin',NULL),(40,264,'Can you please reset the password for one of my students?','Pending',NULL,'2026-03-13 17:35:45','Admin',NULL),(41,264,'The lab equipment for Subject CS201 is broken.','Completed','We have dispatched a technician. It will be fixed by tomorrow.','2026-03-13 17:35:45','Admin',NULL),(42,265,'Can you please reset the password for one of my students?','Pending',NULL,'2026-03-13 17:35:46','Admin',NULL),(43,265,'The lab equipment for Subject CS201 is broken.','Completed','We have dispatched a technician. It will be fixed by tomorrow.','2026-03-13 17:35:46','Admin',NULL),(44,256,'Dear Admin, Kindly send the current password for one of my students, whose name is student 3 reg no. DEMO2026003','Completed','password123','2026-03-14 04:03:26','Admin',NULL),(45,366,'Can you please reset the password for one of my students?','Pending',NULL,'2026-03-14 05:45:41','Admin',NULL),(46,366,'The lab equipment for Subject CS201 is broken.','Completed','We have dispatched a technician. It will be fixed by tomorrow.','2026-03-14 05:45:41','Admin',NULL),(47,367,'Can you please reset the password for one of my students?','Pending',NULL,'2026-03-14 05:45:42','Admin',NULL),(48,367,'The lab equipment for Subject CS201 is broken.','Completed','We have dispatched a technician. It will be fixed by tomorrow.','2026-03-14 05:45:42','Admin',NULL),(49,368,'Can you please reset the password for one of my students?','Pending',NULL,'2026-03-14 05:45:43','Admin',NULL),(50,368,'The lab equipment for Subject CS201 is broken.','Completed','We have dispatched a technician. It will be fixed by tomorrow.','2026-03-14 05:45:43','Admin',NULL),(51,369,'Can you please reset the password for one of my students?','Pending',NULL,'2026-03-14 05:45:43','Admin',NULL),(52,369,'The lab equipment for Subject CS201 is broken.','Completed','We have dispatched a technician. It will be fixed by tomorrow.','2026-03-14 05:45:43','Admin',NULL),(53,370,'Can you please reset the password for one of my students?','Pending',NULL,'2026-03-14 05:45:44','Admin',NULL),(54,370,'The lab equipment for Subject CS201 is broken.','Completed','We have dispatched a technician. It will be fixed by tomorrow.','2026-03-14 05:45:44','Admin',NULL),(55,371,'Can you please reset the password for one of my students?','Pending',NULL,'2026-03-14 05:45:45','Admin',NULL),(56,371,'The lab equipment for Subject CS201 is broken.','Completed','We have dispatched a technician. It will be fixed by tomorrow.','2026-03-14 05:45:45','Admin',NULL),(57,372,'Can you please reset the password for one of my students?','Pending',NULL,'2026-03-14 05:45:46','Admin',NULL),(58,372,'The lab equipment for Subject CS201 is broken.','Completed','We have dispatched a technician. It will be fixed by tomorrow.','2026-03-14 05:45:46','Admin',NULL),(59,373,'Can you please reset the password for one of my students?','Pending',NULL,'2026-03-14 05:45:46','Admin',NULL),(60,373,'The lab equipment for Subject CS201 is broken.','Completed','We have dispatched a technician. It will be fixed by tomorrow.','2026-03-14 05:45:46','Admin',NULL),(61,374,'Can you please reset the password for one of my students?','Pending',NULL,'2026-03-14 05:45:47','Admin',NULL),(62,374,'The lab equipment for Subject CS201 is broken.','Completed','We have dispatched a technician. It will be fixed by tomorrow.','2026-03-14 05:45:47','Admin',NULL),(63,375,'Can you please reset the password for one of my students?','Completed','OKay','2026-03-14 05:45:48','Admin',NULL),(64,375,'The lab equipment for Subject CS201 is broken.','Completed','We have dispatched a technician. It will be fixed by tomorrow.','2026-03-14 05:45:48','Admin',NULL),(65,367,'Niefn','Completed','Done','2026-03-23 05:57:13','Admin',NULL),(66,511,'Doubts regarding assignments','Pending',NULL,'2026-03-24 17:33:15','Faculty',367),(67,511,'When to submit the assignment','Completed','the deadline is over','2026-03-25 03:59:17','Faculty',367);
/*!40000 ALTER TABLE `queries` ENABLE KEYS */;
UNLOCK TABLES;

--
-- Table structure for table `student_assignments`
--

DROP TABLE IF EXISTS `student_assignments`;
/*!40101 SET @saved_cs_client     = @@character_set_client */;
/*!50503 SET character_set_client = utf8mb4 */;
CREATE TABLE `student_assignments` (
  `id` int NOT NULL AUTO_INCREMENT,
  `faculty_id` int DEFAULT NULL,
  `student_id` int DEFAULT NULL,
  PRIMARY KEY (`id`),
  UNIQUE KEY `faculty_id` (`faculty_id`,`student_id`),
  UNIQUE KEY `unique_student` (`student_id`),
  CONSTRAINT `student_assignments_ibfk_1` FOREIGN KEY (`faculty_id`) REFERENCES `users` (`id`) ON DELETE CASCADE,
  CONSTRAINT `student_assignments_ibfk_2` FOREIGN KEY (`student_id`) REFERENCES `students` (`id`) ON DELETE CASCADE
) ENGINE=InnoDB AUTO_INCREMENT=531 DEFAULT CHARSET=utf8mb4 COLLATE=utf8mb4_0900_ai_ci;
/*!40101 SET character_set_client = @saved_cs_client */;

--
-- Dumping data for table `student_assignments`
--

LOCK TABLES `student_assignments` WRITE;
/*!40000 ALTER TABLE `student_assignments` DISABLE KEYS */;
INSERT INTO `student_assignments` VALUES (422,366,376),(423,366,377),(424,366,378),(425,366,379),(426,366,380),(427,366,381),(428,366,382),(429,366,383),(430,366,384),(431,366,385),(450,366,386),(451,366,477),(453,366,478),(452,366,479),(454,366,480),(524,366,582),(525,366,583),(526,366,584),(528,366,585),(527,366,586),(432,367,502),(434,367,503),(433,367,504),(435,367,505),(436,367,506),(437,367,507),(438,367,508),(439,367,509),(440,367,510),(441,367,511),(443,367,512),(442,367,513),(444,367,514),(445,367,515),(446,367,516),(447,367,517),(448,367,518),(449,367,519),(523,367,580),(530,367,588),(455,368,482),(456,368,483),(460,368,484),(457,368,485),(459,368,486),(458,368,487),(461,368,488),(462,368,489),(464,368,490),(463,368,491),(465,368,492),(466,368,493),(467,368,494),(468,368,495),(471,368,496),(470,368,497),(472,368,498),(469,368,499),(473,368,500),(529,368,587),(474,369,521),(479,369,522),(475,369,523),(478,369,524),(476,369,525),(477,369,526),(483,369,527),(480,369,528),(482,369,529),(481,369,530),(485,369,531),(484,369,532),(486,369,533),(488,369,536),(489,369,537),(491,369,538),(490,369,539),(492,369,540),(493,369,541),(494,370,543),(499,370,544),(495,370,545),(498,370,546),(496,370,547),(497,370,548),(500,370,549),(501,370,550),(503,370,551),(502,370,552),(504,370,553),(505,370,554),(510,370,555),(509,370,556),(511,370,557),(508,370,558),(506,370,559),(507,370,560),(521,370,571),(512,371,562),(513,371,563),(514,371,564),(515,371,565),(516,371,566),(517,371,567),(518,371,568),(519,371,569),(520,371,570),(522,372,535);
/*!40000 ALTER TABLE `student_assignments` ENABLE KEYS */;
UNLOCK TABLES;

--
-- Table structure for table `students`
--

DROP TABLE IF EXISTS `students`;
/*!40101 SET @saved_cs_client     = @@character_set_client */;
/*!50503 SET character_set_client = utf8mb4 */;
CREATE TABLE `students` (
  `id` int NOT NULL AUTO_INCREMENT,
  `name` varchar(100) NOT NULL,
  `register_number` varchar(50) NOT NULL,
  `department` varchar(100) DEFAULT NULL,
  `semester` int DEFAULT NULL,
  `user_id` int DEFAULT NULL,
  `dob` date DEFAULT NULL,
  `address` text,
  `age` int DEFAULT NULL,
  `year` int DEFAULT NULL,
  `previousGPA` decimal(3,2) DEFAULT NULL,
  `faculty_id` int DEFAULT NULL,
  PRIMARY KEY (`id`),
  UNIQUE KEY `register_number` (`register_number`),
  KEY `user_id` (`user_id`),
  KEY `fk_student_faculty` (`faculty_id`),
  CONSTRAINT `fk_student_faculty` FOREIGN KEY (`faculty_id`) REFERENCES `users` (`id`) ON DELETE SET NULL,
  CONSTRAINT `students_ibfk_1` FOREIGN KEY (`user_id`) REFERENCES `users` (`id`) ON DELETE SET NULL
) ENGINE=InnoDB AUTO_INCREMENT=727 DEFAULT CHARSET=utf8mb4 COLLATE=utf8mb4_0900_ai_ci;
/*!40101 SET character_set_client = @saved_cs_client */;

--
-- Dumping data for table `students`
--

LOCK TABLES `students` WRITE;
/*!40000 ALTER TABLE `students` DISABLE KEYS */;
INSERT INTO `students` VALUES (376,'ABHISRI M','7376231EC102','ELECTRONICS AND COMMUNICATION ENGINEERING',6,376,NULL,NULL,NULL,3,7.47,366),(377,'ABINAYA S','7376231EC103','ELECTRONICS AND COMMUNICATION ENGINEERING',6,377,NULL,NULL,NULL,3,6.07,366),(378,'ABISHEK KS','7376231EC104','ELECTRONICS AND COMMUNICATION ENGINEERING',6,378,NULL,NULL,NULL,3,6.74,366),(379,'AHMED ABU HURAIRAH M H','7376231EC106','ELECTRONICS AND COMMUNICATION ENGINEERING',6,379,NULL,NULL,NULL,3,7.66,366),(380,'AJAY A','7376231EC107','ELECTRONICS AND COMMUNICATION ENGINEERING',6,380,NULL,NULL,NULL,3,8.83,366),(381,'AKASH S','7376231EC108','ELECTRONICS AND COMMUNICATION ENGINEERING',6,381,NULL,NULL,NULL,3,6.81,366),(382,'AKSHAYA G J','7376231EC109','ELECTRONICS AND COMMUNICATION ENGINEERING',6,382,NULL,NULL,NULL,3,8.80,366),(383,'ANEES FATHIMA B I','7376231EC111','ELECTRONICS AND COMMUNICATION ENGINEERING',6,383,NULL,NULL,NULL,3,6.22,366),(384,'APSARA A R','7376231EC113','ELECTRONICS AND COMMUNICATION ENGINEERING',6,384,NULL,NULL,NULL,3,6.69,366),(385,'ARTHI K','7376231EC114','ELECTRONICS AND COMMUNICATION ENGINEERING',6,385,NULL,NULL,NULL,3,8.52,366),(386,'ARUN G R','7376231EC115','ELECTRONICS AND COMMUNICATION ENGINEERING',6,386,NULL,NULL,NULL,3,6.91,366),(477,'ARUN R','7376231EC116','ELECTRONICS AND COMMUNICATION ENGINEERING',6,477,NULL,NULL,NULL,3,8.08,366),(478,'ASHIKA A','7376231EC117','ELECTRONICS AND COMMUNICATION ENGINEERING',6,478,NULL,NULL,NULL,3,6.49,366),(479,'ASHVITHA THANYA K','7376231EC118','ELECTRONICS AND COMMUNICATION ENGINEERING',6,479,NULL,NULL,NULL,3,8.12,366),(480,'ASHWIN KUMARAN S','7376231EC119','ELECTRONICS AND COMMUNICATION ENGINEERING',6,480,NULL,NULL,NULL,3,7.25,366),(482,'ATHEEQ SAQLAIN M','7376231EC121','ELECTRONICS AND COMMUNICATION ENGINEERING',6,482,NULL,NULL,NULL,3,8.70,368),(483,'BALA BAVADHARANI R','7376231EC122','ELECTRONICS AND COMMUNICATION ENGINEERING',6,483,NULL,NULL,NULL,3,6.41,368),(484,'BALAJI K A','7376231EC123','ELECTRONICS AND COMMUNICATION ENGINEERING',6,484,NULL,NULL,NULL,3,8.77,368),(485,'BARATH VIGNESH C','7376231EC124','ELECTRONICS AND COMMUNICATION ENGINEERING',6,485,NULL,NULL,NULL,3,8.93,368),(486,'BAVAN KALYAN S','7376231EC125','ELECTRONICS AND COMMUNICATION ENGINEERING',6,486,NULL,NULL,NULL,3,8.82,368),(487,'BHARANEEDHAR S','7376231EC126','ELECTRONICS AND COMMUNICATION ENGINEERING',6,487,NULL,NULL,NULL,3,8.84,368),(488,'BHARATHKUMAR P','7376231EC127','ELECTRONICS AND COMMUNICATION ENGINEERING',6,488,NULL,NULL,NULL,3,7.21,368),(489,'BOSEVETRIVELRAM M','7376231EC128','ELECTRONICS AND COMMUNICATION ENGINEERING',6,489,NULL,NULL,NULL,3,6.75,368),(490,'CELSIA JUVANITTA J','7376231EC129','ELECTRONICS AND COMMUNICATION ENGINEERING',6,490,NULL,NULL,NULL,3,7.03,368),(491,'DARSANI T S','7376231EC130','ELECTRONICS AND COMMUNICATION ENGINEERING',6,491,NULL,NULL,NULL,3,8.24,368),(492,'DEEPIKA R','7376231EC131','ELECTRONICS AND COMMUNICATION ENGINEERING',6,492,NULL,NULL,NULL,3,8.32,368),(493,'DHANU SHRI V','7376231EC133','ELECTRONICS AND COMMUNICATION ENGINEERING',6,493,NULL,NULL,NULL,3,7.09,368),(494,'DHANUSRI K R R','7376231EC134','ELECTRONICS AND COMMUNICATION ENGINEERING',6,494,NULL,NULL,NULL,3,8.87,368),(495,'DHANUSRI T','7376231EC135','ELECTRONICS AND COMMUNICATION ENGINEERING',6,495,NULL,NULL,NULL,3,7.61,368),(496,'DHARANISH S S','7376231EC136','ELECTRONICS AND COMMUNICATION ENGINEERING',6,496,NULL,NULL,NULL,3,6.04,368),(497,'DHARSAN A K','7376231EC137','ELECTRONICS AND COMMUNICATION ENGINEERING',6,497,NULL,NULL,NULL,3,7.44,368),(498,'DHARSHINI M','7376231EC138','ELECTRONICS AND COMMUNICATION ENGINEERING',6,498,NULL,NULL,NULL,3,8.76,368),(499,'DIBAGAR S','7376231EC139','ELECTRONICS AND COMMUNICATION ENGINEERING',6,499,NULL,NULL,NULL,3,7.15,368),(500,'DINESH S','7376231EC140','ELECTRONICS AND COMMUNICATION ENGINEERING',6,500,NULL,NULL,NULL,3,8.38,368),(502,'DIVYA S','7376231EC141','ELECTRONICS AND COMMUNICATION ENGINEERING',6,502,NULL,NULL,NULL,3,7.03,367),(503,'DURKAIBALAN P','7376231EC142','ELECTRONICS AND COMMUNICATION ENGINEERING',6,503,NULL,NULL,NULL,3,8.82,367),(504,'ELAKKIYA R','7376231EC143','ELECTRONICS AND COMMUNICATION ENGINEERING',6,504,NULL,NULL,NULL,3,6.64,367),(505,'ELAKKIYASRI S','7376231EC144','ELECTRONICS AND COMMUNICATION ENGINEERING',6,505,NULL,NULL,NULL,3,8.20,367),(506,'GANGA T','7376231EC145','ELECTRONICS AND COMMUNICATION ENGINEERING',6,506,NULL,NULL,NULL,3,6.87,367),(507,'GIRIDHARAN M','7376231EC146','ELECTRONICS AND COMMUNICATION ENGINEERING',6,507,NULL,NULL,NULL,3,6.59,367),(508,'GIRIJA S','7376231EC147','ELECTRONICS AND COMMUNICATION ENGINEERING',6,508,NULL,NULL,NULL,3,8.21,367),(509,'GOKUL PRASATH S','7376231EC148','ELECTRONICS AND COMMUNICATION ENGINEERING',6,509,NULL,NULL,NULL,3,8.51,367),(510,'GOPIKA SRI E','7376231EC150','ELECTRONICS AND COMMUNICATION ENGINEERING',6,510,NULL,NULL,NULL,3,7.72,367),(511,'GOWRI N','7376231EC151','ELECTRONICS AND COMMUNICATION ENGINEERING',6,511,NULL,NULL,NULL,3,7.40,367),(512,'HARIHARAN P S','7376231EC152','ELECTRONICS AND COMMUNICATION ENGINEERING',6,512,NULL,NULL,NULL,3,7.04,367),(513,'HARIPREETHI S M','7376231EC154','ELECTRONICS AND COMMUNICATION ENGINEERING',6,513,NULL,NULL,NULL,3,6.38,367),(514,'HARIRAM BHARATHAN M','7376231EC155','ELECTRONICS AND COMMUNICATION ENGINEERING',6,514,NULL,NULL,NULL,3,6.83,367),(515,'HARISH KARTHIC J K','7376231EC156','ELECTRONICS AND COMMUNICATION ENGINEERING',6,515,NULL,NULL,NULL,3,6.82,367),(516,'HARISH KUMAR S','7376231EC157','ELECTRONICS AND COMMUNICATION ENGINEERING',6,516,NULL,NULL,NULL,3,6.01,367),(517,'HARISHMITHA R','7376231EC158','ELECTRONICS AND COMMUNICATION ENGINEERING',6,517,NULL,NULL,NULL,3,8.63,367),(518,'HARISURYAPRAKASH O','7376231EC159','ELECTRONICS AND COMMUNICATION ENGINEERING',6,518,NULL,NULL,NULL,3,8.76,367),(519,'HARSHINI S','7376231EC160','ELECTRONICS AND COMMUNICATION ENGINEERING',6,519,NULL,NULL,NULL,3,7.22,367),(521,'HARSINI R','7376231EC161','ELECTRONICS AND COMMUNICATION ENGINEERING',6,521,NULL,NULL,NULL,3,8.02,369),(522,'HEMA PRIYA S','7376231EC162','ELECTRONICS AND COMMUNICATION ENGINEERING',6,522,NULL,NULL,NULL,3,8.06,369),(523,'HEMAPRIYA R','7376231EC163','ELECTRONICS AND COMMUNICATION ENGINEERING',6,523,NULL,NULL,NULL,3,6.82,369),(524,'INDHU S','7376231EC164','ELECTRONICS AND COMMUNICATION ENGINEERING',6,524,NULL,NULL,NULL,3,8.73,369),(525,'JAIDEV M C','7376231EC165','ELECTRONICS AND COMMUNICATION ENGINEERING',6,525,NULL,NULL,NULL,3,7.97,369),(526,'JANA KIRI G','7376231EC166','ELECTRONICS AND COMMUNICATION ENGINEERING',6,526,NULL,NULL,NULL,3,6.52,369),(527,'JANE MYSTIKA D','7376231EC167','ELECTRONICS AND COMMUNICATION ENGINEERING',6,527,NULL,NULL,NULL,3,7.88,369),(528,'JAYAPRABHA GOKUL KUMAR','7376231EC168','ELECTRONICS AND COMMUNICATION ENGINEERING',6,528,NULL,NULL,NULL,3,6.83,369),(529,'JAYASWAROOPA S M','7376231EC169','ELECTRONICS AND COMMUNICATION ENGINEERING',6,529,NULL,NULL,NULL,3,7.64,369),(530,'JEFFERY SANTO J A','7376231EC170','ELECTRONICS AND COMMUNICATION ENGINEERING',6,530,NULL,NULL,NULL,3,6.46,369),(531,'JEYA PRASANNA S','7376231EC171','ELECTRONICS AND COMMUNICATION ENGINEERING',6,531,NULL,NULL,NULL,3,6.84,369),(532,'JOSHIKA M','7376231EC172','ELECTRONICS AND COMMUNICATION ENGINEERING',6,532,NULL,NULL,NULL,3,6.33,369),(533,'JOTHIKA S','7376231EC173','ELECTRONICS AND COMMUNICATION ENGINEERING',6,533,NULL,NULL,NULL,3,8.83,369),(535,'KABIL M','7376231EC174','ELECTRONICS AND COMMUNICATION ENGINEERING',6,535,NULL,NULL,NULL,3,8.91,372),(536,'KABILAN D','7376231EC175','ELECTRONICS AND COMMUNICATION ENGINEERING',6,536,NULL,NULL,NULL,3,8.54,369),(537,'KABILAN N','7376231EC176','ELECTRONICS AND COMMUNICATION ENGINEERING',6,537,NULL,NULL,NULL,3,8.92,369),(538,'KABILAN R','7376231EC177','ELECTRONICS AND COMMUNICATION ENGINEERING',6,538,NULL,NULL,NULL,3,8.40,369),(539,'KAMALI KASTHURI K','7376231EC178','ELECTRONICS AND COMMUNICATION ENGINEERING',6,539,NULL,NULL,NULL,3,7.83,369),(540,'KAMALNATH V','7376231EC179','ELECTRONICS AND COMMUNICATION ENGINEERING',6,540,NULL,NULL,NULL,3,8.39,369),(541,'KAMESH S','7376231EC180','ELECTRONICS AND COMMUNICATION ENGINEERING',6,541,NULL,NULL,NULL,3,7.57,369),(543,'KANISHKA M','7376231EC181','ELECTRONICS AND COMMUNICATION ENGINEERING',6,543,NULL,NULL,NULL,3,8.36,370),(544,'KARTHIKA R','7376231EC182','ELECTRONICS AND COMMUNICATION ENGINEERING',6,544,NULL,NULL,NULL,3,6.31,370),(545,'KARTHIKEYAN K','7376231EC183','ELECTRONICS AND COMMUNICATION ENGINEERING',6,545,NULL,NULL,NULL,3,7.35,370),(546,'KATHIR V B','7376231EC184','ELECTRONICS AND COMMUNICATION ENGINEERING',6,546,NULL,NULL,NULL,3,7.61,370),(547,'KAVIN R','7376231EC185','ELECTRONICS AND COMMUNICATION ENGINEERING',6,547,NULL,NULL,NULL,3,6.02,370),(548,'KAVIN S','7376231EC186','ELECTRONICS AND COMMUNICATION ENGINEERING',6,548,NULL,NULL,NULL,3,8.29,370),(549,'KAVIYA S','7376231EC187','ELECTRONICS AND COMMUNICATION ENGINEERING',6,549,NULL,NULL,NULL,3,7.25,370),(550,'KAVYA C','7376231EC188','ELECTRONICS AND COMMUNICATION ENGINEERING',6,550,NULL,NULL,NULL,3,8.24,370),(551,'KEERTHIVASAN S','7376231EC190','ELECTRONICS AND COMMUNICATION ENGINEERING',6,551,NULL,NULL,NULL,3,6.25,370),(552,'KHARIZMA A','7376231EC191','ELECTRONICS AND COMMUNICATION ENGINEERING',6,552,NULL,NULL,NULL,3,8.92,370),(553,'KOUSIK A B','7376231EC192','ELECTRONICS AND COMMUNICATION ENGINEERING',6,553,NULL,NULL,NULL,3,7.57,370),(554,'KOWSIC S','7376231EC193','ELECTRONICS AND COMMUNICATION ENGINEERING',6,554,NULL,NULL,NULL,3,8.61,370),(555,'KOWSIKA D','7376231EC194','ELECTRONICS AND COMMUNICATION ENGINEERING',6,555,NULL,NULL,NULL,3,7.52,370),(556,'LALITHKUMAR R','7376231EC196','ELECTRONICS AND COMMUNICATION ENGINEERING',6,556,NULL,NULL,NULL,3,6.78,370),(557,'LEAH AGALYA RAJ','7376231EC197','ELECTRONICS AND COMMUNICATION ENGINEERING',6,557,NULL,NULL,NULL,3,6.08,370),(558,'LINGESH G R','7376231EC198','ELECTRONICS AND COMMUNICATION ENGINEERING',6,558,NULL,NULL,NULL,3,6.11,370),(559,'LOHITH R','7376231EC199','ELECTRONICS AND COMMUNICATION ENGINEERING',6,559,NULL,NULL,NULL,3,8.82,370),(560,'LUCKSHANA VR','7376231EC200','ELECTRONICS AND COMMUNICATION ENGINEERING',6,560,NULL,NULL,NULL,3,6.33,370),(562,'MADHANKUMAR E','7376231EC201','ELECTRONICS AND COMMUNICATION ENGINEERING',6,562,NULL,NULL,NULL,3,6.36,371),(563,'MADHUBALA N','7376231EC202','ELECTRONICS AND COMMUNICATION ENGINEERING',6,563,NULL,NULL,NULL,3,6.10,371),(564,'MADHUMITHA N','7376231EC203','ELECTRONICS AND COMMUNICATION ENGINEERING',6,564,NULL,NULL,NULL,3,8.43,371),(565,'MADHUMITHA S','7376231EC204','ELECTRONICS AND COMMUNICATION ENGINEERING',6,565,NULL,NULL,NULL,3,7.34,371),(566,'MALLIHARJUN M','7376231EC205','ELECTRONICS AND COMMUNICATION ENGINEERING',6,566,NULL,NULL,NULL,3,6.99,371),(567,'MANIMEGALAI M','7376231EC206','ELECTRONICS AND COMMUNICATION ENGINEERING',6,567,NULL,NULL,NULL,3,6.72,371),(568,'MANISHA D','7376231EC207','ELECTRONICS AND COMMUNICATION ENGINEERING',6,568,NULL,NULL,NULL,3,7.19,371),(569,'MANOJ J','7376231EC208','ELECTRONICS AND COMMUNICATION ENGINEERING',6,569,NULL,NULL,NULL,3,8.27,371),(570,'MANOJ R','7376231EC209','ELECTRONICS AND COMMUNICATION ENGINEERING',6,570,NULL,NULL,NULL,3,8.39,371),(571,'KEERTHIVASAN J','7376231EC189','ELECTRONICS AND COMMUNICATION ENGINEERING',6,571,NULL,NULL,NULL,3,6.30,370),(580,'HARINI G','7376231EC153','ELECTRONICS AND COMMUNICATION ENGINEERING',6,580,NULL,NULL,NULL,3,6.82,367),(582,'AAKASH  A','7376231EC101','ELECTRONICS AND COMMUNICATION ENGINEERING',6,582,NULL,NULL,NULL,3,6.18,366),(583,'ABISHEK  S','7376231EC105','ELECTRONICS AND COMMUNICATION ENGINEERING',6,583,NULL,NULL,NULL,3,6.49,366),(584,'AKSHAYA  S','7376231EC110','ELECTRONICS AND COMMUNICATION ENGINEERING',6,584,NULL,NULL,NULL,3,6.63,366),(585,'ANISHA R','7376231EC112','ELECTRONICS AND COMMUNICATION ENGINEERING',6,585,NULL,NULL,NULL,3,7.38,366),(586,'ASHWIN KUMARAN  T','7376231EC120','ELECTRONICS AND COMMUNICATION ENGINEERING',6,586,NULL,NULL,NULL,3,6.16,366),(587,'DHANASHRI A','7376231EC132','ELECTRONICS AND COMMUNICATION ENGINEERING',6,587,NULL,NULL,NULL,3,7.95,368),(588,'GOKUL SHANKAR S','7376231EC149','ELECTRONICS AND COMMUNICATION ENGINEERING',6,588,NULL,NULL,NULL,3,7.27,367),(591,'MANOJKUMAR  C S','7376231EC210','ELECTRONICS AND COMMUNICATION ENGINEERING',6,591,NULL,NULL,NULL,3,7.90,371),(592,'MARISH  M','7376231EC211','ELECTRONICS AND COMMUNICATION ENGINEERING',6,592,NULL,NULL,NULL,3,6.87,371),(593,'MIDUN THANIGACHALAM SUBBARAYAN','7376231EC212','ELECTRONICS AND COMMUNICATION ENGINEERING',6,593,NULL,NULL,NULL,3,8.47,371),(594,'MITHUN B S','7376231EC213','ELECTRONICS AND COMMUNICATION ENGINEERING',6,594,NULL,NULL,NULL,3,7.78,371),(595,'MOHAMED ISMAIL T','7376231EC214','ELECTRONICS AND COMMUNICATION ENGINEERING',6,595,NULL,NULL,NULL,3,6.95,371),(596,'MOHAMMAD ABDULLAH S','7376231EC215','ELECTRONICS AND COMMUNICATION ENGINEERING',6,596,NULL,NULL,NULL,3,7.54,371),(597,'MOHAMMED HANIFA M','7376231EC216','ELECTRONICS AND COMMUNICATION ENGINEERING',6,597,NULL,NULL,NULL,3,7.29,371),(598,'MOHAMMED HUSSAIN F','7376231EC217','ELECTRONICS AND COMMUNICATION ENGINEERING',6,598,NULL,NULL,NULL,3,7.00,371),(599,'MOHIT BALAJI M','7376231EC218','ELECTRONICS AND COMMUNICATION ENGINEERING',6,599,NULL,NULL,NULL,3,7.51,371),(600,'MONIKA M','7376231EC219','ELECTRONICS AND COMMUNICATION ENGINEERING',6,600,NULL,NULL,NULL,3,6.84,371),(601,'MONIKA SRI K','7376231EC220','ELECTRONICS AND COMMUNICATION ENGINEERING',6,601,NULL,NULL,NULL,3,6.82,371),(602,'MONISH R','7376231EC221','ELECTRONICS AND COMMUNICATION ENGINEERING',6,602,NULL,NULL,NULL,3,8.15,372),(603,'MUGESHKANNA S R','7376231EC222','ELECTRONICS AND COMMUNICATION ENGINEERING',6,603,NULL,NULL,NULL,3,8.34,372),(604,'NANDHA VISVANATHAN','7376231EC223','ELECTRONICS AND COMMUNICATION ENGINEERING',6,604,NULL,NULL,NULL,3,7.14,727),(605,'NANTHANA C','7376231EC224','ELECTRONICS AND COMMUNICATION ENGINEERING',6,605,NULL,NULL,NULL,3,7.23,372),(606,'NARBAVI T','7376231EC225','ELECTRONICS AND COMMUNICATION ENGINEERING',6,606,NULL,NULL,NULL,3,6.55,372),(607,'NARESH S','7376231EC226','ELECTRONICS AND COMMUNICATION ENGINEERING',6,607,NULL,NULL,NULL,3,7.71,372),(608,'NAVEEN KUMAR I','7376231EC227','ELECTRONICS AND COMMUNICATION ENGINEERING',6,608,NULL,NULL,NULL,3,7.57,372),(609,'NAVEEN KUMAR K V','7376231EC228','ELECTRONICS AND COMMUNICATION ENGINEERING',6,609,NULL,NULL,NULL,3,7.99,372),(610,'NAVEENA K','7376231EC229','ELECTRONICS AND COMMUNICATION ENGINEERING',6,610,NULL,NULL,NULL,3,7.26,372),(611,'NIKHITHA M','7376231EC230','ELECTRONICS AND COMMUNICATION ENGINEERING',6,611,NULL,NULL,NULL,3,7.09,372),(612,'NISAR DEEN N','7376231EC231','ELECTRONICS AND COMMUNICATION ENGINEERING',6,612,NULL,NULL,NULL,3,7.04,372),(613,'NITHESH S J','7376231EC232','ELECTRONICS AND COMMUNICATION ENGINEERING',6,613,NULL,NULL,NULL,3,7.35,372),(614,'OVIYA S S','7376231EC233','ELECTRONICS AND COMMUNICATION ENGINEERING',6,614,NULL,NULL,NULL,3,7.25,372),(615,'PALANI MURUGAN L','7376231EC234','ELECTRONICS AND COMMUNICATION ENGINEERING',6,615,NULL,NULL,NULL,3,7.28,372),(616,'POORVIKA M S','7376231EC235','ELECTRONICS AND COMMUNICATION ENGINEERING',6,616,NULL,NULL,NULL,3,7.95,372),(617,'PRADEEPRAJ R','7376231EC236','ELECTRONICS AND COMMUNICATION ENGINEERING',6,617,NULL,NULL,NULL,3,8.30,372),(618,'PRAKADEESH N','7376231EC237','ELECTRONICS AND COMMUNICATION ENGINEERING',6,618,NULL,NULL,NULL,3,8.15,372),(619,'PRAKATHI J','7376231EC238','ELECTRONICS AND COMMUNICATION ENGINEERING',6,619,NULL,NULL,NULL,3,7.34,372),(620,'PRANESH S R','7376231EC240','ELECTRONICS AND COMMUNICATION ENGINEERING',6,620,NULL,NULL,NULL,3,6.59,372),(621,'PRASAD R','7376231EC241','ELECTRONICS AND COMMUNICATION ENGINEERING',6,621,NULL,NULL,NULL,3,8.03,373),(622,'PRASANNAVADHANA V','7376231EC242','ELECTRONICS AND COMMUNICATION ENGINEERING',6,622,NULL,NULL,NULL,3,6.60,373),(623,'PRASANTH P','7376231EC243','ELECTRONICS AND COMMUNICATION ENGINEERING',6,623,NULL,NULL,NULL,3,7.19,373),(624,'PRASANTH S','7376231EC244','ELECTRONICS AND COMMUNICATION ENGINEERING',6,624,NULL,NULL,NULL,3,6.56,373),(625,'PRAVEENKUMAR K','7376231EC245','ELECTRONICS AND COMMUNICATION ENGINEERING',6,625,NULL,NULL,NULL,3,6.98,373),(626,'PRAVEENSANDOSH NAGARAJAN N','7376231EC246','ELECTRONICS AND COMMUNICATION ENGINEERING',6,626,NULL,NULL,NULL,3,7.68,373),(627,'PREETHI S','7376231EC247','ELECTRONICS AND COMMUNICATION ENGINEERING',6,627,NULL,NULL,NULL,3,8.22,373),(628,'RAGUL V','7376231EC250','ELECTRONICS AND COMMUNICATION ENGINEERING',6,628,NULL,NULL,NULL,3,7.00,373),(629,'RAHUL B','7376231EC251','ELECTRONICS AND COMMUNICATION ENGINEERING',6,629,NULL,NULL,NULL,3,8.03,373),(630,'RAJ KUMAR R','7376231EC252','ELECTRONICS AND COMMUNICATION ENGINEERING',6,630,NULL,NULL,NULL,3,6.71,373),(631,'RASHMI R','7376231EC253','ELECTRONICS AND COMMUNICATION ENGINEERING',6,631,NULL,NULL,NULL,3,7.94,373),(632,'RATNADEEPA K P','7376231EC254','ELECTRONICS AND COMMUNICATION ENGINEERING',6,632,NULL,NULL,NULL,3,8.17,373),(633,'RENUGADEVI S','7376231EC255','ELECTRONICS AND COMMUNICATION ENGINEERING',6,633,NULL,NULL,NULL,3,7.34,373),(634,'RITHIKA P','7376231EC256','ELECTRONICS AND COMMUNICATION ENGINEERING',6,634,NULL,NULL,NULL,3,7.77,373),(635,'RITHIN R S','7376231EC257','ELECTRONICS AND COMMUNICATION ENGINEERING',6,635,NULL,NULL,NULL,3,7.99,373),(636,'RITHISH M','7376231EC258','ELECTRONICS AND COMMUNICATION ENGINEERING',6,636,NULL,NULL,NULL,3,7.87,373),(637,'RITIKA DEVI M K','7376231EC259','ELECTRONICS AND COMMUNICATION ENGINEERING',6,637,NULL,NULL,NULL,3,6.71,373),(638,'ROHITH SRIRAM M','7376231EC260','ELECTRONICS AND COMMUNICATION ENGINEERING',6,638,NULL,NULL,NULL,3,6.93,373),(639,'RUPAHARINI M','7376231EC261','ELECTRONICS AND COMMUNICATION ENGINEERING',6,639,NULL,NULL,NULL,3,7.39,374),(640,'SABARISH R','7376231EC262','ELECTRONICS AND COMMUNICATION ENGINEERING',6,640,NULL,NULL,NULL,3,7.18,374),(641,'SABARISH R T','7376231EC263','ELECTRONICS AND COMMUNICATION ENGINEERING',6,641,NULL,NULL,NULL,3,7.16,374),(642,'SAISRIHARAN S','7376231EC265','ELECTRONICS AND COMMUNICATION ENGINEERING',6,642,NULL,NULL,NULL,3,8.38,374),(643,'SAKTHI DHARSHAN S','7376231EC266','ELECTRONICS AND COMMUNICATION ENGINEERING',6,643,NULL,NULL,NULL,3,6.52,374),(644,'SAMEETHA P','7376231EC267','ELECTRONICS AND COMMUNICATION ENGINEERING',6,644,NULL,NULL,NULL,3,7.46,374),(645,'SANJAI SHYAM D S','7376231EC268','ELECTRONICS AND COMMUNICATION ENGINEERING',6,645,NULL,NULL,NULL,3,6.96,374),(646,'SANJAY GANDHI G','7376231EC269','ELECTRONICS AND COMMUNICATION ENGINEERING',6,646,NULL,NULL,NULL,3,8.14,374),(647,'SANJAY SRI THANU MALAIYAAN C','7376231EC270','ELECTRONICS AND COMMUNICATION ENGINEERING',6,647,NULL,NULL,NULL,3,8.28,374),(648,'SANJEI A K','7376231EC271','ELECTRONICS AND COMMUNICATION ENGINEERING',6,648,NULL,NULL,NULL,3,8.05,374),(649,'SANTHOSH M','7376231EC272','ELECTRONICS AND COMMUNICATION ENGINEERING',6,649,NULL,NULL,NULL,3,7.50,374),(650,'SASIRITHIKA S','7376231EC273','ELECTRONICS AND COMMUNICATION ENGINEERING',6,650,NULL,NULL,NULL,3,7.51,374),(651,'SATHISH KUMAR R','7376231EC274','ELECTRONICS AND COMMUNICATION ENGINEERING',6,651,NULL,NULL,NULL,3,6.65,374),(652,'SATHISH S','7376231EC275','ELECTRONICS AND COMMUNICATION ENGINEERING',6,652,NULL,NULL,NULL,3,8.23,374),(653,'SAVEETHA S','7376231EC276','ELECTRONICS AND COMMUNICATION ENGINEERING',6,653,NULL,NULL,NULL,3,7.17,374),(654,'SHAAJITH R','7376231EC277','ELECTRONICS AND COMMUNICATION ENGINEERING',6,654,NULL,NULL,NULL,3,8.30,374),(655,'SHANUSH','7376231EC278','ELECTRONICS AND COMMUNICATION ENGINEERING',6,655,NULL,NULL,NULL,3,7.40,374),(656,'SHARAN V','7376231EC279','ELECTRONICS AND COMMUNICATION ENGINEERING',6,656,NULL,NULL,NULL,3,7.68,374),(657,'SHARUN AKASH P','7376231EC280','ELECTRONICS AND COMMUNICATION ENGINEERING',6,657,NULL,NULL,NULL,3,7.16,374),(658,'SHRINIDHI J','7376231EC281','ELECTRONICS AND COMMUNICATION ENGINEERING',6,658,NULL,NULL,NULL,3,6.95,375),(659,'SHRINITHI S','7376231EC282','ELECTRONICS AND COMMUNICATION ENGINEERING',6,659,NULL,NULL,NULL,3,8.49,375),(660,'SIVA LAVANYA S','7376231EC284','ELECTRONICS AND COMMUNICATION ENGINEERING',6,660,NULL,NULL,NULL,3,7.33,375),(661,'SIVANI S','7376231EC285','ELECTRONICS AND COMMUNICATION ENGINEERING',6,661,NULL,NULL,NULL,3,8.42,375),(662,'SIVASHANKARI R','7376231EC286','ELECTRONICS AND COMMUNICATION ENGINEERING',6,662,NULL,NULL,NULL,3,8.39,375),(663,'SIVASUBRAMANIYAM S','7376231EC287','ELECTRONICS AND COMMUNICATION ENGINEERING',6,663,NULL,NULL,NULL,3,7.61,375),(664,'SRI HARIHARAN V','7376231EC288','ELECTRONICS AND COMMUNICATION ENGINEERING',6,664,NULL,NULL,NULL,3,8.24,375),(665,'SRI NIVITHA S','7376231EC289','ELECTRONICS AND COMMUNICATION ENGINEERING',6,665,NULL,NULL,NULL,3,7.18,375),(666,'SRI RAGUL A A','7376231EC290','ELECTRONICS AND COMMUNICATION ENGINEERING',6,666,NULL,NULL,NULL,3,7.18,375),(667,'SRINIDHI J','7376231EC291','ELECTRONICS AND COMMUNICATION ENGINEERING',6,667,NULL,NULL,NULL,3,8.33,375),(668,'SUBASH CHANDRABOSE M','7376231EC292','ELECTRONICS AND COMMUNICATION ENGINEERING',6,668,NULL,NULL,NULL,3,7.94,375),(669,'SUBHASHINI N','7376231EC293','ELECTRONICS AND COMMUNICATION ENGINEERING',6,669,NULL,NULL,NULL,3,7.90,375),(670,'SUBIKSHA K P','7376231EC294','ELECTRONICS AND COMMUNICATION ENGINEERING',6,670,NULL,NULL,NULL,3,8.16,375),(671,'SUBIKSHA SHREE S','7376231EC295','ELECTRONICS AND COMMUNICATION ENGINEERING',6,671,NULL,NULL,NULL,3,8.23,375),(672,'SUBITHA S','7376231EC296','ELECTRONICS AND COMMUNICATION ENGINEERING',6,672,NULL,NULL,NULL,3,7.69,375),(673,'SUGANTHAN S','7376231EC297','ELECTRONICS AND COMMUNICATION ENGINEERING',6,673,NULL,NULL,NULL,3,7.30,375),(674,'SUGANTHAN S V','7376231EC298','ELECTRONICS AND COMMUNICATION ENGINEERING',6,674,NULL,NULL,NULL,3,7.32,375),(675,'SUGANYA K','7376231EC299','ELECTRONICS AND COMMUNICATION ENGINEERING',6,675,NULL,NULL,NULL,3,8.09,375),(676,'SUGASHINI M','7376231EC300','ELECTRONICS AND COMMUNICATION ENGINEERING',6,676,NULL,NULL,NULL,3,8.45,375),(677,'SUJITH MOHANASUNDARAM SUMATHI','7376231EC301','ELECTRONICS AND COMMUNICATION ENGINEERING',6,677,NULL,NULL,NULL,3,7.75,728),(678,'SURYA S V','7376231EC302','ELECTRONICS AND COMMUNICATION ENGINEERING',6,678,NULL,NULL,NULL,3,6.78,728),(679,'SURYANARAYANA B G','7376231EC303','ELECTRONICS AND COMMUNICATION ENGINEERING',6,679,NULL,NULL,NULL,3,8.46,728),(680,'SUTHAN S','7376231EC304','ELECTRONICS AND COMMUNICATION ENGINEERING',6,680,NULL,NULL,NULL,3,8.13,728),(681,'THANMATHI V','7376231EC306','ELECTRONICS AND COMMUNICATION ENGINEERING',6,681,NULL,NULL,NULL,3,6.72,728),(682,'THARUN ADHITHYA S K','7376231EC307','ELECTRONICS AND COMMUNICATION ENGINEERING',6,682,NULL,NULL,NULL,3,7.09,728),(683,'THARUN PRASATH C','7376231EC308','ELECTRONICS AND COMMUNICATION ENGINEERING',6,683,NULL,NULL,NULL,3,8.10,728),(684,'THIANESWAR K R','7376231EC309','ELECTRONICS AND COMMUNICATION ENGINEERING',6,684,NULL,NULL,NULL,3,7.71,728),(685,'TRISHNA R','7376231EC310','ELECTRONICS AND COMMUNICATION ENGINEERING',6,685,NULL,NULL,NULL,3,6.98,728),(686,'VAISHNAVI B','7376231EC311','ELECTRONICS AND COMMUNICATION ENGINEERING',6,686,NULL,NULL,NULL,3,6.80,728),(687,'VAISHNAVI S K','7376231EC312','ELECTRONICS AND COMMUNICATION ENGINEERING',6,687,NULL,NULL,NULL,3,6.62,728),(688,'VARSHIKA S','7376231EC313','ELECTRONICS AND COMMUNICATION ENGINEERING',6,688,NULL,NULL,NULL,3,7.83,728),(689,'VENKATESH K','7376231EC315','ELECTRONICS AND COMMUNICATION ENGINEERING',6,689,NULL,NULL,NULL,3,6.71,728),(690,'VIBIN V','7376231EC316','ELECTRONICS AND COMMUNICATION ENGINEERING',6,690,NULL,NULL,NULL,3,7.34,728),(691,'VIDULA SANJANA S','7376231EC317','ELECTRONICS AND COMMUNICATION ENGINEERING',6,691,NULL,NULL,NULL,3,7.39,728),(692,'VIGNESHWARAN M','7376231EC319','ELECTRONICS AND COMMUNICATION ENGINEERING',6,692,NULL,NULL,NULL,3,8.26,728),(693,'VIJAY T','7376231EC320','ELECTRONICS AND COMMUNICATION ENGINEERING',6,693,NULL,NULL,NULL,3,7.88,728),(694,'VIKASH T','7376231EC321','ELECTRONICS AND COMMUNICATION ENGINEERING',6,694,NULL,NULL,NULL,3,6.67,729),(695,'VIMAL KUMAR P','7376231EC322','ELECTRONICS AND COMMUNICATION ENGINEERING',6,695,NULL,NULL,NULL,3,6.56,729),(696,'VIMAL V','7376231EC323','ELECTRONICS AND COMMUNICATION ENGINEERING',6,696,NULL,NULL,NULL,3,8.40,729),(697,'VISALINI S','7376231EC324','ELECTRONICS AND COMMUNICATION ENGINEERING',6,697,NULL,NULL,NULL,3,7.33,729),(698,'VISHAL R','7376231EC325','ELECTRONICS AND COMMUNICATION ENGINEERING',6,698,NULL,NULL,NULL,3,7.95,729),(699,'VISHAL S','7376231EC326','ELECTRONICS AND COMMUNICATION ENGINEERING',6,699,NULL,NULL,NULL,3,7.97,729),(700,'VISHAL T','7376231EC327','ELECTRONICS AND COMMUNICATION ENGINEERING',6,700,NULL,NULL,NULL,3,7.34,729),(701,'VISHNU N','7376231EC328','ELECTRONICS AND COMMUNICATION ENGINEERING',6,701,NULL,NULL,NULL,3,7.77,729),(702,'VISHNU RAJ P S','7376231EC329','ELECTRONICS AND COMMUNICATION ENGINEERING',6,702,NULL,NULL,NULL,3,8.02,729),(703,'VISHRUTHA G E','7376231EC330','ELECTRONICS AND COMMUNICATION ENGINEERING',6,703,NULL,NULL,NULL,3,6.72,729),(704,'VISHVANTH S S','7376231EC331','ELECTRONICS AND COMMUNICATION ENGINEERING',6,704,NULL,NULL,NULL,3,7.76,729),(705,'VRLRAINA E','7376231EC332','ELECTRONICS AND COMMUNICATION ENGINEERING',6,705,NULL,NULL,NULL,3,7.85,729),(706,'YASHWENTH RAJ G','7376231EC333','ELECTRONICS AND COMMUNICATION ENGINEERING',6,706,NULL,NULL,NULL,3,8.09,729),(707,'YOGAGOWTHAM R','7376231EC334','ELECTRONICS AND COMMUNICATION ENGINEERING',6,707,NULL,NULL,NULL,3,7.74,729),(708,'AHARSHAN D','7376241EC501','ELECTRONICS AND COMMUNICATION ENGINEERING',6,708,NULL,NULL,NULL,3,7.81,729),(709,'ASHOK J','7376241EC502','ELECTRONICS AND COMMUNICATION ENGINEERING',6,709,NULL,NULL,NULL,3,7.25,729),(710,'BHARATH A','7376241EC503','ELECTRONICS AND COMMUNICATION ENGINEERING',6,710,NULL,NULL,NULL,3,7.41,729),(711,'DHANUSH J B','7376241EC504','ELECTRONICS AND COMMUNICATION ENGINEERING',6,711,NULL,NULL,NULL,3,7.39,729),(712,'DHARANI DHARAN K','7376241EC505','ELECTRONICS AND COMMUNICATION ENGINEERING',6,712,NULL,NULL,NULL,3,8.12,729),(713,'GIRIRAJ A','7376241EC506','ELECTRONICS AND COMMUNICATION ENGINEERING',6,713,NULL,NULL,NULL,3,8.03,729),(714,'GOKUL NATHAN M','7376241EC507','ELECTRONICS AND COMMUNICATION ENGINEERING',6,714,NULL,NULL,NULL,3,7.85,730),(715,'GOPI CHARAN N','7376241EC508','ELECTRONICS AND COMMUNICATION ENGINEERING',6,715,NULL,NULL,NULL,3,6.92,730),(716,'INDHUJA V','7376241EC509','ELECTRONICS AND COMMUNICATION ENGINEERING',6,716,NULL,NULL,NULL,3,7.69,730),(717,'KALAIVENDHAN P','7376241EC510','ELECTRONICS AND COMMUNICATION ENGINEERING',6,717,NULL,NULL,NULL,3,7.39,730),(718,'KAVIN RAJA M','7376241EC511','ELECTRONICS AND COMMUNICATION ENGINEERING',6,718,NULL,NULL,NULL,3,7.97,730),(719,'NAIMALOSHINI D','7376241EC512','ELECTRONICS AND COMMUNICATION ENGINEERING',6,719,NULL,NULL,NULL,3,6.94,730),(720,'NAVEEN KUMAR M','7376241EC514','ELECTRONICS AND COMMUNICATION ENGINEERING',6,720,NULL,NULL,NULL,3,7.49,730),(721,'NAVEEN V','7376241EC515','ELECTRONICS AND COMMUNICATION ENGINEERING',6,721,NULL,NULL,NULL,3,6.85,730),(722,'NITHIN C','7376241EC517','ELECTRONICS AND COMMUNICATION ENGINEERING',6,722,NULL,NULL,NULL,3,6.85,731),(723,'PRANAV U P','7376241EC518','ELECTRONICS AND COMMUNICATION ENGINEERING',6,723,NULL,NULL,NULL,3,7.95,731),(724,'RAMESH R','7376241EC519','ELECTRONICS AND COMMUNICATION ENGINEERING',6,724,NULL,NULL,NULL,3,8.35,731),(725,'SANJEEV S','7376241EC520','ELECTRONICS AND COMMUNICATION ENGINEERING',6,725,NULL,NULL,NULL,3,6.59,731),(726,'YASWANTH D','7376241EC522','ELECTRONICS AND COMMUNICATION ENGINEERING',6,726,NULL,NULL,NULL,3,8.30,731);
/*!40000 ALTER TABLE `students` ENABLE KEYS */;
UNLOCK TABLES;

--
-- Table structure for table `subjects`
--

DROP TABLE IF EXISTS `subjects`;
/*!40101 SET @saved_cs_client     = @@character_set_client */;
/*!50503 SET character_set_client = utf8mb4 */;
CREATE TABLE `subjects` (
  `id` int NOT NULL AUTO_INCREMENT,
  `subject_name` varchar(150) NOT NULL,
  `course_code` varchar(50) DEFAULT NULL,
  PRIMARY KEY (`id`)
) ENGINE=InnoDB AUTO_INCREMENT=9 DEFAULT CHARSET=utf8mb4 COLLATE=utf8mb4_0900_ai_ci;
/*!40101 SET character_set_client = @saved_cs_client */;

--
-- Dumping data for table `subjects`
--

LOCK TABLES `subjects` WRITE;
/*!40000 ALTER TABLE `subjects` DISABLE KEYS */;
INSERT INTO `subjects` VALUES (1,'COMPUTER NETWORKS AND PROTOCOLS','22EC601'),(2,'DIGITAL SYSTEM DESIGN WITH FPGA','22EC602'),(3,'ASIC DESIGN','22EC015'),(4,'AUTOMOTIVE ELECTRONICS AND NETWORKING','22EC046'),(5,'	REAL-TIME OPERATING SYSTEMS','22EC004'),(6,'VIRTUAL INSTRUMENTATION IN EMBEDDED SYSTEMS','22EC006'),(7,'ARTIFICIAL INTELLIGENCE AND MACHINE LEARNING','22EC603'),(8,'OPERATING SYSTEM','22EC604');
/*!40000 ALTER TABLE `subjects` ENABLE KEYS */;
UNLOCK TABLES;

--
-- Table structure for table `test_marks`
--

DROP TABLE IF EXISTS `test_marks`;
/*!40101 SET @saved_cs_client     = @@character_set_client */;
/*!50503 SET character_set_client = utf8mb4 */;
CREATE TABLE `test_marks` (
  `id` int NOT NULL AUTO_INCREMENT,
  `test_id` int NOT NULL,
  `student_id` int NOT NULL,
  `marks_obtained` int DEFAULT NULL,
  `status` enum('Assigned','Graded') DEFAULT 'Assigned',
  PRIMARY KEY (`id`),
  UNIQUE KEY `test_id` (`test_id`,`student_id`),
  KEY `student_id` (`student_id`),
  CONSTRAINT `test_marks_ibfk_1` FOREIGN KEY (`test_id`) REFERENCES `tests` (`id`) ON DELETE CASCADE,
  CONSTRAINT `test_marks_ibfk_2` FOREIGN KEY (`student_id`) REFERENCES `students` (`id`) ON DELETE CASCADE
) ENGINE=InnoDB AUTO_INCREMENT=41 DEFAULT CHARSET=utf8mb4 COLLATE=utf8mb4_0900_ai_ci;
/*!40101 SET character_set_client = @saved_cs_client */;

--
-- Dumping data for table `test_marks`
--

LOCK TABLES `test_marks` WRITE;
/*!40000 ALTER TABLE `test_marks` DISABLE KEYS */;
INSERT INTO `test_marks` VALUES (1,1,502,NULL,'Assigned'),(2,1,503,NULL,'Assigned'),(3,1,504,NULL,'Assigned'),(4,1,505,NULL,'Assigned'),(5,1,506,NULL,'Assigned'),(6,1,507,NULL,'Assigned'),(7,1,508,NULL,'Assigned'),(8,1,509,NULL,'Assigned'),(9,1,510,NULL,'Assigned'),(10,1,511,NULL,'Assigned'),(11,1,512,NULL,'Assigned'),(12,1,513,NULL,'Assigned'),(13,1,514,NULL,'Assigned'),(14,1,515,NULL,'Assigned'),(15,1,516,NULL,'Assigned'),(16,1,517,NULL,'Assigned'),(17,1,518,NULL,'Assigned'),(18,1,519,NULL,'Assigned'),(19,1,580,NULL,'Assigned'),(20,1,588,NULL,'Assigned'),(21,2,502,NULL,'Assigned'),(22,2,503,NULL,'Assigned'),(23,2,504,NULL,'Assigned'),(24,2,505,NULL,'Assigned'),(25,2,506,NULL,'Assigned'),(26,2,507,NULL,'Assigned'),(27,2,508,NULL,'Assigned'),(28,2,509,NULL,'Assigned'),(29,2,510,NULL,'Assigned'),(30,2,511,NULL,'Assigned'),(31,2,512,NULL,'Assigned'),(32,2,513,NULL,'Assigned'),(33,2,514,NULL,'Assigned'),(34,2,515,NULL,'Assigned'),(35,2,516,NULL,'Assigned'),(36,2,517,NULL,'Assigned'),(37,2,518,NULL,'Assigned'),(38,2,519,NULL,'Assigned'),(39,2,580,NULL,'Assigned'),(40,2,588,NULL,'Assigned');
/*!40000 ALTER TABLE `test_marks` ENABLE KEYS */;
UNLOCK TABLES;

--
-- Table structure for table `tests`
--

DROP TABLE IF EXISTS `tests`;
/*!40101 SET @saved_cs_client     = @@character_set_client */;
/*!50503 SET character_set_client = utf8mb4 */;
CREATE TABLE `tests` (
  `id` int NOT NULL AUTO_INCREMENT,
  `title` varchar(255) NOT NULL,
  `description` text,
  `total_marks` int NOT NULL,
  `test_date` date NOT NULL,
  `duration_mins` int DEFAULT NULL,
  `created_by` int NOT NULL,
  `assigned_students` text,
  `status` enum('Upcoming','Completed') DEFAULT 'Upcoming',
  `created_at` timestamp NULL DEFAULT CURRENT_TIMESTAMP,
  PRIMARY KEY (`id`),
  KEY `created_by` (`created_by`),
  CONSTRAINT `tests_ibfk_1` FOREIGN KEY (`created_by`) REFERENCES `users` (`id`) ON DELETE CASCADE
) ENGINE=InnoDB AUTO_INCREMENT=3 DEFAULT CHARSET=utf8mb4 COLLATE=utf8mb4_0900_ai_ci;
/*!40101 SET character_set_client = @saved_cs_client */;

--
-- Dumping data for table `tests`
--

LOCK TABLES `tests` WRITE;
/*!40000 ALTER TABLE `tests` DISABLE KEYS */;
INSERT INTO `tests` VALUES (1,'Signal and systems ','',50,'2026-03-26',30,367,'[502,503,504,505,506,507,508,509,510,511,512,513,514,515,516,517,518,519,580,588]','Upcoming','2026-03-25 04:26:25'),(2,'gy','',40,'2026-03-27',42,367,'[502,503,504,505,506,507,508,509,510,511,512,513,514,515,516,517,518,519,580,588]','Upcoming','2026-03-25 04:31:56');
/*!40000 ALTER TABLE `tests` ENABLE KEYS */;
UNLOCK TABLES;

--
-- Table structure for table `users`
--

DROP TABLE IF EXISTS `users`;
/*!40101 SET @saved_cs_client     = @@character_set_client */;
/*!50503 SET character_set_client = utf8mb4 */;
CREATE TABLE `users` (
  `id` int NOT NULL AUTO_INCREMENT,
  `name` varchar(100) NOT NULL,
  `email` varchar(100) NOT NULL,
  `password` varchar(100) NOT NULL,
  `role` enum('student','faculty','admin') NOT NULL,
  PRIMARY KEY (`id`),
  UNIQUE KEY `email` (`email`)
) ENGINE=InnoDB AUTO_INCREMENT=732 DEFAULT CHARSET=utf8mb4 COLLATE=utf8mb4_0900_ai_ci;
/*!40101 SET character_set_client = @saved_cs_client */;

--
-- Dumping data for table `users`
--

LOCK TABLES `users` WRITE;
/*!40000 ALTER TABLE `users` DISABLE KEYS */;
INSERT INTO `users` VALUES (3,'Student User','student.ec23@bitsathy.ac.in','','student'),(9,'Student One','studento.ec23@bitsathy.ac.in','','student'),(10,'Student Two','studentt.ec23@bitsathy.ac.in','','student'),(11,'Student Three','studentt.ec231@bitsathy.ac.in','','student'),(12,'Student Four','studentf.ec23@bitsathy.ac.in','','student'),(13,'Student Five','studentf.ec231@bitsathy.ac.in','','student'),(14,'Student Six','students.ec23@bitsathy.ac.in','','student'),(15,'Student Seven','students.ec231@bitsathy.ac.in','','student'),(16,'Student Eight','studente.ec23@bitsathy.ac.in','','student'),(17,'Student Nine','studentn.ec23@bitsathy.ac.in','','student'),(18,'Student Ten','studentt.ec232@bitsathy.ac.in','','student'),(19,'Student Eleven','studente.ec231@bitsathy.ac.in','','student'),(20,'Student twelve','studentt.ec233@bitsathy.ac.in','','student'),(21,'Student 13','student1.ec23@bitsathy.ac.in','','student'),(22,'Student 14','student1.ec231@bitsathy.ac.in','','student'),(23,'Student 15','student1.ec232@bitsathy.ac.in','','student'),(24,'Student 16','student1.ec233@bitsathy.ac.in','','student'),(25,'Student 17','student1.ec234@bitsathy.ac.in','','student'),(26,'Student 18','student1.ec235@bitsathy.ac.in','','student'),(27,'Student 19','student1.ec236@bitsathy.ac.in','','student'),(28,'Student 20','student2.ec23@bitsathy.ac.in','','student'),(29,'Student 21','student2.ec231@bitsathy.ac.in','','student'),(30,'Student 22','student2.ec232@bitsathy.ac.in','','student'),(31,'Student 23','student2.ec233@bitsathy.ac.in','','student'),(32,'Student 24','student2.ec234@bitsathy.ac.in','','student'),(33,'Student 25','student2.ec235@bitsathy.ac.in','','student'),(34,'Student 26','student2.ec236@bitsathy.ac.in','','student'),(35,'Student 27','student2.ec237@bitsathy.ac.in','','student'),(36,'Student 28','student2.ec238@bitsathy.ac.in','','student'),(37,'Student 29','student2.ec239@bitsathy.ac.in','','student'),(38,'Student 30','student3.ec23@bitsathy.ac.in','','student'),(39,'Student 31','student3.ec231@bitsathy.ac.in','','student'),(40,'Student 32','student3.ec232@bitsathy.ac.in','','student'),(41,'Student 33','student3.ec233@bitsathy.ac.in','','student'),(42,'Student 34','student3.ec234@bitsathy.ac.in','','student'),(43,'Student 35','student3.ec235@bitsathy.ac.in','','student'),(44,'Student 36','student3.ec236@bitsathy.ac.in','','student'),(45,'Student 37','student3.ec237@bitsathy.ac.in','','student'),(46,'Student 38','student3.ec238@bitsathy.ac.in','','student'),(47,'Student 39','student3.ec239@bitsathy.ac.in','','student'),(48,'Student 40','student4.ec23@bitsathy.ac.in','','student'),(49,'Student 41','student4.ec231@bitsathy.ac.in','','student'),(50,'Student 42','student4.ec232@bitsathy.ac.in','','student'),(51,'Student 43','student4.ec233@bitsathy.ac.in','','student'),(52,'Student 44','student4.ec234@bitsathy.ac.in','','student'),(53,'Student 45','student4.ec235@bitsathy.ac.in','','student'),(54,'Student 46','student4.ec236@bitsathy.ac.in','','student'),(55,'Student 47','student4.ec237@bitsathy.ac.in','','student'),(56,'Student 48','student4.ec238@bitsathy.ac.in','','student'),(57,'Student 49','student4.ec239@bitsathy.ac.in','','student'),(58,'Student 50','student5.ec23@bitsathy.ac.in','','student'),(62,'Admin User','admin@college.edu','$2b$10$uA7voXln2H7O82UprUfxeOuACYsepnNNinT4zPcI.FFkxeGTtFv.G','admin'),(64,'John Doe','john.ec23@bitsathy.ac.in','$2b$10$0egi0Q.emVYgF7zL.XMzhOZPszZygWsMcCrn/XCdpwV8DHR5qxkEa','student'),(366,'Dr. DANIEL RAJ A','danielraja@bitsathy.ac.in','$2b$10$.ZtFrnyrW7uZe2S1CbphnOXwI1KBjWvPd5ZxBNQXbNMnINXN1ypnq','faculty'),(367,'Dr. RAMKUMAR R','ramkumarr@bitsathy.ac.in','$2b$10$.ZtFrnyrW7uZe2S1CbphnOXwI1KBjWvPd5ZxBNQXbNMnINXN1ypnq','faculty'),(368,'Mrs. RAMYA P','ramyap@bitsathy.ac.in','$2b$10$.ZtFrnyrW7uZe2S1CbphnOXwI1KBjWvPd5ZxBNQXbNMnINXN1ypnq','faculty'),(369,'Mr. TAMILSELVAN S','tamilselvans@bitsathy.ac.in','$2b$10$.ZtFrnyrW7uZe2S1CbphnOXwI1KBjWvPd5ZxBNQXbNMnINXN1ypnq','faculty'),(370,'Mrs. DHANALAKSHMI S','dhanalakshmis@bitsathy.ac.in','$2b$10$.ZtFrnyrW7uZe2S1CbphnOXwI1KBjWvPd5ZxBNQXbNMnINXN1ypnq','faculty'),(371,'Dr. KARTHIKEYAN S','karthikeyans@bitsathy.ac.in','$2b$10$.ZtFrnyrW7uZe2S1CbphnOXwI1KBjWvPd5ZxBNQXbNMnINXN1ypnq','faculty'),(372,'Mrs. SARANYA N','saranyan@bitsathy.ac.in','$2b$10$.ZtFrnyrW7uZe2S1CbphnOXwI1KBjWvPd5ZxBNQXbNMnINXN1ypnq','faculty'),(373,'Mr. RAJA SEKAR S','rajasekars@bitsathy.ac.in','$2b$10$.ZtFrnyrW7uZe2S1CbphnOXwI1KBjWvPd5ZxBNQXbNMnINXN1ypnq','faculty'),(374,'Mr. BARANIDHARAN V','baranidharanv@bitsathy.ac.in','$2b$10$.ZtFrnyrW7uZe2S1CbphnOXwI1KBjWvPd5ZxBNQXbNMnINXN1ypnq','faculty'),(375,'Mrs. MYTHILI S','mythilis@bitsathy.ac.in','$2b$10$.ZtFrnyrW7uZe2S1CbphnOXwI1KBjWvPd5ZxBNQXbNMnINXN1ypnq','faculty'),(376,'Student User 1','student1.ec237@bitsathy.ac.in','$2b$10$.ZtFrnyrW7uZe2S1CbphnOXwI1KBjWvPd5ZxBNQXbNMnINXN1ypnq','student'),(377,'Student User 2','student2.ec2310@bitsathy.ac.in','$2b$10$.ZtFrnyrW7uZe2S1CbphnOXwI1KBjWvPd5ZxBNQXbNMnINXN1ypnq','student'),(378,'Student User 3','student3.ec2310@bitsathy.ac.in','$2b$10$.ZtFrnyrW7uZe2S1CbphnOXwI1KBjWvPd5ZxBNQXbNMnINXN1ypnq','student'),(379,'Student User 4','student4.ec2310@bitsathy.ac.in','$2b$10$.ZtFrnyrW7uZe2S1CbphnOXwI1KBjWvPd5ZxBNQXbNMnINXN1ypnq','student'),(380,'Student User 5','student5.ec231@bitsathy.ac.in','$2b$10$.ZtFrnyrW7uZe2S1CbphnOXwI1KBjWvPd5ZxBNQXbNMnINXN1ypnq','student'),(381,'Student User 6','student6.ec23@bitsathy.ac.in','$2b$10$.ZtFrnyrW7uZe2S1CbphnOXwI1KBjWvPd5ZxBNQXbNMnINXN1ypnq','student'),(382,'Student User 7','student7.ec23@bitsathy.ac.in','$2b$10$.ZtFrnyrW7uZe2S1CbphnOXwI1KBjWvPd5ZxBNQXbNMnINXN1ypnq','student'),(383,'Student User 8','student8.ec23@bitsathy.ac.in','$2b$10$.ZtFrnyrW7uZe2S1CbphnOXwI1KBjWvPd5ZxBNQXbNMnINXN1ypnq','student'),(384,'Student User 9','student9.ec23@bitsathy.ac.in','$2b$10$.ZtFrnyrW7uZe2S1CbphnOXwI1KBjWvPd5ZxBNQXbNMnINXN1ypnq','student'),(385,'Student User 10','student1.ec238@bitsathy.ac.in','$2b$10$.ZtFrnyrW7uZe2S1CbphnOXwI1KBjWvPd5ZxBNQXbNMnINXN1ypnq','student'),(386,'Student User 11','student1.ec239@bitsathy.ac.in','$2b$10$.ZtFrnyrW7uZe2S1CbphnOXwI1KBjWvPd5ZxBNQXbNMnINXN1ypnq','student'),(387,'Student User 12','student1.ec2310@bitsathy.ac.in','$2b$10$.ZtFrnyrW7uZe2S1CbphnOXwI1KBjWvPd5ZxBNQXbNMnINXN1ypnq','student'),(388,'Student User 13','student1.ec2311@bitsathy.ac.in','$2b$10$.ZtFrnyrW7uZe2S1CbphnOXwI1KBjWvPd5ZxBNQXbNMnINXN1ypnq','student'),(389,'Student User 14','student1.ec2312@bitsathy.ac.in','$2b$10$.ZtFrnyrW7uZe2S1CbphnOXwI1KBjWvPd5ZxBNQXbNMnINXN1ypnq','student'),(390,'Student User 15','student1.ec2313@bitsathy.ac.in','$2b$10$.ZtFrnyrW7uZe2S1CbphnOXwI1KBjWvPd5ZxBNQXbNMnINXN1ypnq','student'),(391,'Student User 16','student1.ec2314@bitsathy.ac.in','$2b$10$.ZtFrnyrW7uZe2S1CbphnOXwI1KBjWvPd5ZxBNQXbNMnINXN1ypnq','student'),(392,'Student User 17','student1.ec2315@bitsathy.ac.in','$2b$10$.ZtFrnyrW7uZe2S1CbphnOXwI1KBjWvPd5ZxBNQXbNMnINXN1ypnq','student'),(393,'Student User 18','student1.ec2316@bitsathy.ac.in','$2b$10$.ZtFrnyrW7uZe2S1CbphnOXwI1KBjWvPd5ZxBNQXbNMnINXN1ypnq','student'),(394,'Student User 19','student1.ec2317@bitsathy.ac.in','$2b$10$.ZtFrnyrW7uZe2S1CbphnOXwI1KBjWvPd5ZxBNQXbNMnINXN1ypnq','student'),(395,'Student User 20','student2.ec2311@bitsathy.ac.in','$2b$10$.ZtFrnyrW7uZe2S1CbphnOXwI1KBjWvPd5ZxBNQXbNMnINXN1ypnq','student'),(396,'Student User 21','student2.ec2312@bitsathy.ac.in','$2b$10$.ZtFrnyrW7uZe2S1CbphnOXwI1KBjWvPd5ZxBNQXbNMnINXN1ypnq','student'),(397,'Student User 22','student2.ec2313@bitsathy.ac.in','$2b$10$.ZtFrnyrW7uZe2S1CbphnOXwI1KBjWvPd5ZxBNQXbNMnINXN1ypnq','student'),(398,'Student User 23','student2.ec2314@bitsathy.ac.in','$2b$10$.ZtFrnyrW7uZe2S1CbphnOXwI1KBjWvPd5ZxBNQXbNMnINXN1ypnq','student'),(399,'Student User 24','student2.ec2315@bitsathy.ac.in','$2b$10$.ZtFrnyrW7uZe2S1CbphnOXwI1KBjWvPd5ZxBNQXbNMnINXN1ypnq','student'),(400,'Student User 25','student2.ec2316@bitsathy.ac.in','$2b$10$.ZtFrnyrW7uZe2S1CbphnOXwI1KBjWvPd5ZxBNQXbNMnINXN1ypnq','student'),(401,'Student User 26','student2.ec2317@bitsathy.ac.in','$2b$10$.ZtFrnyrW7uZe2S1CbphnOXwI1KBjWvPd5ZxBNQXbNMnINXN1ypnq','student'),(402,'Student User 27','student2.ec2318@bitsathy.ac.in','$2b$10$.ZtFrnyrW7uZe2S1CbphnOXwI1KBjWvPd5ZxBNQXbNMnINXN1ypnq','student'),(403,'Student User 28','student2.ec2319@bitsathy.ac.in','$2b$10$.ZtFrnyrW7uZe2S1CbphnOXwI1KBjWvPd5ZxBNQXbNMnINXN1ypnq','student'),(404,'Student User 29','student2.ec2320@bitsathy.ac.in','$2b$10$.ZtFrnyrW7uZe2S1CbphnOXwI1KBjWvPd5ZxBNQXbNMnINXN1ypnq','student'),(405,'Student User 30','student3.ec2311@bitsathy.ac.in','$2b$10$.ZtFrnyrW7uZe2S1CbphnOXwI1KBjWvPd5ZxBNQXbNMnINXN1ypnq','student'),(406,'Student User 31','student3.ec2312@bitsathy.ac.in','$2b$10$.ZtFrnyrW7uZe2S1CbphnOXwI1KBjWvPd5ZxBNQXbNMnINXN1ypnq','student'),(407,'Student User 32','student3.ec2313@bitsathy.ac.in','$2b$10$.ZtFrnyrW7uZe2S1CbphnOXwI1KBjWvPd5ZxBNQXbNMnINXN1ypnq','student'),(408,'Student User 33','student3.ec2314@bitsathy.ac.in','$2b$10$.ZtFrnyrW7uZe2S1CbphnOXwI1KBjWvPd5ZxBNQXbNMnINXN1ypnq','student'),(409,'Student User 34','student3.ec2315@bitsathy.ac.in','$2b$10$.ZtFrnyrW7uZe2S1CbphnOXwI1KBjWvPd5ZxBNQXbNMnINXN1ypnq','student'),(410,'Student User 35','student3.ec2316@bitsathy.ac.in','$2b$10$.ZtFrnyrW7uZe2S1CbphnOXwI1KBjWvPd5ZxBNQXbNMnINXN1ypnq','student'),(411,'Student User 36','student3.ec2317@bitsathy.ac.in','$2b$10$.ZtFrnyrW7uZe2S1CbphnOXwI1KBjWvPd5ZxBNQXbNMnINXN1ypnq','student'),(412,'Student User 37','student3.ec2318@bitsathy.ac.in','$2b$10$.ZtFrnyrW7uZe2S1CbphnOXwI1KBjWvPd5ZxBNQXbNMnINXN1ypnq','student'),(413,'Student User 38','student3.ec2319@bitsathy.ac.in','$2b$10$.ZtFrnyrW7uZe2S1CbphnOXwI1KBjWvPd5ZxBNQXbNMnINXN1ypnq','student'),(414,'Student User 39','student3.ec2320@bitsathy.ac.in','$2b$10$.ZtFrnyrW7uZe2S1CbphnOXwI1KBjWvPd5ZxBNQXbNMnINXN1ypnq','student'),(415,'Student User 40','student4.ec2311@bitsathy.ac.in','$2b$10$.ZtFrnyrW7uZe2S1CbphnOXwI1KBjWvPd5ZxBNQXbNMnINXN1ypnq','student'),(416,'Student User 41','student4.ec2312@bitsathy.ac.in','$2b$10$.ZtFrnyrW7uZe2S1CbphnOXwI1KBjWvPd5ZxBNQXbNMnINXN1ypnq','student'),(417,'Student User 42','student4.ec2313@bitsathy.ac.in','$2b$10$.ZtFrnyrW7uZe2S1CbphnOXwI1KBjWvPd5ZxBNQXbNMnINXN1ypnq','student'),(418,'Student User 43','student4.ec2314@bitsathy.ac.in','$2b$10$.ZtFrnyrW7uZe2S1CbphnOXwI1KBjWvPd5ZxBNQXbNMnINXN1ypnq','student'),(419,'Student User 44','student4.ec2315@bitsathy.ac.in','$2b$10$.ZtFrnyrW7uZe2S1CbphnOXwI1KBjWvPd5ZxBNQXbNMnINXN1ypnq','student'),(420,'Student User 45','student4.ec2316@bitsathy.ac.in','$2b$10$.ZtFrnyrW7uZe2S1CbphnOXwI1KBjWvPd5ZxBNQXbNMnINXN1ypnq','student'),(421,'Student User 46','student4.ec2317@bitsathy.ac.in','$2b$10$.ZtFrnyrW7uZe2S1CbphnOXwI1KBjWvPd5ZxBNQXbNMnINXN1ypnq','student'),(422,'Student User 47','student4.ec2318@bitsathy.ac.in','$2b$10$.ZtFrnyrW7uZe2S1CbphnOXwI1KBjWvPd5ZxBNQXbNMnINXN1ypnq','student'),(423,'Student User 48','student4.ec2319@bitsathy.ac.in','$2b$10$.ZtFrnyrW7uZe2S1CbphnOXwI1KBjWvPd5ZxBNQXbNMnINXN1ypnq','student'),(424,'Student User 49','student4.ec2320@bitsathy.ac.in','$2b$10$.ZtFrnyrW7uZe2S1CbphnOXwI1KBjWvPd5ZxBNQXbNMnINXN1ypnq','student'),(425,'Student User 50','student5.ec232@bitsathy.ac.in','$2b$10$.ZtFrnyrW7uZe2S1CbphnOXwI1KBjWvPd5ZxBNQXbNMnINXN1ypnq','student'),(426,'Student User 51','student5.ec233@bitsathy.ac.in','$2b$10$.ZtFrnyrW7uZe2S1CbphnOXwI1KBjWvPd5ZxBNQXbNMnINXN1ypnq','student'),(427,'Student User 52','student5.ec234@bitsathy.ac.in','$2b$10$.ZtFrnyrW7uZe2S1CbphnOXwI1KBjWvPd5ZxBNQXbNMnINXN1ypnq','student'),(428,'Student User 53','student5.ec235@bitsathy.ac.in','$2b$10$.ZtFrnyrW7uZe2S1CbphnOXwI1KBjWvPd5ZxBNQXbNMnINXN1ypnq','student'),(429,'Student User 54','student5.ec236@bitsathy.ac.in','$2b$10$.ZtFrnyrW7uZe2S1CbphnOXwI1KBjWvPd5ZxBNQXbNMnINXN1ypnq','student'),(430,'Student User 55','student5.ec237@bitsathy.ac.in','$2b$10$.ZtFrnyrW7uZe2S1CbphnOXwI1KBjWvPd5ZxBNQXbNMnINXN1ypnq','student'),(431,'Student User 56','student5.ec238@bitsathy.ac.in','$2b$10$.ZtFrnyrW7uZe2S1CbphnOXwI1KBjWvPd5ZxBNQXbNMnINXN1ypnq','student'),(432,'Student User 57','student5.ec239@bitsathy.ac.in','$2b$10$.ZtFrnyrW7uZe2S1CbphnOXwI1KBjWvPd5ZxBNQXbNMnINXN1ypnq','student'),(433,'Student User 58','student5.ec2310@bitsathy.ac.in','$2b$10$.ZtFrnyrW7uZe2S1CbphnOXwI1KBjWvPd5ZxBNQXbNMnINXN1ypnq','student'),(434,'Student User 59','student5.ec2311@bitsathy.ac.in','$2b$10$.ZtFrnyrW7uZe2S1CbphnOXwI1KBjWvPd5ZxBNQXbNMnINXN1ypnq','student'),(435,'Student User 60','student6.ec231@bitsathy.ac.in','$2b$10$.ZtFrnyrW7uZe2S1CbphnOXwI1KBjWvPd5ZxBNQXbNMnINXN1ypnq','student'),(436,'Student User 61','student6.ec232@bitsathy.ac.in','$2b$10$.ZtFrnyrW7uZe2S1CbphnOXwI1KBjWvPd5ZxBNQXbNMnINXN1ypnq','student'),(437,'Student User 62','student6.ec233@bitsathy.ac.in','$2b$10$.ZtFrnyrW7uZe2S1CbphnOXwI1KBjWvPd5ZxBNQXbNMnINXN1ypnq','student'),(438,'Student User 63','student6.ec234@bitsathy.ac.in','$2b$10$.ZtFrnyrW7uZe2S1CbphnOXwI1KBjWvPd5ZxBNQXbNMnINXN1ypnq','student'),(439,'Student User 64','student6.ec235@bitsathy.ac.in','$2b$10$.ZtFrnyrW7uZe2S1CbphnOXwI1KBjWvPd5ZxBNQXbNMnINXN1ypnq','student'),(440,'Student User 65','student6.ec236@bitsathy.ac.in','$2b$10$.ZtFrnyrW7uZe2S1CbphnOXwI1KBjWvPd5ZxBNQXbNMnINXN1ypnq','student'),(441,'Student User 66','student6.ec237@bitsathy.ac.in','$2b$10$.ZtFrnyrW7uZe2S1CbphnOXwI1KBjWvPd5ZxBNQXbNMnINXN1ypnq','student'),(442,'Student User 67','student6.ec238@bitsathy.ac.in','$2b$10$.ZtFrnyrW7uZe2S1CbphnOXwI1KBjWvPd5ZxBNQXbNMnINXN1ypnq','student'),(443,'Student User 68','student6.ec239@bitsathy.ac.in','$2b$10$.ZtFrnyrW7uZe2S1CbphnOXwI1KBjWvPd5ZxBNQXbNMnINXN1ypnq','student'),(444,'Student User 69','student6.ec2310@bitsathy.ac.in','$2b$10$.ZtFrnyrW7uZe2S1CbphnOXwI1KBjWvPd5ZxBNQXbNMnINXN1ypnq','student'),(445,'Student User 70','student7.ec231@bitsathy.ac.in','$2b$10$.ZtFrnyrW7uZe2S1CbphnOXwI1KBjWvPd5ZxBNQXbNMnINXN1ypnq','student'),(446,'Student User 71','student7.ec232@bitsathy.ac.in','$2b$10$.ZtFrnyrW7uZe2S1CbphnOXwI1KBjWvPd5ZxBNQXbNMnINXN1ypnq','student'),(447,'Student User 72','student7.ec233@bitsathy.ac.in','$2b$10$.ZtFrnyrW7uZe2S1CbphnOXwI1KBjWvPd5ZxBNQXbNMnINXN1ypnq','student'),(448,'Student User 73','student7.ec234@bitsathy.ac.in','$2b$10$.ZtFrnyrW7uZe2S1CbphnOXwI1KBjWvPd5ZxBNQXbNMnINXN1ypnq','student'),(449,'Student User 74','student7.ec235@bitsathy.ac.in','$2b$10$.ZtFrnyrW7uZe2S1CbphnOXwI1KBjWvPd5ZxBNQXbNMnINXN1ypnq','student'),(450,'Student User 75','student7.ec236@bitsathy.ac.in','$2b$10$.ZtFrnyrW7uZe2S1CbphnOXwI1KBjWvPd5ZxBNQXbNMnINXN1ypnq','student'),(451,'Student User 76','student7.ec237@bitsathy.ac.in','$2b$10$.ZtFrnyrW7uZe2S1CbphnOXwI1KBjWvPd5ZxBNQXbNMnINXN1ypnq','student'),(452,'Student User 77','student7.ec238@bitsathy.ac.in','$2b$10$.ZtFrnyrW7uZe2S1CbphnOXwI1KBjWvPd5ZxBNQXbNMnINXN1ypnq','student'),(453,'Student User 78','student7.ec239@bitsathy.ac.in','$2b$10$.ZtFrnyrW7uZe2S1CbphnOXwI1KBjWvPd5ZxBNQXbNMnINXN1ypnq','student'),(454,'Student User 79','student7.ec2310@bitsathy.ac.in','$2b$10$.ZtFrnyrW7uZe2S1CbphnOXwI1KBjWvPd5ZxBNQXbNMnINXN1ypnq','student'),(455,'Student User 80','student8.ec231@bitsathy.ac.in','$2b$10$.ZtFrnyrW7uZe2S1CbphnOXwI1KBjWvPd5ZxBNQXbNMnINXN1ypnq','student'),(456,'Student User 81','student8.ec232@bitsathy.ac.in','$2b$10$.ZtFrnyrW7uZe2S1CbphnOXwI1KBjWvPd5ZxBNQXbNMnINXN1ypnq','student'),(457,'Student User 82','student8.ec233@bitsathy.ac.in','$2b$10$.ZtFrnyrW7uZe2S1CbphnOXwI1KBjWvPd5ZxBNQXbNMnINXN1ypnq','student'),(458,'Student User 83','student8.ec234@bitsathy.ac.in','$2b$10$.ZtFrnyrW7uZe2S1CbphnOXwI1KBjWvPd5ZxBNQXbNMnINXN1ypnq','student'),(459,'Student User 84','student8.ec235@bitsathy.ac.in','$2b$10$.ZtFrnyrW7uZe2S1CbphnOXwI1KBjWvPd5ZxBNQXbNMnINXN1ypnq','student'),(460,'Student User 85','student8.ec236@bitsathy.ac.in','$2b$10$.ZtFrnyrW7uZe2S1CbphnOXwI1KBjWvPd5ZxBNQXbNMnINXN1ypnq','student'),(461,'Student User 86','student8.ec237@bitsathy.ac.in','$2b$10$.ZtFrnyrW7uZe2S1CbphnOXwI1KBjWvPd5ZxBNQXbNMnINXN1ypnq','student'),(462,'Student User 87','student8.ec238@bitsathy.ac.in','$2b$10$.ZtFrnyrW7uZe2S1CbphnOXwI1KBjWvPd5ZxBNQXbNMnINXN1ypnq','student'),(463,'Student User 88','student8.ec239@bitsathy.ac.in','$2b$10$.ZtFrnyrW7uZe2S1CbphnOXwI1KBjWvPd5ZxBNQXbNMnINXN1ypnq','student'),(464,'Student User 89','student8.ec2310@bitsathy.ac.in','$2b$10$.ZtFrnyrW7uZe2S1CbphnOXwI1KBjWvPd5ZxBNQXbNMnINXN1ypnq','student'),(465,'Student User 90','student9.ec231@bitsathy.ac.in','$2b$10$.ZtFrnyrW7uZe2S1CbphnOXwI1KBjWvPd5ZxBNQXbNMnINXN1ypnq','student'),(466,'Student User 91','student9.ec232@bitsathy.ac.in','$2b$10$.ZtFrnyrW7uZe2S1CbphnOXwI1KBjWvPd5ZxBNQXbNMnINXN1ypnq','student'),(467,'Student User 92','student9.ec233@bitsathy.ac.in','$2b$10$.ZtFrnyrW7uZe2S1CbphnOXwI1KBjWvPd5ZxBNQXbNMnINXN1ypnq','student'),(468,'Student User 93','student9.ec234@bitsathy.ac.in','$2b$10$.ZtFrnyrW7uZe2S1CbphnOXwI1KBjWvPd5ZxBNQXbNMnINXN1ypnq','student'),(469,'Student User 94','student9.ec235@bitsathy.ac.in','$2b$10$.ZtFrnyrW7uZe2S1CbphnOXwI1KBjWvPd5ZxBNQXbNMnINXN1ypnq','student'),(470,'Student User 95','student9.ec236@bitsathy.ac.in','$2b$10$.ZtFrnyrW7uZe2S1CbphnOXwI1KBjWvPd5ZxBNQXbNMnINXN1ypnq','student'),(471,'Student User 96','student9.ec237@bitsathy.ac.in','$2b$10$.ZtFrnyrW7uZe2S1CbphnOXwI1KBjWvPd5ZxBNQXbNMnINXN1ypnq','student'),(472,'Student User 97','student9.ec238@bitsathy.ac.in','$2b$10$.ZtFrnyrW7uZe2S1CbphnOXwI1KBjWvPd5ZxBNQXbNMnINXN1ypnq','student'),(473,'Student User 98','student9.ec239@bitsathy.ac.in','$2b$10$.ZtFrnyrW7uZe2S1CbphnOXwI1KBjWvPd5ZxBNQXbNMnINXN1ypnq','student'),(474,'Student User 99','student9.ec2310@bitsathy.ac.in','$2b$10$.ZtFrnyrW7uZe2S1CbphnOXwI1KBjWvPd5ZxBNQXbNMnINXN1ypnq','student'),(475,'Student User 100','student1.ec2318@bitsathy.ac.in','$2b$10$.ZtFrnyrW7uZe2S1CbphnOXwI1KBjWvPd5ZxBNQXbNMnINXN1ypnq','student'),(477,'ARUN R','arun.ec23@bitsathy.ac.in','$2b$10$GORCJHPfMx3WkBMMrgnFL.O2z3hR4Sm.fuy7oWtR67UJSVKoXaLyO','student'),(478,'ASHIKA A','ashika.ec23@bitsathy.ac.in','$2b$10$GORCJHPfMx3WkBMMrgnFL.O2z3hR4Sm.fuy7oWtR67UJSVKoXaLyO','student'),(479,'ASHVITHA THANYA K','ashvitha.ec23@bitsathy.ac.in','$2b$10$GORCJHPfMx3WkBMMrgnFL.O2z3hR4Sm.fuy7oWtR67UJSVKoXaLyO','student'),(480,'ASHWIN KUMARAN S','ashwin.ec23@bitsathy.ac.in','$2b$10$GORCJHPfMx3WkBMMrgnFL.O2z3hR4Sm.fuy7oWtR67UJSVKoXaLyO','student'),(482,'ATHEEQ SAQLAIN M','atheeq.ec23@bitsathy.ac.in','$2b$10$GORCJHPfMx3WkBMMrgnFL.O2z3hR4Sm.fuy7oWtR67UJSVKoXaLyO','student'),(483,'BALA BAVADHARANI R','bala.ec23@bitsathy.ac.in','$2b$10$GORCJHPfMx3WkBMMrgnFL.O2z3hR4Sm.fuy7oWtR67UJSVKoXaLyO','student'),(484,'BALAJI K A','balaji.ec23@bitsathy.ac.in','$2b$10$GORCJHPfMx3WkBMMrgnFL.O2z3hR4Sm.fuy7oWtR67UJSVKoXaLyO','student'),(485,'BARATH VIGNESH C','barath.ec23@bitsathy.ac.in','$2b$10$GORCJHPfMx3WkBMMrgnFL.O2z3hR4Sm.fuy7oWtR67UJSVKoXaLyO','student'),(486,'BAVAN KALYAN S','bavan.ec23@bitsathy.ac.in','$2b$10$GORCJHPfMx3WkBMMrgnFL.O2z3hR4Sm.fuy7oWtR67UJSVKoXaLyO','student'),(487,'BHARANEEDHAR S','bharaneedhar.ec23@bitsathy.ac.in','$2b$10$GORCJHPfMx3WkBMMrgnFL.O2z3hR4Sm.fuy7oWtR67UJSVKoXaLyO','student'),(488,'BHARATHKUMAR P','bharathkumar.ec23@bitsathy.ac.in','$2b$10$GORCJHPfMx3WkBMMrgnFL.O2z3hR4Sm.fuy7oWtR67UJSVKoXaLyO','student'),(489,'BOSEVETRIVELRAM M','bosevetrivelram.ec23@bitsathy.ac.in','$2b$10$GORCJHPfMx3WkBMMrgnFL.O2z3hR4Sm.fuy7oWtR67UJSVKoXaLyO','student'),(490,'CELSIA JUVANITTA J','celsia.ec23@bitsathy.ac.in','$2b$10$GORCJHPfMx3WkBMMrgnFL.O2z3hR4Sm.fuy7oWtR67UJSVKoXaLyO','student'),(491,'DARSANI T S','darsani.ec23@bitsathy.ac.in','$2b$10$GORCJHPfMx3WkBMMrgnFL.O2z3hR4Sm.fuy7oWtR67UJSVKoXaLyO','student'),(492,'DEEPIKA R','deepika.ec23@bitsathy.ac.in','$2b$10$GORCJHPfMx3WkBMMrgnFL.O2z3hR4Sm.fuy7oWtR67UJSVKoXaLyO','student'),(493,'DHANU SHRI V','dhanu.ec23@bitsathy.ac.in','$2b$10$GORCJHPfMx3WkBMMrgnFL.O2z3hR4Sm.fuy7oWtR67UJSVKoXaLyO','student'),(494,'DHANUSRI K R R','dhanusri.ec23@bitsathy.ac.in','$2b$10$GORCJHPfMx3WkBMMrgnFL.O2z3hR4Sm.fuy7oWtR67UJSVKoXaLyO','student'),(495,'DHANUSRI T','dhanusrit.ec23@bitsathy.ac.in','$2b$10$GORCJHPfMx3WkBMMrgnFL.O2z3hR4Sm.fuy7oWtR67UJSVKoXaLyO','student'),(496,'DHARANISH S S','dharanish.ec23@bitsathy.ac.in','$2b$10$GORCJHPfMx3WkBMMrgnFL.O2z3hR4Sm.fuy7oWtR67UJSVKoXaLyO','student'),(497,'DHARSAN A K','dharsan.ec23@bitsathy.ac.in','$2b$10$GORCJHPfMx3WkBMMrgnFL.O2z3hR4Sm.fuy7oWtR67UJSVKoXaLyO','student'),(498,'DHARSHINI M','dharshini.ec23@bitsathy.ac.in','$2b$10$GORCJHPfMx3WkBMMrgnFL.O2z3hR4Sm.fuy7oWtR67UJSVKoXaLyO','student'),(499,'DIBAGAR S','dibagar.ec23@bitsathy.ac.in','$2b$10$GORCJHPfMx3WkBMMrgnFL.O2z3hR4Sm.fuy7oWtR67UJSVKoXaLyO','student'),(500,'DINESH S','dinesh.ec23@bitsathy.ac.in','$2b$10$GORCJHPfMx3WkBMMrgnFL.O2z3hR4Sm.fuy7oWtR67UJSVKoXaLyO','student'),(502,'DIVYA S','divya.ec23@bitsathy.ac.in','$2b$10$GORCJHPfMx3WkBMMrgnFL.O2z3hR4Sm.fuy7oWtR67UJSVKoXaLyO','student'),(503,'DURKAIBALAN P','durkaibalan.ec23@bitsathy.ac.in','$2b$10$GORCJHPfMx3WkBMMrgnFL.O2z3hR4Sm.fuy7oWtR67UJSVKoXaLyO','student'),(504,'ELAKKIYA R','elakkiya.ec23@bitsathy.ac.in','$2b$10$GORCJHPfMx3WkBMMrgnFL.O2z3hR4Sm.fuy7oWtR67UJSVKoXaLyO','student'),(505,'ELAKKIYASRI S','elakkiyasri.ec23@bitsathy.ac.in','$2b$10$GORCJHPfMx3WkBMMrgnFL.O2z3hR4Sm.fuy7oWtR67UJSVKoXaLyO','student'),(506,'GANGA T','ganga.ec23@bitsathy.ac.in','$2b$10$GORCJHPfMx3WkBMMrgnFL.O2z3hR4Sm.fuy7oWtR67UJSVKoXaLyO','student'),(507,'GIRIDHARAN M','giridharan.ec23@bitsathy.ac.in','$2b$10$GORCJHPfMx3WkBMMrgnFL.O2z3hR4Sm.fuy7oWtR67UJSVKoXaLyO','student'),(508,'GIRIJA S','girija.ec23@bitsathy.ac.in','$2b$10$GORCJHPfMx3WkBMMrgnFL.O2z3hR4Sm.fuy7oWtR67UJSVKoXaLyO','student'),(509,'GOKUL PRASATH S','gokul.ec23@bitsathy.ac.in','$2b$10$GORCJHPfMx3WkBMMrgnFL.O2z3hR4Sm.fuy7oWtR67UJSVKoXaLyO','student'),(510,'GOPIKA SRI E','gopika.ec23@bitsathy.ac.in','$2b$10$GORCJHPfMx3WkBMMrgnFL.O2z3hR4Sm.fuy7oWtR67UJSVKoXaLyO','student'),(511,'GOWRI N','gowri.ec23@bitsathy.ac.in','$2b$10$GORCJHPfMx3WkBMMrgnFL.O2z3hR4Sm.fuy7oWtR67UJSVKoXaLyO','student'),(512,'HARIHARAN P S','hariharan.ec23@bitsathy.ac.in','$2b$10$GORCJHPfMx3WkBMMrgnFL.O2z3hR4Sm.fuy7oWtR67UJSVKoXaLyO','student'),(513,'HARIPREETHI S M','haripreethi.ec23@bitsathy.ac.in','$2b$10$GORCJHPfMx3WkBMMrgnFL.O2z3hR4Sm.fuy7oWtR67UJSVKoXaLyO','student'),(514,'HARIRAM BHARATHAN M','hariram.ec23@bitsathy.ac.in','$2b$10$GORCJHPfMx3WkBMMrgnFL.O2z3hR4Sm.fuy7oWtR67UJSVKoXaLyO','student'),(515,'HARISH KARTHIC J K','harish.ec23@bitsathy.ac.in','$2b$10$GORCJHPfMx3WkBMMrgnFL.O2z3hR4Sm.fuy7oWtR67UJSVKoXaLyO','student'),(516,'HARISH KUMAR S','harishs.ec23@bitsathy.ac.in','$2b$10$GORCJHPfMx3WkBMMrgnFL.O2z3hR4Sm.fuy7oWtR67UJSVKoXaLyO','student'),(517,'HARISHMITHA R','harishmitha.ec23@bitsathy.ac.in','$2b$10$GORCJHPfMx3WkBMMrgnFL.O2z3hR4Sm.fuy7oWtR67UJSVKoXaLyO','student'),(518,'HARISURYAPRAKASH O','harisuryaprakash.ec23@bitsathy.ac.in','$2b$10$GORCJHPfMx3WkBMMrgnFL.O2z3hR4Sm.fuy7oWtR67UJSVKoXaLyO','student'),(519,'HARSHINI S','harshini.ec23@bitsathy.ac.in','$2b$10$GORCJHPfMx3WkBMMrgnFL.O2z3hR4Sm.fuy7oWtR67UJSVKoXaLyO','student'),(521,'HARSINI R','harsini.ec23@bitsathy.ac.in','$2b$10$GORCJHPfMx3WkBMMrgnFL.O2z3hR4Sm.fuy7oWtR67UJSVKoXaLyO','student'),(522,'HEMA PRIYA S','hema.ec23@bitsathy.ac.in','$2b$10$GORCJHPfMx3WkBMMrgnFL.O2z3hR4Sm.fuy7oWtR67UJSVKoXaLyO','student'),(523,'HEMAPRIYA S','hemapriya.ec23@bitsathy.ac.in','$2b$10$GORCJHPfMx3WkBMMrgnFL.O2z3hR4Sm.fuy7oWtR67UJSVKoXaLyO','student'),(524,'INDHU S','indhu.ec23@bitsathy.ac.in','$2b$10$GORCJHPfMx3WkBMMrgnFL.O2z3hR4Sm.fuy7oWtR67UJSVKoXaLyO','student'),(525,'JAIDEV M C','jaidev.ec23@bitsathy.ac.in','$2b$10$GORCJHPfMx3WkBMMrgnFL.O2z3hR4Sm.fuy7oWtR67UJSVKoXaLyO','student'),(526,'JANA KIRI G','jana.ec23@bitsathy.ac.in','$2b$10$GORCJHPfMx3WkBMMrgnFL.O2z3hR4Sm.fuy7oWtR67UJSVKoXaLyO','student'),(527,'JANE MYSTIKA D','jane.ec23@bitsathy.ac.in','$2b$10$GORCJHPfMx3WkBMMrgnFL.O2z3hR4Sm.fuy7oWtR67UJSVKoXaLyO','student'),(528,'JAYAPRABHA GOKUL KUMAR','jayaprabha.ec23@bitsathy.ac.in','$2b$10$GORCJHPfMx3WkBMMrgnFL.O2z3hR4Sm.fuy7oWtR67UJSVKoXaLyO','student'),(529,'JAYASWAROOPA S M','jayaswaroopa.ec23@bitsathy.ac.in','$2b$10$GORCJHPfMx3WkBMMrgnFL.O2z3hR4Sm.fuy7oWtR67UJSVKoXaLyO','student'),(530,'JEFFERY SANTO J A','jeffery.ec23@bitsathy.ac.in','$2b$10$GORCJHPfMx3WkBMMrgnFL.O2z3hR4Sm.fuy7oWtR67UJSVKoXaLyO','student'),(531,'JEYA PRASANNA S','jeya.ec23@bitsathy.ac.in','$2b$10$GORCJHPfMx3WkBMMrgnFL.O2z3hR4Sm.fuy7oWtR67UJSVKoXaLyO','student'),(532,'JOSHIKA M','joshika.ec23@bitsathy.ac.in','$2b$10$GORCJHPfMx3WkBMMrgnFL.O2z3hR4Sm.fuy7oWtR67UJSVKoXaLyO','student'),(533,'JOTHIKA S','jothika.ec23@bitsathy.ac.in','$2b$10$GORCJHPfMx3WkBMMrgnFL.O2z3hR4Sm.fuy7oWtR67UJSVKoXaLyO','student'),(535,'KABIL M','kabil.ec23@bitsathy.ac.in','$2b$10$GORCJHPfMx3WkBMMrgnFL.O2z3hR4Sm.fuy7oWtR67UJSVKoXaLyO','student'),(536,'KABILAN D','kabilan.ec23@bitsathy.ac.in','$2b$10$GORCJHPfMx3WkBMMrgnFL.O2z3hR4Sm.fuy7oWtR67UJSVKoXaLyO','student'),(537,'KABILAN N','kabilann.ec23@bitsathy.ac.in','$2b$10$GORCJHPfMx3WkBMMrgnFL.O2z3hR4Sm.fuy7oWtR67UJSVKoXaLyO','student'),(538,'KABILAN R','kabilanr.ec23@bitsathy.ac.in','$2b$10$GORCJHPfMx3WkBMMrgnFL.O2z3hR4Sm.fuy7oWtR67UJSVKoXaLyO','student'),(539,'KAMALI KASTHURI K','kamali.ec23@bitsathy.ac.in','$2b$10$GORCJHPfMx3WkBMMrgnFL.O2z3hR4Sm.fuy7oWtR67UJSVKoXaLyO','student'),(540,'KAMALNATH V','kamalnath.ec23@bitsathy.ac.in','$2b$10$GORCJHPfMx3WkBMMrgnFL.O2z3hR4Sm.fuy7oWtR67UJSVKoXaLyO','student'),(541,'KAMESH S','kamesh.ec23@bitsathy.ac.in','$2b$10$GORCJHPfMx3WkBMMrgnFL.O2z3hR4Sm.fuy7oWtR67UJSVKoXaLyO','student'),(543,'KANISHKA M','kanishka.ec23@bitsathy.ac.in','$2b$10$GORCJHPfMx3WkBMMrgnFL.O2z3hR4Sm.fuy7oWtR67UJSVKoXaLyO','student'),(544,'KARTHIKA R','karthika.ec23@bitsathy.ac.in','$2b$10$GORCJHPfMx3WkBMMrgnFL.O2z3hR4Sm.fuy7oWtR67UJSVKoXaLyO','student'),(545,'KARTHIKEYAN K','karthikeyan.ec23@bitsathy.ac.in','$2b$10$GORCJHPfMx3WkBMMrgnFL.O2z3hR4Sm.fuy7oWtR67UJSVKoXaLyO','student'),(546,'KATHIR V B','kathir.ec23@bitsathy.ac.in','$2b$10$GORCJHPfMx3WkBMMrgnFL.O2z3hR4Sm.fuy7oWtR67UJSVKoXaLyO','student'),(547,'KAVIN R','kavin.ec23@bitsathy.ac.in','$2b$10$GORCJHPfMx3WkBMMrgnFL.O2z3hR4Sm.fuy7oWtR67UJSVKoXaLyO','student'),(548,'KAVIN S','kavins.ec23@bitsathy.ac.in','$2b$10$GORCJHPfMx3WkBMMrgnFL.O2z3hR4Sm.fuy7oWtR67UJSVKoXaLyO','student'),(549,'KAVIYA S','kaviya.ec23@bitsathy.ac.in','$2b$10$GORCJHPfMx3WkBMMrgnFL.O2z3hR4Sm.fuy7oWtR67UJSVKoXaLyO','student'),(550,'KAVYA C','kavya.ec23@bitsathy.ac.in','$2b$10$GORCJHPfMx3WkBMMrgnFL.O2z3hR4Sm.fuy7oWtR67UJSVKoXaLyO','student'),(551,'KEERTHIVASAN S','keerthivasan.ec23@bitsathy.ac.in','$2b$10$GORCJHPfMx3WkBMMrgnFL.O2z3hR4Sm.fuy7oWtR67UJSVKoXaLyO','student'),(552,'KHARIZMA A','kharizma.ec23@bitsathy.ac.in','$2b$10$GORCJHPfMx3WkBMMrgnFL.O2z3hR4Sm.fuy7oWtR67UJSVKoXaLyO','student'),(553,'KOUSIK A B','kousik.ec23@bitsathy.ac.in','$2b$10$GORCJHPfMx3WkBMMrgnFL.O2z3hR4Sm.fuy7oWtR67UJSVKoXaLyO','student'),(554,'KOWSIC S','kowsic.ec23@bitsathy.ac.in','$2b$10$GORCJHPfMx3WkBMMrgnFL.O2z3hR4Sm.fuy7oWtR67UJSVKoXaLyO','student'),(555,'KOWSIKA D','kowsika.ec23@bitsathy.ac.in','$2b$10$GORCJHPfMx3WkBMMrgnFL.O2z3hR4Sm.fuy7oWtR67UJSVKoXaLyO','student'),(556,'LALITHKUMAR R','lalithkumar.ec23@bitsathy.ac.in','$2b$10$GORCJHPfMx3WkBMMrgnFL.O2z3hR4Sm.fuy7oWtR67UJSVKoXaLyO','student'),(557,'LEAH AGALYA RAJ','leah.ec23@bitsathy.ac.in','$2b$10$GORCJHPfMx3WkBMMrgnFL.O2z3hR4Sm.fuy7oWtR67UJSVKoXaLyO','student'),(558,'LINGESH G R','lingesh.ec23@bitsathy.ac.in','$2b$10$GORCJHPfMx3WkBMMrgnFL.O2z3hR4Sm.fuy7oWtR67UJSVKoXaLyO','student'),(559,'LOHITH R','lohith.ec23@bitsathy.ac.in','$2b$10$GORCJHPfMx3WkBMMrgnFL.O2z3hR4Sm.fuy7oWtR67UJSVKoXaLyO','student'),(560,'LUCKSHANA VR','luckshana.ec23@bitsathy.ac.in','$2b$10$GORCJHPfMx3WkBMMrgnFL.O2z3hR4Sm.fuy7oWtR67UJSVKoXaLyO','student'),(562,'MADHANKUMAR E','madhankumar.ec23@bitsathy.ac.in','$2b$10$GORCJHPfMx3WkBMMrgnFL.O2z3hR4Sm.fuy7oWtR67UJSVKoXaLyO','student'),(563,'MADHUBALA N','madhubala.ec23@bitsathy.ac.in','$2b$10$GORCJHPfMx3WkBMMrgnFL.O2z3hR4Sm.fuy7oWtR67UJSVKoXaLyO','student'),(564,'MADHUMITHA N','madhumitha.ec23@bitsathy.ac.in','$2b$10$GORCJHPfMx3WkBMMrgnFL.O2z3hR4Sm.fuy7oWtR67UJSVKoXaLyO','student'),(565,'MADHUMITHA S','madhumithas.ec23@bitsathy.ac.in','$2b$10$GORCJHPfMx3WkBMMrgnFL.O2z3hR4Sm.fuy7oWtR67UJSVKoXaLyO','student'),(566,'MALLIHARJUN M','malliharjun.ec23@bitsathy.ac.in','$2b$10$GORCJHPfMx3WkBMMrgnFL.O2z3hR4Sm.fuy7oWtR67UJSVKoXaLyO','student'),(567,'MANIMEGALAI M','manimegalai.ec23@bitsathy.ac.in','$2b$10$GORCJHPfMx3WkBMMrgnFL.O2z3hR4Sm.fuy7oWtR67UJSVKoXaLyO','student'),(568,'MANISHA D','manisha.ec23@bitsathy.ac.in','$2b$10$GORCJHPfMx3WkBMMrgnFL.O2z3hR4Sm.fuy7oWtR67UJSVKoXaLyO','student'),(569,'MANOJ J','manoj.ec23@bitsathy.ac.in','$2b$10$GORCJHPfMx3WkBMMrgnFL.O2z3hR4Sm.fuy7oWtR67UJSVKoXaLyO','student'),(570,'MANOJ R','manojr.ec23@bitsathy.ac.in','$2b$10$GORCJHPfMx3WkBMMrgnFL.O2z3hR4Sm.fuy7oWtR67UJSVKoXaLyO','student'),(571,'KEERTHIVASAN J','keerthivasanj.ec23@bitsathy.ac.in','$2b$10$GORCJHPfMx3WkBMMrgnFL.O2z3hR4Sm.fuy7oWtR67UJSVKoXaLyO','student'),(572,'ATHEEQ SAQLAIN  M','atheeqm.ec23@bitsathy.ac.in','$2b$10$EpbR0KDESHADN7/dRET2re4KnfxQ56UunFRsWyTZxmi2SFwFhcYlS','student'),(580,'HARINI G','harini.ec23@bitsathy.ac.in','$2b$10$o50zKBiX73BoJfaEQwDYFufxrk7iw8GBdPqFwpdRmMrh59NXQaRcS','student'),(582,'AAKASH  A','aakash.ec23@bitsathy.ac.in','$2b$10$N97HdRyrC/IzJM5sFX8DFuKsp9QUlMGNy40Ys.a1.AvJ8tGRqe3vW','student'),(583,'ABISHEK  S','abishek.ec23@bitsathy.ac.in','$2b$10$jaV39wjz5d9qxYGVevkLp.qtaGnHkNtjbCt6OJYR7QZodqWNpD5su','student'),(584,'AKSHAYA  S','akshaya.ec23@bitsathy.ac.in','$2b$10$bFW7KtREa0qWKBoBHzd2xe.KLQtDbJeP1aFSOoz0CmjQc7YTqwyO.','student'),(585,'ANISHA R','anisha.ec23@bitsathy.ac.in','$2b$10$zdUkwFqzj2cbAI.DSxBd3uP247MgXq4OQFukzI40Zr4gwEvksqXyG','student'),(586,'ASHWIN KUMARAN  T','ashwint.ec23@bitsathy.ac.in','$2b$10$sKqJsvdpJf1tdsLbRE8v2uWkTIJ.7Op9M0QfhoGwXMisFQYDW0lsW','student'),(587,'DHANASHRI A','dhanashri.ec23@bitsathy.ac.in','$2b$10$P9jmYO0IzWWbKJ.0Cu/qgOUOoqz8h4ZpuEBS6BfGjiOCzBYVNBOH6','student'),(588,'GOKUL SHANKAR S','gokuls.ec23@bitsathy.ac.in','$2b$10$aN/F2Rd8mvZlHINa9xpv6eDEuRTql6RMqacSt7er4oNZcjLKLU0V.','student'),(591,'MANOJKUMAR  C S','manojkumar.ec23@bitsathy.ac.in','$2b$10$keAgSoYBVoJ4IOh/ww3ppeaF/.VdOyDXYHC739rmiJwSzM7bHzaCq','student'),(592,'MARISH  M','marish.ec23@bitsathy.ac.in','$2b$10$2ZoEGmFRlgeEQel6VM4afOaBJV8PwW/u55/o//bUdTBhVAFtaNt36','student'),(593,'MIDUN THANIGACHALAM SUBBARAYAN','midun.ec23@bitsathy.ac.in','$2b$10$KLg/w07QPrbX.Xg51xc1uek5pE1oryNC0hO0FCvpBG7QBfdudjWd.','student'),(594,'MITHUN B S','mithun.ec23@bitsathy.ac.in','$2b$10$KLg/w07QPrbX.Xg51xc1uek5pE1oryNC0hO0FCvpBG7QBfdudjWd.','student'),(595,'MOHAMED ISMAIL T','mohamed.ec23@bitsathy.ac.in','$2b$10$KLg/w07QPrbX.Xg51xc1uek5pE1oryNC0hO0FCvpBG7QBfdudjWd.','student'),(596,'MOHAMMAD ABDULLAH S','mohammad.ec23@bitsathy.ac.in','$2b$10$KLg/w07QPrbX.Xg51xc1uek5pE1oryNC0hO0FCvpBG7QBfdudjWd.','student'),(597,'MOHAMMED HANIFA M','mohammed.ec23@bitsathy.ac.in','$2b$10$KLg/w07QPrbX.Xg51xc1uek5pE1oryNC0hO0FCvpBG7QBfdudjWd.','student'),(598,'MOHAMMED HUSSAIN F','mohammedf.ec23@bitsathy.ac.in','$2b$10$KLg/w07QPrbX.Xg51xc1uek5pE1oryNC0hO0FCvpBG7QBfdudjWd.','student'),(599,'MOHIT BALAJI M','mohit.ec23@bitsathy.ac.in','$2b$10$KLg/w07QPrbX.Xg51xc1uek5pE1oryNC0hO0FCvpBG7QBfdudjWd.','student'),(600,'MONIKA M','monika.ec23@bitsathy.ac.in','$2b$10$KLg/w07QPrbX.Xg51xc1uek5pE1oryNC0hO0FCvpBG7QBfdudjWd.','student'),(601,'MONIKA SRI K','monikak.ec23@bitsathy.ac.in','$2b$10$KLg/w07QPrbX.Xg51xc1uek5pE1oryNC0hO0FCvpBG7QBfdudjWd.','student'),(602,'MONISH R','monish.ec23@bitsathy.ac.in','$2b$10$KLg/w07QPrbX.Xg51xc1uek5pE1oryNC0hO0FCvpBG7QBfdudjWd.','student'),(603,'MUGESHKANNA S R','mugeshkanna.ec23@bitsathy.ac.in','$2b$10$KLg/w07QPrbX.Xg51xc1uek5pE1oryNC0hO0FCvpBG7QBfdudjWd.','student'),(604,'NANDHA VISVANATHAN','nandha.ec23@bitsathy.ac.in','$2b$10$KLg/w07QPrbX.Xg51xc1uek5pE1oryNC0hO0FCvpBG7QBfdudjWd.','student'),(605,'NANTHANA C','nanthana.ec23@bitsathy.ac.in','$2b$10$KLg/w07QPrbX.Xg51xc1uek5pE1oryNC0hO0FCvpBG7QBfdudjWd.','student'),(606,'NARBAVI T','narbavi.ec23@bitsathy.ac.in','$2b$10$KLg/w07QPrbX.Xg51xc1uek5pE1oryNC0hO0FCvpBG7QBfdudjWd.','student'),(607,'NARESH S','naresh.ec23@bitsathy.ac.in','$2b$10$KLg/w07QPrbX.Xg51xc1uek5pE1oryNC0hO0FCvpBG7QBfdudjWd.','student'),(608,'NAVEEN KUMAR I','naveen.ec23@bitsathy.ac.in','$2b$10$KLg/w07QPrbX.Xg51xc1uek5pE1oryNC0hO0FCvpBG7QBfdudjWd.','student'),(609,'NAVEEN KUMAR K V','naveenv.ec23@bitsathy.ac.in','$2b$10$KLg/w07QPrbX.Xg51xc1uek5pE1oryNC0hO0FCvpBG7QBfdudjWd.','student'),(610,'NAVEENA K','naveena.ec23@bitsathy.ac.in','$2b$10$KLg/w07QPrbX.Xg51xc1uek5pE1oryNC0hO0FCvpBG7QBfdudjWd.','student'),(611,'NIKHITHA M','nikhitha.ec23@bitsathy.ac.in','$2b$10$KLg/w07QPrbX.Xg51xc1uek5pE1oryNC0hO0FCvpBG7QBfdudjWd.','student'),(612,'NISAR DEEN N','nisar.ec23@bitsathy.ac.in','$2b$10$KLg/w07QPrbX.Xg51xc1uek5pE1oryNC0hO0FCvpBG7QBfdudjWd.','student'),(613,'NITHESH S J','nithesh.ec23@bitsathy.ac.in','$2b$10$KLg/w07QPrbX.Xg51xc1uek5pE1oryNC0hO0FCvpBG7QBfdudjWd.','student'),(614,'OVIYA S S','oviya.ec23@bitsathy.ac.in','$2b$10$KLg/w07QPrbX.Xg51xc1uek5pE1oryNC0hO0FCvpBG7QBfdudjWd.','student'),(615,'PALANI MURUGAN L','palani.ec23@bitsathy.ac.in','$2b$10$KLg/w07QPrbX.Xg51xc1uek5pE1oryNC0hO0FCvpBG7QBfdudjWd.','student'),(616,'POORVIKA M S','poorvika.ec23@bitsathy.ac.in','$2b$10$KLg/w07QPrbX.Xg51xc1uek5pE1oryNC0hO0FCvpBG7QBfdudjWd.','student'),(617,'PRADEEPRAJ R','pradeepraj.ec23@bitsathy.ac.in','$2b$10$KLg/w07QPrbX.Xg51xc1uek5pE1oryNC0hO0FCvpBG7QBfdudjWd.','student'),(618,'PRAKADEESH N','prakadeesh.ec23@bitsathy.ac.in','$2b$10$KLg/w07QPrbX.Xg51xc1uek5pE1oryNC0hO0FCvpBG7QBfdudjWd.','student'),(619,'PRAKATHI J','prakathi.ec23@bitsathy.ac.in','$2b$10$KLg/w07QPrbX.Xg51xc1uek5pE1oryNC0hO0FCvpBG7QBfdudjWd.','student'),(620,'PRANESH S R','pranesh.ec23@bitsathy.ac.in','$2b$10$KLg/w07QPrbX.Xg51xc1uek5pE1oryNC0hO0FCvpBG7QBfdudjWd.','student'),(621,'PRASAD R','prasad.ec23@bitsathy.ac.in','$2b$10$KLg/w07QPrbX.Xg51xc1uek5pE1oryNC0hO0FCvpBG7QBfdudjWd.','student'),(622,'PRASANNAVADHANA V','prasannavadhana.ec23@bitsathy.ac.in','$2b$10$KLg/w07QPrbX.Xg51xc1uek5pE1oryNC0hO0FCvpBG7QBfdudjWd.','student'),(623,'PRASANTH P','prasanth.ec23@bitsathy.ac.in','$2b$10$KLg/w07QPrbX.Xg51xc1uek5pE1oryNC0hO0FCvpBG7QBfdudjWd.','student'),(624,'PRASANTH S','prasanths.ec23@bitsathy.ac.in','$2b$10$KLg/w07QPrbX.Xg51xc1uek5pE1oryNC0hO0FCvpBG7QBfdudjWd.','student'),(625,'PRAVEENKUMAR K','praveenkumar.ec23@bitsathy.ac.in','$2b$10$KLg/w07QPrbX.Xg51xc1uek5pE1oryNC0hO0FCvpBG7QBfdudjWd.','student'),(626,'PRAVEENSANDOSH NAGARAJAN N','praveensandosh.ec23@bitsathy.ac.in','$2b$10$KLg/w07QPrbX.Xg51xc1uek5pE1oryNC0hO0FCvpBG7QBfdudjWd.','student'),(627,'PREETHI S','preethi.ec23@bitsathy.ac.in','$2b$10$KLg/w07QPrbX.Xg51xc1uek5pE1oryNC0hO0FCvpBG7QBfdudjWd.','student'),(628,'RAGUL V','ragul.ec23@bitsathy.ac.in','$2b$10$KLg/w07QPrbX.Xg51xc1uek5pE1oryNC0hO0FCvpBG7QBfdudjWd.','student'),(629,'RAHUL B','rahul.ec23@bitsathy.ac.in','$2b$10$KLg/w07QPrbX.Xg51xc1uek5pE1oryNC0hO0FCvpBG7QBfdudjWd.','student'),(630,'RAJ KUMAR R','raj.ec23@bitsathy.ac.in','$2b$10$KLg/w07QPrbX.Xg51xc1uek5pE1oryNC0hO0FCvpBG7QBfdudjWd.','student'),(631,'RASHMI R','rashmi.ec23@bitsathy.ac.in','$2b$10$KLg/w07QPrbX.Xg51xc1uek5pE1oryNC0hO0FCvpBG7QBfdudjWd.','student'),(632,'RATNADEEPA K P','ratnadeepa.ec23@bitsathy.ac.in','$2b$10$KLg/w07QPrbX.Xg51xc1uek5pE1oryNC0hO0FCvpBG7QBfdudjWd.','student'),(633,'RENUGADEVI S','renugadevi.ec23@bitsathy.ac.in','$2b$10$KLg/w07QPrbX.Xg51xc1uek5pE1oryNC0hO0FCvpBG7QBfdudjWd.','student'),(634,'RITHIKA P','rithika.ec23@bitsathy.ac.in','$2b$10$KLg/w07QPrbX.Xg51xc1uek5pE1oryNC0hO0FCvpBG7QBfdudjWd.','student'),(635,'RITHIN R S','rithin.ec23@bitsathy.ac.in','$2b$10$KLg/w07QPrbX.Xg51xc1uek5pE1oryNC0hO0FCvpBG7QBfdudjWd.','student'),(636,'RITHISH M','rithish.ec23@bitsathy.ac.in','$2b$10$KLg/w07QPrbX.Xg51xc1uek5pE1oryNC0hO0FCvpBG7QBfdudjWd.','student'),(637,'RITIKA DEVI M K','ritika.ec23@bitsathy.ac.in','$2b$10$KLg/w07QPrbX.Xg51xc1uek5pE1oryNC0hO0FCvpBG7QBfdudjWd.','student'),(638,'ROHITH SRIRAM M','rohith.ec23@bitsathy.ac.in','$2b$10$KLg/w07QPrbX.Xg51xc1uek5pE1oryNC0hO0FCvpBG7QBfdudjWd.','student'),(639,'RUPAHARINI M','rupaharini.ec23@bitsathy.ac.in','$2b$10$KLg/w07QPrbX.Xg51xc1uek5pE1oryNC0hO0FCvpBG7QBfdudjWd.','student'),(640,'SABARISH R','sabarish.ec23@bitsathy.ac.in','$2b$10$KLg/w07QPrbX.Xg51xc1uek5pE1oryNC0hO0FCvpBG7QBfdudjWd.','student'),(641,'SABARISH R T','sabarisht.ec23@bitsathy.ac.in','$2b$10$KLg/w07QPrbX.Xg51xc1uek5pE1oryNC0hO0FCvpBG7QBfdudjWd.','student'),(642,'SAISRIHARAN S','saisriharan.ec23@bitsathy.ac.in','$2b$10$KLg/w07QPrbX.Xg51xc1uek5pE1oryNC0hO0FCvpBG7QBfdudjWd.','student'),(643,'SAKTHI DHARSHAN S','sakthi.ec23@bitsathy.ac.in','$2b$10$KLg/w07QPrbX.Xg51xc1uek5pE1oryNC0hO0FCvpBG7QBfdudjWd.','student'),(644,'SAMEETHA P','sameetha.ec23@bitsathy.ac.in','$2b$10$KLg/w07QPrbX.Xg51xc1uek5pE1oryNC0hO0FCvpBG7QBfdudjWd.','student'),(645,'SANJAI SHYAM D S','sanjai.ec23@bitsathy.ac.in','$2b$10$KLg/w07QPrbX.Xg51xc1uek5pE1oryNC0hO0FCvpBG7QBfdudjWd.','student'),(646,'SANJAY GANDHI G','sanjay.ec23@bitsathy.ac.in','$2b$10$KLg/w07QPrbX.Xg51xc1uek5pE1oryNC0hO0FCvpBG7QBfdudjWd.','student'),(647,'SANJAY SRI THANU MALAIYAAN C','sanjayc.ec23@bitsathy.ac.in','$2b$10$KLg/w07QPrbX.Xg51xc1uek5pE1oryNC0hO0FCvpBG7QBfdudjWd.','student'),(648,'SANJEI A K','sanjei.ec23@bitsathy.ac.in','$2b$10$KLg/w07QPrbX.Xg51xc1uek5pE1oryNC0hO0FCvpBG7QBfdudjWd.','student'),(649,'SANTHOSH M','santhosh.ec23@bitsathy.ac.in','$2b$10$KLg/w07QPrbX.Xg51xc1uek5pE1oryNC0hO0FCvpBG7QBfdudjWd.','student'),(650,'SASIRITHIKA S','sasirithika.ec23@bitsathy.ac.in','$2b$10$KLg/w07QPrbX.Xg51xc1uek5pE1oryNC0hO0FCvpBG7QBfdudjWd.','student'),(651,'SATHISH KUMAR R','sathish.ec23@bitsathy.ac.in','$2b$10$KLg/w07QPrbX.Xg51xc1uek5pE1oryNC0hO0FCvpBG7QBfdudjWd.','student'),(652,'SATHISH S','sathishs.ec23@bitsathy.ac.in','$2b$10$KLg/w07QPrbX.Xg51xc1uek5pE1oryNC0hO0FCvpBG7QBfdudjWd.','student'),(653,'SAVEETHA S','saveetha.ec23@bitsathy.ac.in','$2b$10$KLg/w07QPrbX.Xg51xc1uek5pE1oryNC0hO0FCvpBG7QBfdudjWd.','student'),(654,'SHAAJITH R','shaajith.ec23@bitsathy.ac.in','$2b$10$KLg/w07QPrbX.Xg51xc1uek5pE1oryNC0hO0FCvpBG7QBfdudjWd.','student'),(655,'SHANUSH','shanush.ec23@bitsathy.ac.in','$2b$10$KLg/w07QPrbX.Xg51xc1uek5pE1oryNC0hO0FCvpBG7QBfdudjWd.','student'),(656,'SHARAN V','sharan.ec23@bitsathy.ac.in','$2b$10$KLg/w07QPrbX.Xg51xc1uek5pE1oryNC0hO0FCvpBG7QBfdudjWd.','student'),(657,'SHARUN AKASH P','sharun.ec23@bitsathy.ac.in','$2b$10$KLg/w07QPrbX.Xg51xc1uek5pE1oryNC0hO0FCvpBG7QBfdudjWd.','student'),(658,'SHRINIDHI J','shrinidhi.ec23@bitsathy.ac.in','$2b$10$KLg/w07QPrbX.Xg51xc1uek5pE1oryNC0hO0FCvpBG7QBfdudjWd.','student'),(659,'SHRINITHI S','shrinithi.ec23@bitsathy.ac.in','$2b$10$KLg/w07QPrbX.Xg51xc1uek5pE1oryNC0hO0FCvpBG7QBfdudjWd.','student'),(660,'SIVA LAVANYA S','siva.ec23@bitsathy.ac.in','$2b$10$KLg/w07QPrbX.Xg51xc1uek5pE1oryNC0hO0FCvpBG7QBfdudjWd.','student'),(661,'SIVANI S','sivani.ec23@bitsathy.ac.in','$2b$10$KLg/w07QPrbX.Xg51xc1uek5pE1oryNC0hO0FCvpBG7QBfdudjWd.','student'),(662,'SIVASHANKARI R','sivashankari.ec23@bitsathy.ac.in','$2b$10$KLg/w07QPrbX.Xg51xc1uek5pE1oryNC0hO0FCvpBG7QBfdudjWd.','student'),(663,'SIVASUBRAMANIYAM S','sivasubramaniyam.ec23@bitsathy.ac.in','$2b$10$KLg/w07QPrbX.Xg51xc1uek5pE1oryNC0hO0FCvpBG7QBfdudjWd.','student'),(664,'SRI HARIHARAN V','sri.ec23@bitsathy.ac.in','$2b$10$KLg/w07QPrbX.Xg51xc1uek5pE1oryNC0hO0FCvpBG7QBfdudjWd.','student'),(665,'SRI NIVITHA S','sris.ec23@bitsathy.ac.in','$2b$10$KLg/w07QPrbX.Xg51xc1uek5pE1oryNC0hO0FCvpBG7QBfdudjWd.','student'),(666,'SRI RAGUL A A','sria.ec23@bitsathy.ac.in','$2b$10$KLg/w07QPrbX.Xg51xc1uek5pE1oryNC0hO0FCvpBG7QBfdudjWd.','student'),(667,'SRINIDHI J','srinidhi.ec23@bitsathy.ac.in','$2b$10$KLg/w07QPrbX.Xg51xc1uek5pE1oryNC0hO0FCvpBG7QBfdudjWd.','student'),(668,'SUBASH CHANDRABOSE M','subash.ec23@bitsathy.ac.in','$2b$10$KLg/w07QPrbX.Xg51xc1uek5pE1oryNC0hO0FCvpBG7QBfdudjWd.','student'),(669,'SUBHASHINI N','subhashini.ec23@bitsathy.ac.in','$2b$10$KLg/w07QPrbX.Xg51xc1uek5pE1oryNC0hO0FCvpBG7QBfdudjWd.','student'),(670,'SUBIKSHA K P','subiksha.ec23@bitsathy.ac.in','$2b$10$KLg/w07QPrbX.Xg51xc1uek5pE1oryNC0hO0FCvpBG7QBfdudjWd.','student'),(671,'SUBIKSHA SHREE S','subikshas.ec23@bitsathy.ac.in','$2b$10$KLg/w07QPrbX.Xg51xc1uek5pE1oryNC0hO0FCvpBG7QBfdudjWd.','student'),(672,'SUBITHA S','subitha.ec23@bitsathy.ac.in','$2b$10$KLg/w07QPrbX.Xg51xc1uek5pE1oryNC0hO0FCvpBG7QBfdudjWd.','student'),(673,'SUGANTHAN S','suganthan.ec23@bitsathy.ac.in','$2b$10$KLg/w07QPrbX.Xg51xc1uek5pE1oryNC0hO0FCvpBG7QBfdudjWd.','student'),(674,'SUGANTHAN S V','suganthanv.ec23@bitsathy.ac.in','$2b$10$KLg/w07QPrbX.Xg51xc1uek5pE1oryNC0hO0FCvpBG7QBfdudjWd.','student'),(675,'SUGANYA K','suganya.ec23@bitsathy.ac.in','$2b$10$KLg/w07QPrbX.Xg51xc1uek5pE1oryNC0hO0FCvpBG7QBfdudjWd.','student'),(676,'SUGASHINI M','sugashini.ec23@bitsathy.ac.in','$2b$10$KLg/w07QPrbX.Xg51xc1uek5pE1oryNC0hO0FCvpBG7QBfdudjWd.','student'),(677,'SUJITH MOHANASUNDARAM SUMATHI','sujith.ec23@bitsathy.ac.in','$2b$10$KLg/w07QPrbX.Xg51xc1uek5pE1oryNC0hO0FCvpBG7QBfdudjWd.','student'),(678,'SURYA S V','surya.ec23@bitsathy.ac.in','$2b$10$KLg/w07QPrbX.Xg51xc1uek5pE1oryNC0hO0FCvpBG7QBfdudjWd.','student'),(679,'SURYANARAYANA B G','suryanarayana.ec23@bitsathy.ac.in','$2b$10$KLg/w07QPrbX.Xg51xc1uek5pE1oryNC0hO0FCvpBG7QBfdudjWd.','student'),(680,'SUTHAN S','suthan.ec23@bitsathy.ac.in','$2b$10$KLg/w07QPrbX.Xg51xc1uek5pE1oryNC0hO0FCvpBG7QBfdudjWd.','student'),(681,'THANMATHI V','thanmathi.ec23@bitsathy.ac.in','$2b$10$KLg/w07QPrbX.Xg51xc1uek5pE1oryNC0hO0FCvpBG7QBfdudjWd.','student'),(682,'THARUN ADHITHYA S K','tharun.ec23@bitsathy.ac.in','$2b$10$KLg/w07QPrbX.Xg51xc1uek5pE1oryNC0hO0FCvpBG7QBfdudjWd.','student'),(683,'THARUN PRASATH C','tharunc.ec23@bitsathy.ac.in','$2b$10$KLg/w07QPrbX.Xg51xc1uek5pE1oryNC0hO0FCvpBG7QBfdudjWd.','student'),(684,'THIANESWAR K R','thianeswar.ec23@bitsathy.ac.in','$2b$10$KLg/w07QPrbX.Xg51xc1uek5pE1oryNC0hO0FCvpBG7QBfdudjWd.','student'),(685,'TRISHNA R','trishna.ec23@bitsathy.ac.in','$2b$10$KLg/w07QPrbX.Xg51xc1uek5pE1oryNC0hO0FCvpBG7QBfdudjWd.','student'),(686,'VAISHNAVI B','vaishnavi.ec23@bitsathy.ac.in','$2b$10$KLg/w07QPrbX.Xg51xc1uek5pE1oryNC0hO0FCvpBG7QBfdudjWd.','student'),(687,'VAISHNAVI S K','vaishnavik.ec23@bitsathy.ac.in','$2b$10$KLg/w07QPrbX.Xg51xc1uek5pE1oryNC0hO0FCvpBG7QBfdudjWd.','student'),(688,'VARSHIKA S','varshika.ec23@bitsathy.ac.in','$2b$10$KLg/w07QPrbX.Xg51xc1uek5pE1oryNC0hO0FCvpBG7QBfdudjWd.','student'),(689,'VENKATESH K','venkatesh.ec23@bitsathy.ac.in','$2b$10$KLg/w07QPrbX.Xg51xc1uek5pE1oryNC0hO0FCvpBG7QBfdudjWd.','student'),(690,'VIBIN V','vibin.ec23@bitsathy.ac.in','$2b$10$KLg/w07QPrbX.Xg51xc1uek5pE1oryNC0hO0FCvpBG7QBfdudjWd.','student'),(691,'VIDULA SANJANA S','vidula.ec23@bitsathy.ac.in','$2b$10$KLg/w07QPrbX.Xg51xc1uek5pE1oryNC0hO0FCvpBG7QBfdudjWd.','student'),(692,'VIGNESHWARAN M','vigneshwaran.ec23@bitsathy.ac.in','$2b$10$KLg/w07QPrbX.Xg51xc1uek5pE1oryNC0hO0FCvpBG7QBfdudjWd.','student'),(693,'VIJAY T','vijay.ec23@bitsathy.ac.in','$2b$10$KLg/w07QPrbX.Xg51xc1uek5pE1oryNC0hO0FCvpBG7QBfdudjWd.','student'),(694,'VIKASH T','vikash.ec23@bitsathy.ac.in','$2b$10$KLg/w07QPrbX.Xg51xc1uek5pE1oryNC0hO0FCvpBG7QBfdudjWd.','student'),(695,'VIMAL KUMAR P','vimal.ec23@bitsathy.ac.in','$2b$10$KLg/w07QPrbX.Xg51xc1uek5pE1oryNC0hO0FCvpBG7QBfdudjWd.','student'),(696,'VIMAL V','vimalv.ec23@bitsathy.ac.in','$2b$10$KLg/w07QPrbX.Xg51xc1uek5pE1oryNC0hO0FCvpBG7QBfdudjWd.','student'),(697,'VISALINI S','visalini.ec23@bitsathy.ac.in','$2b$10$KLg/w07QPrbX.Xg51xc1uek5pE1oryNC0hO0FCvpBG7QBfdudjWd.','student'),(698,'VISHAL R','vishal.ec23@bitsathy.ac.in','$2b$10$KLg/w07QPrbX.Xg51xc1uek5pE1oryNC0hO0FCvpBG7QBfdudjWd.','student'),(699,'VISHAL S','vishals.ec23@bitsathy.ac.in','$2b$10$KLg/w07QPrbX.Xg51xc1uek5pE1oryNC0hO0FCvpBG7QBfdudjWd.','student'),(700,'VISHAL T','vishalt.ec23@bitsathy.ac.in','$2b$10$KLg/w07QPrbX.Xg51xc1uek5pE1oryNC0hO0FCvpBG7QBfdudjWd.','student'),(701,'VISHNU N','vishnu.ec23@bitsathy.ac.in','$2b$10$KLg/w07QPrbX.Xg51xc1uek5pE1oryNC0hO0FCvpBG7QBfdudjWd.','student'),(702,'VISHNU RAJ P S','vishnus.ec23@bitsathy.ac.in','$2b$10$KLg/w07QPrbX.Xg51xc1uek5pE1oryNC0hO0FCvpBG7QBfdudjWd.','student'),(703,'VISHRUTHA G E','vishrutha.ec23@bitsathy.ac.in','$2b$10$KLg/w07QPrbX.Xg51xc1uek5pE1oryNC0hO0FCvpBG7QBfdudjWd.','student'),(704,'VISHVANTH S S','vishvanth.ec23@bitsathy.ac.in','$2b$10$KLg/w07QPrbX.Xg51xc1uek5pE1oryNC0hO0FCvpBG7QBfdudjWd.','student'),(705,'VRLRAINA E','vrlraina.ec23@bitsathy.ac.in','$2b$10$KLg/w07QPrbX.Xg51xc1uek5pE1oryNC0hO0FCvpBG7QBfdudjWd.','student'),(706,'YASHWENTH RAJ G','yashwenth.ec23@bitsathy.ac.in','$2b$10$KLg/w07QPrbX.Xg51xc1uek5pE1oryNC0hO0FCvpBG7QBfdudjWd.','student'),(707,'YOGAGOWTHAM R','yogagowtham.ec23@bitsathy.ac.in','$2b$10$KLg/w07QPrbX.Xg51xc1uek5pE1oryNC0hO0FCvpBG7QBfdudjWd.','student'),(708,'AHARSHAN D','aharshan.ec23@bitsathy.ac.in','$2b$10$KLg/w07QPrbX.Xg51xc1uek5pE1oryNC0hO0FCvpBG7QBfdudjWd.','student'),(709,'ASHOK J','ashok.ec23@bitsathy.ac.in','$2b$10$KLg/w07QPrbX.Xg51xc1uek5pE1oryNC0hO0FCvpBG7QBfdudjWd.','student'),(710,'BHARATH A','bharath.ec23@bitsathy.ac.in','$2b$10$KLg/w07QPrbX.Xg51xc1uek5pE1oryNC0hO0FCvpBG7QBfdudjWd.','student'),(711,'DHANUSH J B','dhanush.ec23@bitsathy.ac.in','$2b$10$KLg/w07QPrbX.Xg51xc1uek5pE1oryNC0hO0FCvpBG7QBfdudjWd.','student'),(712,'DHARANI DHARAN K','dharani.ec23@bitsathy.ac.in','$2b$10$KLg/w07QPrbX.Xg51xc1uek5pE1oryNC0hO0FCvpBG7QBfdudjWd.','student'),(713,'GIRIRAJ A','giriraj.ec23@bitsathy.ac.in','$2b$10$KLg/w07QPrbX.Xg51xc1uek5pE1oryNC0hO0FCvpBG7QBfdudjWd.','student'),(714,'GOKUL NATHAN M','gokulm.ec23@bitsathy.ac.in','$2b$10$KLg/w07QPrbX.Xg51xc1uek5pE1oryNC0hO0FCvpBG7QBfdudjWd.','student'),(715,'GOPI CHARAN N','gopi.ec23@bitsathy.ac.in','$2b$10$KLg/w07QPrbX.Xg51xc1uek5pE1oryNC0hO0FCvpBG7QBfdudjWd.','student'),(716,'INDHUJA V','indhuja.ec23@bitsathy.ac.in','$2b$10$KLg/w07QPrbX.Xg51xc1uek5pE1oryNC0hO0FCvpBG7QBfdudjWd.','student'),(717,'KALAIVENDHAN P','kalaivendhan.ec23@bitsathy.ac.in','$2b$10$KLg/w07QPrbX.Xg51xc1uek5pE1oryNC0hO0FCvpBG7QBfdudjWd.','student'),(718,'KAVIN RAJA M','kavinm.ec23@bitsathy.ac.in','$2b$10$KLg/w07QPrbX.Xg51xc1uek5pE1oryNC0hO0FCvpBG7QBfdudjWd.','student'),(719,'NAIMALOSHINI D','naimaloshini.ec23@bitsathy.ac.in','$2b$10$KLg/w07QPrbX.Xg51xc1uek5pE1oryNC0hO0FCvpBG7QBfdudjWd.','student'),(720,'NAVEEN KUMAR M','naveenm.ec23@bitsathy.ac.in','$2b$10$KLg/w07QPrbX.Xg51xc1uek5pE1oryNC0hO0FCvpBG7QBfdudjWd.','student'),(721,'NAVEEN V','naveenv.ec231@bitsathy.ac.in','$2b$10$KLg/w07QPrbX.Xg51xc1uek5pE1oryNC0hO0FCvpBG7QBfdudjWd.','student'),(722,'NITHIN C','nithin.ec23@bitsathy.ac.in','$2b$10$KLg/w07QPrbX.Xg51xc1uek5pE1oryNC0hO0FCvpBG7QBfdudjWd.','student'),(723,'PRANAV U P','pranav.ec23@bitsathy.ac.in','$2b$10$KLg/w07QPrbX.Xg51xc1uek5pE1oryNC0hO0FCvpBG7QBfdudjWd.','student'),(724,'RAMESH R','ramesh.ec23@bitsathy.ac.in','$2b$10$KLg/w07QPrbX.Xg51xc1uek5pE1oryNC0hO0FCvpBG7QBfdudjWd.','student'),(725,'SANJEEV S','sanjeev.ec23@bitsathy.ac.in','$2b$10$KLg/w07QPrbX.Xg51xc1uek5pE1oryNC0hO0FCvpBG7QBfdudjWd.','student'),(726,'YASWANTH D','yaswanth.ec23@bitsathy.ac.in','$2b$10$KLg/w07QPrbX.Xg51xc1uek5pE1oryNC0hO0FCvpBG7QBfdudjWd.','student'),(727,'Mr. ARUN KUMAR R','arunkumarr@bitsathy.ac.in','$2b$10$gqOSEMG4GqKCRmgXIwEohOh2X4f9IxGJsr8SOtQ4sG9JW1Egf3BPy','faculty'),(728,'Ms. NALIFABEGAM J','nalifabegamj@bitsathy.ac.in','$2b$10$gqOSEMG4GqKCRmgXIwEohOh2X4f9IxGJsr8SOtQ4sG9JW1Egf3BPy','faculty'),(729,'Dr. LEEBAN MOSES M','leebanmosesm@bitsathy.ac.in','$2b$10$gqOSEMG4GqKCRmgXIwEohOh2X4f9IxGJsr8SOtQ4sG9JW1Egf3BPy','faculty'),(730,'Mr. ARULMURUGAN L','arulmuruganl@bitsathy.ac.in','$2b$10$gqOSEMG4GqKCRmgXIwEohOh2X4f9IxGJsr8SOtQ4sG9JW1Egf3BPy','faculty'),(731,'Ms. RAGAVI M','ragavim@bitsathy.ac.in','$2b$10$gqOSEMG4GqKCRmgXIwEohOh2X4f9IxGJsr8SOtQ4sG9JW1Egf3BPy','faculty');
/*!40000 ALTER TABLE `users` ENABLE KEYS */;
UNLOCK TABLES;
/*!40103 SET TIME_ZONE=@OLD_TIME_ZONE */;

/*!40101 SET SQL_MODE=@OLD_SQL_MODE */;
/*!40014 SET FOREIGN_KEY_CHECKS=@OLD_FOREIGN_KEY_CHECKS */;
/*!40014 SET UNIQUE_CHECKS=@OLD_UNIQUE_CHECKS */;
/*!40101 SET CHARACTER_SET_CLIENT=@OLD_CHARACTER_SET_CLIENT */;
/*!40101 SET CHARACTER_SET_RESULTS=@OLD_CHARACTER_SET_RESULTS */;
/*!40101 SET COLLATION_CONNECTION=@OLD_COLLATION_CONNECTION */;
/*!40111 SET SQL_NOTES=@OLD_SQL_NOTES */;

-- Dump completed on 2026-04-11 11:38:54
